Borg_ar_201,Camb_Add_2886,Cambrigde_Add_3497,GCAA_00486,Mingana_ar_christ_93_84,Mingana_syr_133,Ms_orient_A_2652,Or_1292b,Paris_Arabe_3637,Vat_ar_2054
omisit,ياولدينادانعملة,,,كلمافعلته,,,,بحكمة,omisit
,,يا,يا,,يا,يا,يا,(يا,
,,بنى,بني,,ابني,بنيّ,بني,بني),
,,عملت,عملت,,عملت,عملت,عملت,عملت,
,معك,معك,معك,معك,معك,معك,معك,معك,
,كل,كل,كل,منالاحسانوالجميل,كل,كل,كل,كل,
,خيرًا,خير,خير,,خير,خير,خير,خير,
,واحسانوانت,واحسانوانت,واحسانوانت,,واحسانوانت,واحسان_وانت,واحسانوانت,واحسانوانت,
,باديتني,باديتنى,باديتني,باديتني,باديتني,باديتني,باديتني,باديتني,
,,,,,عوضه,,,,
,,,,بالقتل,بالقتل_,,,,
,عوضه,عوضه,عوضه,عوضه,,عوضه,عوضه,عوضه,
,بالقبيح,بالقبيح,بالقبيح,يابنيقد,يابنيقد,بالقبيح,بالقبيح,بالقبيح,
,والردي,والردا,والردا,,,والردا,والردا,والردا,
,والقتليا,والقتليا,والقتليا,,,والقتل_يا,والقتليا,والقتل(يا,
,بني,بنى,بني,,,بنيّ,بني,بني),
,قيل,قيل,قيل,قيل,قيل,قيل,قيل,قيل,
,بالامثال,بالامثال,في,فى,في,بالامتال,بالامثال,بالامثال,
,,,الامتال,الامثال,الامثال,,,,
,من,من,من,من,من,من,من,من,
,لا,لا,لم,لم,لم,لا,لا,لا,
,يسمعمن,يسمعمن,يسمعمن,يسمعمن,يسمعمن,يسمعمن,يسمعمن,يسمعمن,
,اذنيه,ادنيه,ادانيه,اذنيه,اذنيه,اذنيه_,ادنيه,اذنيه,
,من,من,من,من,من,من,من,من,
,ققا,قفا,قفا,قفا,قفا,قفا,قفا,قفا,
,رقبته,رقبته,رقبته,رقبته,رقبته,رقبته,رقبته,رقبته,
,يسمعوه,يسمعوه,يسمعوه,,يسمعوه,يسمّعوه_,يسمعوه_,يسمعوه_,
,يسمع,,,يسمع,,,,,
,ق_رميهفيرجليه,,,,,,,,
,فقال,فقال,فقال,فقال,فقال,فقال,فقال,فقال,
,,له,له,له,له,له,,له,
,نادان,نادان,نادان,نادان,نادان,نادان,نادان,نادان,
,,يا,يا,يا,يا,يا,يا,يا,
,,خالىلاىسبب,خالي,خالهِعليايشي,خالي,خالي,خالي,خالي,
,لايسبب,,لايسبب,,لايسبب,لايسبب,لايسبب,لايسبب,
,انتغضبان,انتغضبان,انتغضبان,انتغضبان,انتغضبان,انتغضبان,انتغضبان,انتغضبان,
,عليّ,علىّ,علي,علىّ,عليّ,عليّ_,عليّ,عليّ_,
,فقال,قال,قال,فقال,فقال,قال,قال,قال,
,له,له,له,له,,له,له,له,
,حيقار,حيقار,حيقار,حيقار,حيقار,حيقار,حيقار,حيقار,
,,,,,,_,,,
,لاجل,لاجل,لاجل,لاجل,لاجل,لاجل,لاجل,,
,اني,انى,اني,الذيقويتكوعلمتكوحكمتك,انَّيوقّرتكوكرَّمتك,اني,اني,اني,
,ربيتكوعلمتكووقرتك,وقرتك,وقرتك,,,وقرّتك,وقرتك,وقرتك,
,واكرمتك,واكرمتك,وكرمتكوعضمتك,,,واكرمتك,واكرمتك,واكرمتك,
,وعظمتك,وعظمتك,,,وعظمتك,وعظّمتكوربّيتك,وعظمتك,وعظمتك,
,وربيتك,وربيتك,وربيتك,وربيتك,وربيتك,,وربيتك,وربيتك,
,باحسنالتربيهواجلستكموضعيحتىانك,احسن,احسن,اجمل,احسن,احسن,احسن,احسن,
,,تربيه,تربيه,تربيه,تربيه,تربيه_,تربيه,تربيه,
,,وعلمتك,وعلمتك,,وعلمتك,وعلّمتك,وعلمتك,وعلمتك,
,,حتى,حتي,حتى,حتى,حتى,حتي,حتي,
,تكون,تكون,تكون,تكون,تكون,تكون,تكون,تكون,
,وريثي,وريتى,وريتي,وريتهِوجالسمكاني,وريثي,وريثي,وريتي,وريتي,
,في,في,في,,في,في,في,في,
,العالم,العلم,العلم,,العلم,العالم,العلم,العلم,
,,والحكمه,والحكمه,,والحكمه,والحكمه,والحكمة,والحكمة,
,,والمال,والمال,,والادب,والمال_,والمال,والمال_,
,فباديتني,فباديتنى,فباديتني,فباديتني,فباديتني,فباديتني,فباديتني,فباديتني,
,فيالقتل,بالقتل,بالقتل,بالقتل,بالقتل,بالقتل,بالقتل,بالقتل,
,وردت,ورمت,ورمت,والشتيموالسبورميتنيللهلاكبالسيف,وردت,ورمت,ورمت,ورمت,
,هلاكي,هلاكى,هلاكي,,هلاكى,هلاكي_,هلاكي_,هلاكي_,
,ولكن,لكن,لكن,لكنالربنجاني,لكنالربنجاني,لكن,لكن,لكن,
,الربعلم,الربعلم,الربعلم,وخلصني,وخلَّصني,الربعلم,الربعلم,الربعلم,
,,اننى,,وعلم,وعلم,,انني,انني,
,اني,,اني,اني,اني,اني,,,
,مظلوم,مظلوم,مضلوم,مظلوم,مظلوم,مظلوم,مظلوم,مظلوم,
,فخلصني,فخلصنى,فخلصني,,,فخلّصنيمنشرّك_,فخلصني,فخلصني,
,منشرك,منشرك,منشرك,,,,منشرك_,منشرك,
,الذينصبتهلي,,,,,,,,
,لانالربيجبر,لانالربيجبر,لانالربيجبر,لانالربيجبر,لانالربيجبر,لانالربيجبر,لانالربيجبر,لانالربيجبر,
,خواطر,قلوب,خاطر,قلوب,خواطر,قلوب,قلوب,قلوب,
,المنكسره,المنكسره,المنكسره,المنكسرا,المنكسرين,المنكسره_,المنكسره,المنكسره,
,ويردع,ويدل,ويردل,ويرذل,ويرذل,ويرذل,ويدل,ويذل,
,,,,المتجبرن,,,,,
,,,الحسودين,,,,,,
,,,المتجبرين,,المتجبرين,,,,
,الحسودين,الحسودين,,الحسودين,الحسودين,الحسودين,الحسودين,الحسودين,
,,,ياولدي,,,,,,
,والمستكبرين,المتكبرين,,يابني,ياولديصرتليمثل,المتكبرين_,المتكبرين,المتكبرين,
,يا,يا,,,,يا,يا,(يا,
,ولدي,بنى,,,,بنيّ,بني,بني),
,انت,,صرت,,,صرت,انت,,
,صرتلي,صرت,ليمتل,صرتلي,,,صرت,صرت,
,مثل,مثل,,مثلالعقرب,,مثل,مثل,مثل,
,,,عقرب,,عقرب,,,,
,عقرب,عقرب,,,,عقرب,عقرب,عقرب,
,,,الديادا,,الذى,,,,
,الذي,,,الذي,,الذي,,,
,,,ضرب,,اذا,,,,
,اذا,اذا,,,,اذا,اذا,اذا,
,,,زنافتهفيالصفايتقبهايابنيصرتليمتلي,زنابتة,ضرب,,,,
,ضرب,,,,,,,,
,,ضربت,,,زنابتهفيالصخرهيثقبهاياابنيقدصرتمثلعنزةالتى,ضربت,ضربت,ضربت,
,,,العنزه,,,,,,
,,زنابتها,الدي,,,زنّابتهافى,زننافتها,زُنابتها,
,,في,,في,,,في,في,
,النحاس,النحاس,,الصخرافيثقبهاويبخشهايابني,,النحاس,النحاس,النحاس,
,يثقبهياولديانتمثل,ثقبتهيا,,,,ثقبته_يا,تقبتهيابنيانت,تقبته(يابني)انت,
,العنزه,,,,,,,,
,,بنىصرتلىّ,,صرتلي,,بنيّانتصرتليمثلالحجالة,صرتلي,صرتلي,
,الذي,مثل,,مثل,,,مثل,مثل,
,,,,,,المربوطه,,,
,اكلت,السجالمة,اكلت,,اكلت,فى,السجالمة,السجالمة,
,,المربوطه,,,,,المربوطه,المربوطه,
,عروق,,عرق,عرق,عرق,,,,
,الفوه,,الفوّه,الفوه,الفوَّه,,,,
,,,,التياكلتهاالعنزي,,,,,
,فقالتلها,,فقالتلها,فقالتلها,فقالتلها,,,,
,,,الفوه,لابدليدبغ,الفوه,,,,
,اليومكلي,,اليومكلي,,اليومكلي,,,,
,مني,,مني,,منىواتنعمي,,,,
,واشبعي,,واتنعمي,,,,,,
,وغدا,,وغدا,,وغدا,,,,
,يدبغون,,يدبغون,,يدبجونجلدكي,,,,
,جلدك,,جلدكي,جلدك,,,,,
,في,,في,في,في,,,,
,عروقي_,,عروقي,عرقٍيابني,عروقي,,,,
,ياولدي,,ياولدي,,يابنيصرتليمثي,,,,
,انتصرتليمثلانساننظررفيقهعريان_وكانزمانشتاوبرد_فاخدماباردوسَكَبَعليه_ياولديانت,,صرتليمتل,,,,,,
,صرتليمثل,,,صرتليمثل,,,,,
,انسان_,,انسان,انسان,انسان,,,,
,اخد,,اخد,اخد,اخذ,,,,
,حجرًا,,حجرًا,حجروارماهانحو,حجرًا,,,,
,ورماها,,ورماها,,ورماه,,,,
,الى,,الي,,الى,,,,
,السما_ليرجم,,السماليرجم,السماليرجم,السماليرجم,,,,
,,,,,ربه,,,,
,بها,,بها,,بها,,,,
,ربه_,,ربه,ربه,,,,,
,فلا,,فلا,فلا,فلا,,,,
,,,صابة,,وصل,,,,
,صابت,,,وصلت,,,,,
,الحجرولا,,الحجرولا,الحجرولا,الحجرولا,,,,
,وصلت,,وصلت,,صابت,,,,
,,,,اصاب,,,,,
,الى,,الي,شي,شي,,,,
,العلو_,,العلو,بلاخدالسخطوالخطا,,,,,
,بلاكتسب,,بلاكتسب,,بلاكتسب,,,,
,,,,يابنيصرتلي,,,,,
,الاثم,,الاتم,مثلانساننظررفيقهعريانفييوم,الاثم,,,,
,والخطيه_,,والخطيه,,والخطيَّهيابنيصرتليمثلانساننظررفيقهعريانوكانزمانالشتافاخذماء,,,,
,,,,برد,,,,,
,,,يابنيصرتلي,,,,,,
,ياولديانت,,,وتلجفاخدماباردوسكبه,,,,,
,,,متلانساننضررفيقهعريانوكانزمان,,,,,,
,,,برد,,,,,,
,,,وشتافاخدما,,,,,,
,,,باردوسكب,,باردوسكب,,,,
,,,عليهيا,عليهيا,عليهيا,,,,
,,,ولدي,بني,بني,,,,
,لووقرتني,,لووقرتني,لووقرتني,لووقرتني,,,,
,واكرمتني,,وكرمتني,,وكرمتني,,,,
,وسمعتكلامي,,وسمعتكلامي,,وسمعتكلامي,,,,
,كنت,,كنت,كنت,كنت,,,,
,ورثتني,,ورتتني,ورثني,ورثتني,,,,
,وملكت,,وملكت,,وملكت,,,,
,مالي_,,مكاني,,مكاني_,,,,
,يابني,,يابني,,,,,,
,اعلم,,اعلم,اعلم,اعلم,,,,
,انه,,انه,ياولدي,ان,,,,
,لوطال,,لوطال,لوطال,لوطال,,,,
,ذَنَبالكلبوالخنزير,,دنب,دنب,ذنب,,,,
,,,الخنزير,الخنزير,الخنزير,,,,
,عشرة,,عشرتادرع,عشر,عشرة,,,,
,اذرع,,,أذرع,أذرع,,,,
,لم,,لم,ما,لم,,,,
,يقدم,,يقوم,يقوم,يقوم,,,,
,مقامالفرسولوكان,,مقامالفرسولوكان,مقامالفرسولوكان,مقامالفرسولوكان,,,,
,مثل,,شعره,شعر,شعره,,,,
,,,الين,الين,الين,,,,
,,,,من,من,,,,
,الحرير_,,,الحرير,الحرير,,,,
,ياولديانا,,,وانعممنالكتانيابني,وانعممنالكتانيابني,,,,
,كنت,,,كنت,كنت,,,,
,اظنانك,,,اضمربانك,اظنانك,,,,
,تصير,,,تصير,تصير,,,,
,وريثي,,,وريتهِ,وارثي,,,,
,عندمماتي_,,,عندمماتي,عندمماتي,,,,
,وانت,,,فغرت,فانت,,,,
,منحسدك,,,منحسدك,منحسدك,,,,
,وشقاوتكاردت,,,وردت,وشقاوتكاردت,,,,
,تقتلنيولكنالرب,,,قتلي,قتلي,,,,
,,,,عاجلاوالرب,لكنالربنجانيياولديانتصرتليمثل,,,,
,نجانيمن,,,نجانيمن,,,,,
,مكرك_ياولديانت,,,شركياولدي,,,,,
,صرتلي,,,صرتلي,,,,,
,اسدصاحب,,,مثل,اسدصاحب,,,,
,,,,,حمارفبداالحماريخدم,,,,
,,,,الاسد,الاسد,,,,
,,,,الذيصاحبه,مدةمنالزمانالىان,,,,
,حمار,,,حمار,,,,,
,فبقا,,,فلما,,,,,
,,,,سمن,سمن,,,,
,الحمار,,,الحمار,الحمار,,,,
,يقدم,,,وثب,فوثب,,,,
,,,,عليه,عليه,,,,
,الاسد,,,وافترسهيابنيصرتمثلالفخالمطمورفيالارضفاتيعصفوروسلمعليهفردعليهالسلاموقاللهكلممارزقكاللهبماعنديمنهذهالحنطهفلمابدايلقطمنالقمحقلبعليهالفخومسكهفقاللهالعصفورانكانهذهصدقتكاللهلايقبلهامنك,الاسد,,,,
,مدهزمانفوثبالاسدعلىالحمارذاتيوم,,,,,,,,
,واكله,,,,واكله,,,,
,_,,,,يابنيانتصرتمثل,,,,
,ياولدي,,,ياولدي,,,,,
,انت,,,,,,,,
,صرتليمثل,,,صرتليمثل,,,,,
,قملة,,,قملهتبدافي,قملة,,,,
,الحنطه,,,الحنطه,الحنطه,,,,
,لانها,,,وتفسدها,فانها,,,,
,لاتصلح,,,لاتصلح,لاتصلح,,,,
,لشيبلتفسدالحنطه_,,,ياولديصرتلي,لشيبلتفسدالحنطه,,,,
,وتنخرها_ياولديانتصرت,,,,وتخبّلهاياولدىانتصرتمثل,,,,
,مثل,,,مثل,,,,,
,انسان,,,انسان,انسان,,,,
,زرع,,,عشر,يزرع,,,,
,عشرة,,,,عشرة,,,,
,اكيالحنطهفلما,,,اكيالحنطهفلما,اكيالحنطهفلما,,,,
,صارالحصادفقام,,,تعبعليهاوحصدها,صارت,,,,
,حصدها,,,,حصدها,,,,
,ورجدها,,,,ودقها,,,,
,ودرسها,,,ودرسها,ودرسها,,,,
,وتعبعليها,,,ودراهاطلعتتمانيت,وتعبعليها,,,,
,غايت,,,,غاية,,,,
,التعب,,,,التعب,,,,
,فصارت,,,,فطلعت,,,,
,عشرةاكيال,,,,عشرةاكيال,,,,
,,,,,ايضًا,,,,
,فقال,,,فقال,فقال,,,,
,لها,,,ياليت,لها,,,,
,صاحبهاياريتك,,,,ياليتىلانبتتى,,,,
,لا,,,لا,,,,,
,تنبتيولاضرتي_ياولديانت,,,نبتي,,,,,
,,,,ولا,ولا,,,,
,,,,صرتهِيابني,صرتييابنيانتصرتليمثل,,,,
,صرتليمثل,,,صرتليمثل,,,,,
,الحجله,,,,الحجله,,,,
,المرميه,,,,المربوطه,,,,
,في,في,,,في,,في,في,
,الشبكه,الشبكه,,,شبكه,الشبكه_,الشبكة,الشبكه,
,فلاتقدر,فلاتقدر,,,فلاتقدر,فلاتقدر,فلاتقدر,فلاتقدر,
,تخلص,تخلص,,,تخلّص,تخلّص,تخلص,تخلص,
,نفسها,روحهاونفسها,,,نفسها,روحهاونفسها_,روحهاونفسها,روحهاونفسها,
,بل,بل,,,بل,بل,بل,بل,
,تدعي,تدعى,,,تدعي,تدعي,تدعي,تدعي,
,الحجل,الحجل,,الحجل,الحجل,الحجل,الحجل,الحجل,
,لترميهممعها,لترميهممعها,,المربوطفيشبكتالصيادفيرمهرفاقه,اليها,لترميهممعها_,لترميهممعها,لترميهممعها,
,في,,,في,,,,,
,الشبكه,,,الهوانومايقدرينجينفسه,,,,,
,يا,يا,,يا,يا,يا,يا,(يا,
,بنيانت,بنىانتصرتلىّ,,ولدي,ولدي,بنيّ,بنيانت,بني)انت,
,صرتليمثل,,,صرتليمثل,انتصرت,انتصرت,صرتليمثل,صرتليمثل,
,,مثل,,,مثل,مثل,,,
,الكلب,الكلب,,الكلب,الكلب,الكلب,الكلب,الكلب,
,الذي,الذى,,الذي,الذى,الذى,الذي,الذي,
,بردفدخل,بردفدخل,,بردفدخل,بردفدخل,بردفدخل,بردفدخل,برد_فدخل,
,الى,الى,,الى,الى,الى,الي,الي,
,بيت,بيت,,بيت,بيت,بيت,بيت,بيت,
,الفاخرليدفى,الفخار,,الفخار,الفخار,الفخّار,الفخار,الفخار,
,,ليدفا,,ليدفا,ليدفا,ليدفا_,ليدفا_,ليدفا_,
,فلما,فلما,فلما,فلما,فلما,فلما,فلما,فلما,
,دفى,دفى,دفي,سخنت,دفى,دفى,دفي,دفي,
,بداينبحعليهم,بداينبحعليهم,بداينبحعليهم,بداينبحعليهم,بداينبحعليهم,بداينبحعليهم_,بداينبحعليهم,بداينبحعليهم,
,فطردوه,فضربوهوطردوه,فطردوه,فطردوه,فضربوهوطردوه,فطردوه,فضربوهوطردوه,فضربوهوطردوه,
,وضربوه,,وضربوه,وشحتوه,,وضربوه,,,
,ليلا,ليلا,ليلا,ليلا,ليلا,ليلا,ليلا,ليلا,
,يعضهم_,يعضهم,يعضهم,يعضهم,يعضهم,يعضّهم_,يعضهم,يعضهم,
,يا,يا,يا,يا,يا,يا,يا,(يا,
,بني,بنىانتصرتلىّمثل,بني,بني,بني,بنيّ,بني,بني),
,انت,,انت,,انت,انت,انت,انت,
,صرت,,صرت,صرت,صرت,صرت,صرت,صرت,
,ليمثل,,متل,ليمثل,مثل,مثل,ليمثل,ليمثل,
,الخنزير,الخنزير,الخنزير,الخنزير,,الخنزير,الخنزير,الخنزير,
,الذي,الذى,الدي,الذي,الذي,الذى,الذي,الذي,
,دخل,دخل,دخل,دخل,دخل,دخل,دخل,دخل,
,,,,,,,الي,الي,
,,,,معالاكابر,,,,,
,الى,الى,,الى,الى,الى,,,
,الحمام,الحمام,الحمام,الحمام,الحمام,الحمام,الحمام,الحمام,
,معالاكابر,معالاكابر,معالاكابر,,معالاكابر,معالاكابر_,معالاكابر_,معالاكابر_,
,فلماخرج,فلماخرج,فلماخرج,فلماخرج,فلماخرج,فلماخرج,فلماخرج,فلماخرج,
,منالحمام,,نضرجورت,خارج,,,,,
,نظر,نظر,,نظر,نظر,نظر,نظر,نظر,
,جورة,جورة,,الىجوره,جورة,جورة,جورة,جورة,
,سيان,سيان,سيان,,سيان,سيان,سيان,سيان,
,,,نتنهفنزل,,نتنهفنزل,نتنهفنزل,,,
,,,تمرغ,,تمرّغ,تمرّغ,,,
,,,فيها,فيها,فيها,فيها_,,,
,,,يا,حماه,يا,يا,,,
,,منتنه,ولدي,منتنه,ولدي,بنيّ,منتنه,منتنه,
,فنزل,نزل,,فنزل,,,نزل,نزل,
,,,انتصرت,,انتصرت,,,,
,تمرمغ,تمرغ,متل,تمرغ,,,تمرمغ,تمرغ,
,فيها,فيها,,فيها,,,فيها,فيها,
,يابنيانت,يا,,وكلشييرجعالىاصلهيابني,,,يا,(يا,
,,بنى,,,,,بني,بني),
,صرتلي,,,صرتليمثل,,,,,
,,انتصرت,,,,,,,
,,,,القطهالتىقالوالهابطلهالسرقاحتىنعمللكمرودذهبفيادنيكوطوقواساوروخلاخيلفقالتاناصنعتابيمااتركهايابني,,انتصرتمثل,انتصرتمثل,انتصرتمثل,
,مثل,مثل,,,مثل,,,,
,التيس,التيس,التيس,,التيس,التيس,التيس,التيس,
,الذي,الذى,الدي,,الذي,الذي,الذي,الذي,
,يدخل,يدخل,يدخل,,يدخل,يدخل,يدخل,يدخل,
,,ويدخّل,,,,ويدخّل,ويدخّل,ويدّخل,
,ارفاقه,ارفاقه,ارفاقه,,ارفاقه,ارفاقه,ارفاقه,ارفاقه,
,للدبح,للدبح,للدبح,,للدبح,الىالذبح_,للدبح,للدبح,
,ولايقدر,ولايقدر,ولايقدر,,ولايقدر,ولايقدر,ولايقدر,ولايقدر,
,يخلص,يخلص,يخلص,,يخلص,يخلّص,يخلص,يخلص,
,نفسه_يا,روحه,نفسهيا,,روحه,روحه,روحه,روحه,
,ولدي,ونفسهيا,,,يا,ونفسه_يا,ونفسهيا,ونفسه(يا,
,,بنى,بني,,بني,بنيّ,بني,بني),
,الكلب,,الكلب,,الكلب,,,,
,الذي,,الدي,,الذي,,,,
,لميقتاتمنصيدهيصيرماكلًا,,لميقتاتمنصيدهيصيرماكلًا,,لميقتاتمنصيدهيصيرماكلًا,,,,
,للدبيبيابنييدالذي,,للكلاب,,للكلاب,,,,
,,,ارفاقه,,,,,,
,لم,,,,,,,,
,,,ياولدي,,ياولدي,,,,
,,يدًا,يدًا,,يدًا,يدًا,يدًا,يدًا,
,,,,,,لم,,,
,,لا,لم,,لم,,لا,لا,
,تتعب,تتعب,تتعب,,تفلحوتتعب,تتعب,تتعب,تتعب,
,وتفلحوتكون,وتفلحوتكون,وتتعلج,,,وتفلحوتكون,وتفلحوتكون,وتفلحوتكون,
,,,وتكون,,وتكون,,,,
,حريصه,حريصه,حريصه,,حريصه,حريصه,حريصه,حريصه,
,شاطره,وشاطره,شاطره,,شاطره,شاطره_,وشاطره,وشاطره,
,تقطعمناباطها_يا,تقطعمناباطهايا,تقطعمناباطهايا,,تقطعمناباطهايا,تقطعمناباطها_يا,تقطعمناباطهايا,تقطعمناباطها(يا,
,ولدي,بنى,بني,,بني,بنيّ,بني,بني),
,انت,انت,انت,,انت,انت,انت,انت,
,صرت,صرت,صرت,صرت,صرت,صرت,صرت,صرت,
,لي,,لي,لي,لي,,,,
,مثل,مثل,متلالشجرتالدي,مثل,مثلشجرة,مثل,مثل,مثل,
,شجره,الشجرة,,الشجراالتىارادو,,الشجرة,الشجره,الشجرة,
,الذي,الذى,,,التي,الذي,التي,التي,
,قطعوا,قطعوهاوفروعها,قطعوا,,قصدوا,قطعوهاوفروعها,قطعوهاوفروعها,قطعوهاوفروعها,
,فرعوها,معها,فروعها,قطعها,قطعها,معهم_,معها,معها_,
,فقالت,فقالت,فقالت,فقالت,فقالت,فقالت,فقالت,فقالت,
,لهم,,لهم,لهم,لهم,لهم,,,
,لو,,,,اه,,,,
,,لولا,لولا,لولا,لولا,لولا,لولا,لولا,
,ما,ما,ما,,ما,ما,ما,ما,
,فييدكم,فييدكم,فييدكم,فييدكم,فييدكم,فييدكم,فييدكم,فييدكم,
,مني,منى,مني,مني,مني,مني,مني,مني,
,لما,لما,لما,ما,لما,لما,لما,لما,
,قدرتم,قدرتم,قدرتم,قدرتم,قدرتم,قدرتم,قدرتم,قدرتم,
,على,على,علي,على,على,على,علي,علي,
,قطعييا,قطعىيابنى,قطعييا,قطعييا,قطعييا,قطعي_يا,قطعييا,قطعي(يا,
,ولدي,,بني,ولدي,ولدي,بنيّ,بني,بني),
,انتمثل,انت,انت,يدلمتفلحوتعملوتحرصوالاتقطعمناباطهايابني,انتمثل,انت,انت,انت,
,,صرتمثل,متل,,,صرتمثل,صرتمثل,صرتمثل,
,القطه,السنوره,القطه,,السنوره,السنوره,السنوره,السنوره,
,الذي,التىقالوالها,الدي,,الذي,التىقالوالها_,التي,التي,
,قالوالهابطلي,بطلى,قالوالهابطلي,,قالوالهابطلي,بطّلي,قالوالهابطلي,قالوالهابطلي,
,السرقه,السرقه,السرقه,,السرقه,السرقه,السرقه,السرقه,
,حتى,حت,,,حتى,حتى,حتي,حتي,
,نصنع,نصنع,,,نصنع,نصنع,نصنع,نصنع,
,لكيقلاده,لك,,,لكىحلقوقلايد,لك,لكِ,لكِ,
,,قلايد,,,,قلايد,قلايد,قلايد,
,من,من,,,من,من,من,من,
,دهب,ذهب,,,دهب,ذهب_,ذهب,ذهب,
,ونطعمك,ونطعمكى,ونطعمك,,ونطعمكي,ونطعمكي,ونطعمك,ونطعمكِ,
,سكرولوز_,سكرولوز,سكرولوز,,سكرولوز,سكرولوز_,سكرولوز,سكرولوز_,
,فقالت,فقالت,ونسقيكيفقالتاناصنعتاميوابي,,فقالت,فقالت,فقالت,فقالت,
,,لهم,,,,لهم,لهم,لهم,
,انا,انا,,,انا,انا,انا,انا,
,صنعة,صنعت,,,صنعتابيواجدادي,صنعة,صنعت,صنعت,
,ابيوامي,ابىوامى,مااتركها,,مااتركها,ابيوامي,ابيوامي,ابيوامي,
,ما,لست,,,ابدًا,ليس,لست,لست,
,بنساها_,بنساها,,,,بنساها_,بنساها,انساها,
,يا,يا,يا,,يا,يا,يا,(يا,
,ولدي,بنى,بني,,بني,بنيّ,بني,بني),
,انتصرت,انتصرت,انتصرت,,انتصرت,انتصرت,انتصرت,انتصرت,
,مثل,مثل,متلتعبان,,مثل,مثل,مثل,مثل,
,الثعبان,تعبانًا,,,ثعبان,ثعبانًا,ثعبان,ثعبانًا,
,راكب,راكبًا,راكب,,راكب,راكبا,راكبًا,راكبًا,
,على,على,علي,,على,على,علي,علي,
,عوسجه,عوسجه,عوسجه,,عوسج,عوسجه_,عوسجة,عوسجة,
,وهو,وهم,وهو,,وهو,وهم,وهم,وهم,
,في,فى,في,,فى,في,في,في,
,وسطالنهر,وسطالنهر,وسطالنهر,,وسطالنهر,وسطالنهر_,وسطالنهر,وسطالنهر_,
,نظرهم,فنظرهم,فنضرهم,,فنظرالديب,فنظرهم,فنظرهم,فنظرهم,
,ديب,ديب,ديب,,,ديب,ديب,ديب,
,وقال,وقال,فقال,,فقال,وقال,وقال,وقال,
,شر,شر,شر,,شر,شرًّ,شر,شر,
,على,على,علي,,على,على,علي,علي,
,شر,شر,شر,,شر,شرّ,شر,شر,
,والذي,والذى,والدي,,والذى,والذي,والذي,والذي,
,اشر,اشر,اشر,,اشر,اشرّ,اشر,اشر,
,منهم,منهم,منهم,,منهم,منهم,منهم,منهم,
,يدبرهم,يدبرهم,يدبر,,يدبّر,يدبّرهم,يدبرهم,يدبرهم,
,اثنينهم,اتنينهم,اتنينهم,,اثنينهم,اثنينهم,اتنينهم,اتنينهم,
,_يا,يا,ياولديانا,,ياولديانا,_يا,يا,(يا,
,ولديانا,بنى,ماكولان,,,بنيّ,بني,بني),
,,انا,,,,انا,انا,انا,
,,,جيد,,,,,,
,اطعمتك,,,,,,,,
,ماكولًا,ماكولًا,اطعمك,ماكولًا,ماكولًا,ماكولًا,ماكولًا,ماكولًا,
,,جيد,,,,جيد,,,
,جيدًا_,,,لديدا,جيّد,,جيدًا,جيدًا,
,,اطعمتك,,اطعمتك,اطعمتك,اطعمتك_,اطعمتك,اطعمتك,
,وانتخبزحافما,وانتخبزحافما,وانتخبزحافما,وانتخبزحافما,وانتخبزحافما,وانتخبزحافما,وانتخبزحافما,وانتخبزحافما,
,اطعمتني_,اطعمتنى,اطعمتني,اطعمتني,اطعمتني_,اطعمتني_,اطعمتني,اطعمتني,
,ياولديانااسقيتك,انا,انا,انا,انا,انا,انا,(انا),
,,,,مشروبجيد,السكّر,,,,
,ما,,,ما,,,,,
,السكر,السكر,السكر,السكر,,السكر,السكر,السكر,
,والشراب,والشراب,والشراب,,والشراب,والشراب,والشراب,والشراب,
,الجيد,الجيد,الجيد,,الطيب,الجيد,الجيد,الجيد,
,,اسقيتك,اسقيتك,اسقيتك,اسقيتك,اسقيتك_,اسقيتك,اسقيتك,
,,وانت,الجيدوانتخبزحافمااطعمتني,,وانت,وانت,وانت,وانت,
,وانتما,ماء,وانتما,وانتما,ماء,مآ,ماء,ماء,
,من,من,من,مالح,من,من,من,,
,البير,البحر,البير,,الجب,البحر,البحر,,
,ما,ما,ما,,ما,ما,ما,ما,
,اسقيتني,اسقيتنى,اسقيتني,اسقيتني,اسقيتني_,اسقيتني_,اسقيتني,اسقيتني,
,يا,,,انارفعتكونصبتكوعليتكوفيمجلسالملكاجلستك,,,,(يا,
,ولدي,,,,,,,بني),
,انا,انا,انا,,انا,انا,انا,انا,
,علمتكوربيتك,علمتكوربيتك,علمتكوربيتك,,علمتكوربيتك,علّمتكوربّيتك,علمتكوربيتك,علمتكوربيتك,
,_,,واجبتكللوجود,,وجبتكالوجود,,,,
,وانت,,وانت,وانت,وانت,,,,
,حفرتليمطمورهواخفيتني,,حفرتليمطمورهواخفيتني,احنيتنيوكببتنيوتحتالارضطمرتنه,حفرتليمطمورهواخفيتني,,,,
,ياولديربيتك,,اناربيتك,اناربيتك,اناربيتك,,,,
,احسن,احسن,احسن,وعلمتكومثل,احسن,احسن,احسن,احسن,
,التربية,تربيه,تربيه,,تربيه,تربيه_,تربيه,تربيه,
,وانشيتك,وانشيتك,وانشيتك,,وانشيتك,وانشيتك,وانشيتك,وانشيتك,
,مثل,مثل,متل,,مثل,مثل,مثل,مثل,
,الارز,الأرز,الارز,الارز,ارز,الارز,الارز,الارز,
,الطايل,الطويل,الطايل,الطايل,الطايل,الطويل_,الطويل,الطويل_,
,وانت,,,انشيتك,وانت,,,,
,احدبتني,وانت,وانت,وانت,اعكفتنيواحدبتنيمنكثره,وانت,وانت,وانت,
,,جدبتنى,جدبتني,عكفتنيوحدبتنيوفيالمطمورااخفيتني,,جدبتني,جدبتني,جدبتني,
,,,,,شرورك,,,,
,واعكفتني,واعكفتنى,واعكفتني,,,واعكفتنى,واعكفتني,واعكفتني,
,ياولدي,من,من,ياولدي,,من,من,من,
,,,شرورك,,,,,,
,,اساياك,,,,اساياك_,اساياك,اساياك,
,,,واساياك,,,,,,
,,يا,يا,,يا,يا,يا,(يا,
,,بنى,بني,,بني,بنيّ,بني,بني),
,انا,انا,انا,,انا,انا,انا,انا,
,كان,كان,كان,كان,كنتاظن,كان,كان,كان,
,املي,املى,املي,املهان,,املي,املي,املي,
,منك,,,,,,,,
,انك,انك,انك,,,انك,انك,انك,
,تبنيلي,تبنىلى,تبنيلي,تبنيلي,تبنيلي,تبنيلي,تبنيلي,تبنيلي,
,برجًا,برجًا,برجًا,برجًا,برج,برجًا,برجًا,برجًا,
,حصينًاحتىانستر,حصين,حصين,حصين,حصين,حصين,حصين,حصين,
,,لاستتر,لاستتر,لكياستقر,لاستتر,لاستتر,لاستتر,لاستتر,
,فيه,فيه,فيه,فيه,فيه,فيه,فيه,فيه,
,من,من,من,,من,من,من,من,
,اعداي,اعداى,اعداي,,اعداي,اعداي_,اعداي,اعداي_,
,وانت,وانت,وانت,فانت,فانت,وانت,وانت,وانت,
,صرت,صرت,صرت,,صرت,صرت,صرت,صرت,
,لي,لى,,,لي,لي,لي,لي,
,كالدافن,كالدافن,كالدافن,,كالدافن,كالدافن,كالدافن,كالدافن,
,في,في,في,في,وفي,فى,في,في,
,بطن,بطن,بطن,بطن,بطن,بطن,بطن,بطن,
,الارض,الأرض,الارض,الارض,الارض,الارض_,الارض,الارض,
,لكنالرب,ولكن,لكنالرب,دفنتني,طمرتني,لكنالرب,ولكن,ولكن,
,نجانيورحمنيمنمكرك_ياولدي,,,لكن,لكن,,,,
,,الرب,,الرب,الرب,,الرب,الرب,
,,رحمنىيابنى,رحمني,رحمني,رحمني,رحمني_,رحمني,رحمني,
,,,يا,وخلصنهمنشركك,,يا,,,
,,,ولدي,يا,يا,بنيّ,يا,(يا,
,,,,بني,ولدى,,بني,بني),
,انااردت,انااردت,اناردت,انااردت,اناردت,انااردت,انااردت,انااردت,
,لكالخيروانت,لكالخيروانت,لكالخيروانت,لكالخيروانت,لكالخيروانت,لكالخير_وانت,لكالخيروانت,لكالخيروانت,
,جازيتني,جازيتنى,جازيتني,جازيتني,جازيتني,جازيتني,جازيتني,جازيتني,
,شرًاوقبيح,شرًاوقبيح,شرًاوقبيح,بالقبيحوكلسو,شرًاوقبيح,شرًاوقبيح_,شرًاوقبيح,شرًاوقبيح,
,والان,والان,الان,الان,الان,والان,والان,(والان),
,اريد,اريد,اريد,اريد,اريد,اريد,اريد,اريد,
,اقلع,اقلع,اقلع,اقلع,اقلَّع,اقلع,اقلع,اقلع,
,عينيك,عينيك,عينيك,عينيك,عينيك,عينيك,عينيك,عينيك,
,واجعلكماكلًا,واجعلكماكلًا,واجعلكماكلًا,,واجعلكماكلًا,واجعلكماكلًا,واجعلكماكلًا,واجعلكماكلًا,
,للكلاب,للدياب,للدياب,,للدياب,للدياب_,للدود_,للدياب,
,واقطع,واقطع,واقطع,واقطع,واقطع,واقطع,واقطع,واقطع,
,لسانك_,لسانك,لسانك,لسانك,لسانك,لسانك_,لسانك,لسانك,
,وفي,وفى,وفي,واقطعبالسيف,وفي,وفي,وفي,وفي,
,حد,حد,حد,,,حدّ,حد,حد,
,السيف,السيف,السيف,,السيف,السيف,السيف,السيف,
,اخد,اخد,اخد,,اخذ,اخذ,اخد,اخد,
,راسك,راسك,راسك,راسك,راسك,راسك_,راسك,راسك,
,وجازيك,واجازيك,واجازيك,واجازيك,واجازيك,واجازيك,واجازيك,واجازيك,
,عوضافعالك,عوضافعالك,عوضافعالك,عوضافعالك,عوضافعالك,عوضافعالك,عوضافعالك,عوضافعالك,
,الشنيعه_,الشنيعه,الشنيعه,القبيحه,القبيحه,الشنيعه_,الشنيعه,الشنيعه,
,فلماسمع,,,السمجه,,,,,
,,,,مثلها,مثلها,,,,
,,فاجاب,فاجاب,فاجاب,فاجاب,فاجاب,فاجاب,(فاجاب),
,نادان,نادان,نادان,نادان,نادان,نادان,نادان,نادان,
,من,وقاللحيقار,وقاللحيقار,وقاللحيقار,وقاللحيقار,وقاللحيقار,وقاللحيقار,وقاللحيقار,
,خاله,خاله,,,,خاله,خاله,خاله,
,حيقارهذاالكلامفقال,,,,,,,,
,ياخالي,,,ياخالي,,,,,
,اصنع,اصنع,اصنع,اصنع,اصنع,اصنع,اصنع,اصنع,
,معي,معى,معي,معي,معي,معي,معي,معي,
,مثل,مثل,متل,مثل,مثل,مثل,مثل,مثل,
,معرفتك,معروفك,معرفتك,معروفك,معروفك,معروفك,معروفك,معروفك,
,واغفر,واغفر,واغفر,واغفر,واغفر,واغفر,واغفر,واغفر,
,لي,لىاثامى,لي,لي,لي,لي,لي,لي,
,اثامي,,اتامي,ذنبيوماصنعتمعكمنالاسافمتليمنيخطئ,اثامي,اثامي_,اتامي,اتامي,
,لان,لان,لان,,لان,لان,لان,لان,
,,,,ومتلك,,,,,
,مثلي,مثلى,متلي,,مثلي,مثلي,مثلي,مثلي,
,من,من,من,,من,من,من,من,
,يخطي,يخطى,يخطي,,يخطي,يخطي,يخطي,يخطي,
,,,ومتلك,,,,,,
,ومثلك,ومثلك,,,ومثلك,ومثلك,ومثلك,ومثلك,
,من,من,من,من,من,من,من,من,
,يعفي_اقبلني,يغفر,يعفياقبلني,يعفياقبلني,يعفياقبلني,يغفر_,يغفر,يغفر,
,ياخالي,واقبلنى,,,,واقبلني,واقبلني,واقبلني,
,الان,الان,الان,الان,الان,الان,الان,الان,
,,ان,,حتي,,ان,ان,,
,اخدم,اخدم,اخدم,اخدم,اخدم,اخدم,اخدم,اخدم,
,في,فى,في,,في,في,في,في,
,بيتك,بيتك,بيتك,بيتك,بيتك,بيتك,بيتك,بيتك,
,واسيس,واسوس,واسوس,,واسوس,واسوس,واسوس,واسوس,
,خيلك,خيلك,خيلك,,خيلك,خيلك_,خيلك,خيلك,
,وكنّس,واكنس,واكنس,,واكنس,واكنس,واكنس,واكنس,
,زبل,ذبلهم,زبل,,زبل,زبلهم_,زبلهم,زبلهم,
,دوابك,,دوابك,,بيتك,واربا,,,
,وارعا,وارعا,وارعا,,وارعا,,وارعا,وارعا,
,اغنامك,خنازيرك,خنازيرك,,خنازيرك,خنازيرك,خنازيرك,خنازيرك,
,,لانى,لاني,,لاني,_,لاني,لاني,
,لانني,,,,,لانني,,,
,اناالشريروانت,اناالشريروانت,اناالشريروانت,اناالشريروانت,اناالشريروانت,اناالشريروانت,اناالشريروانت,اناالشريروانت,
,الصالح,الصالح,الصالح,الصالح,الصالح,الصالح_,الصالح,الخيّر_,
,انا,انا,وانا,انا,وانا,انا,انا,وانا,
,المدنب,المدنب,المدنب,المذنب,المذنب,المذنب,المدنب,المذنب,
,وانت,وانت,وانت,وانت,وانت,وانت,وانت,وانت,
,المسامح_,المسامح,المسامح,المسامح,المسامح,المسامح_,المسامح,المسامح_,
,فقال,فقال,فقال,فقال,فقال,فقال,فقال,فقال,
,له,لهُ,له,له,له,له,لهُ,لهُ,
,حيقاريا,حيقاريا,حيقاريا,حيقاريا,حيقاريا,حيقاريا,حيقاريا,حيقار(يا,
,ولدي,بنى,ولدي,ولدي,بني,بنيّ,بني,بني),
,انت,انت,انت,انت,انت,انت,انت,انت,
,مثل,مثل,متل,تشبهالشجرا,مثل,مثل,مثل,مثل,
,الشجره,الشجرة,الشجرة,,الشجرة,الشجره,الشجره,الشجرة,
,الذي,التى,الدي,التي,التي,الذي,التي,التي,
,كانت,كانت,كانت,كانت,كانت,كانت,كانت,كانت,
,علىجانب,علىجانب,,مغروسه,,علىجانب,عليجانب,عليجانب,
,,المآء,بجانب,بجانب,بجانب,المآ,,,
,الما,,الما,الماولمتتمر,الماء,,الماء,الماء,
,عديمت,عديمت,عديمة,,عديمة,عديمة,عديمة,عديمة,
,التمر,التمر,التمر,,الثمر,الثمر_,التمر,التمر,
,فراد,فاراد,فارد,فاراد,فاراد,فاراد,فاراد,فاراد,
,صاحبها,صاحبها,صاحبها,صاحبها,صاحبها,صاحبها,صاحبها,صاحبها,
,ان,,,,,,,,
,يقطعهافقالت,يقطعهافقالت,يقطعهافقالت,يقطعهافقالت,يقطعهافقالت,يقطعها_فقالت,يقطعهافقالت,يقطعهافقالت,
,له,له,له,له,له,له,لهُ,لهُ,
,حولني,حولنى,حولني,حولني,حولني,حوّلني,حولني,حولني,
,الى,الى,الي,,الى,الى,الي,الي,
,مكان,موضع,مكان,مكان,مكان,مكان,موضع,موضع,
,اخر,اخر,اخر,اخر,اخر,اخر,اخر,اخر,
,,,,حتي,,_,,,
,فانلم,فانلم,فانلم,,فانلم,فانلم,فانلم,فانلم,
,اتمر,اتمر,اتمر,اثمر,اثمر,اثمر,اتمر,اتمر,
,الّا,فاقطعنىفقاللهاصاحبهاوانتى,,,,,فاقطعني_,فاقطعني_,
,اقطعني_,,اقطعني,,اقطعني,اقطعني_,,,
,فقاللها,,فقاللها,فقاللها,فقاللها,فقاللها,فقاللها,فقاللها,
,صاحبها,,صاحبها,,صاحبها,صاحبها,صاحبها,صاحبها,
,انت,,,,,_,وانتيعليجانبالماء,وانتيعليجانبالماء,
,,,انتي,انتي,انتي,انتي,,,
,علىجانب,علىجانب,علي,علي,على,علىجانب,,,
,الما,المآء,جانبالما,جانبالماطولعمرك,جانبالما,الما,,,
,لم,لم,ولم,ولم,ولم,لم,لم,لم,
,تثمري,تثمرى,تتمري,تثمري,تثمري,تثمري_,تتمري,تتمري,
,كيف,فكيف,فكيف,فكيف,فكيف,فكيف,فكيف,فكيف,
,تتمرى,تتمرى,تتمري,انحولتكعنالماتعطيتمر,تثمري,تثمري,تتمري,تتمري,
,وانت,وانت,,,,وانتي,وانتي,وانت,
,في,فى,في,,في,في,في,في,
,غيرمكان,غيرمكان,غيرمكان,,غيرمكان,غيرمكان_,غيرمكان,غيرمكان,
,يا,يا,يا,يا,يا,يا,يا,(يا,
,ولدي,بنى,بني,ولدي,ولدي,بنيّ,بني,بني),
,شيخوخةالنسر,شيخوخةالنسر,شيخوخةالنسر,شيخوخةالنسر,شيخوخةالنسر,شيخوخةالنسر,شيخوخةالنسر,شيخوخةالنسر,
,اخيرمن,اخيرمن,اخيرمن,افضلمن,اخيرمن,اخيرمن,اخيرمن,اخيرمن,
,شبوبية,شبوبية,شبوبية,شبوبيت,شبوبيت,شبوبية,شبوبية,شبوبية,
,الغراب,الغراب,الغراب,الغراب,الغراب,الغراب_,الغراب,الغراب,
,_ياولدي,يا,يا,يا,يا,يا,يا,(يا,
,,بنى,بني,بني,بني,بنيّ,بني,بني),
,قالواللديبابعدعنالغنمليلا,قالواللديبابعدعنالغنمليلا,قالواللديبابعدعنالغنمليلا,ادخلو,قالواللديبابعدعنالغنمليلا,قالواللديبابعدعنالغنمليلا,قالواللديبابعدعنالغنمليلا,قالواللديبابعدعنالغنمليلا,
,يوذيك,يوديك,يوديك,,يوذيك,يوذيك,يوديك,يوديك,
,غبارهم_فقال,غبارهمفقال,غبارهمفقال,,غبارهمفقال,غبارهم_فقال,غبارهمفقال,غبارهمفقال,
,الديب,لهمانغبارهم,لهمانغبارهم,الديب,لهمانغبارهم,لهمانغبارهم,لهمانغبارهم,لهمانغبارهم,
,غبارالغنم,,,الى,,,,,
,نافع,نافع,نافع,,نافع,نافع,نافع,نافع,
,لعيناي_,لعيناىياولدى,لعيناي,,لعيناي,لعيناي,لعيناي,لعيناي,
,,,,,,_,,,
,ياولدي,,ياولدي,,ياولدي,ياولدي,ياولدي,(ياولدي),
,ادخلواالديب,ادخلواالديب,ادخلواالديب,,ادخلواالديب,ادخلواالديب,ادخلواالديب,ادخلواالديب,
,للكتاب,للكتاب,للكتاب,الكتاب,الكتاب,للكتّاب,للكتاب,للكتاب,
,حتى,حتى,حتي,حتايعلموهالقراه,حتى,حتى,حتي,حتي,
,يتعلم,يتعلم,يتعلم,,يتعلم,يتعلّم,يتعلم,يتعلم,
,,,,فقال,,,,,
,القرايه,القراءه,القراية,,القرااه,القرايه_,القراءه,القراءه_,
,,,فقال,,فقال,,,,
,فقالوا,فقالوا,,,,فقالوا,فقالوا,فقالوا,
,له,له,له,له,له,له,لهُ,لهُ,
,,,المعلم,المعلم,المعلم,,,,
,قول,قول,قول,قول,قول,قول,قول_,قول,
,الف,الف,الف,اليف,الف,الف_,الف_,الف_,
,بَا_,با,با,,با,با_,با_,با,
,,,ناثا,,,,,_,
,,,,,تا,,,,
,,تا,,,,تا_,,تا_,
,قال,,قال,قال,قال,,,,
,خروف,سافقال,خروف,,خروف,سا_فقال,سا_فقال_,سا_فقال,
,وجدي,,وعنز,,عنزي,,,,
,,خاروف,,,,خاروف_,خاروف_,خاروف_,
,,عنز,,عنز,,عنز_,عنز_,عنز_,
,,جدىغنم,جدي,جدي,جدي,جدي,جدي_,جدي_,
,,,,خاروف,,,,,
,,,,,,,غنم_,غنم_,
,,كما,كما,,كما,كما,كما,كما,
,في,فى,في,,فى,فى,في,في,
,بطني_يا,بطنىيابنى,بطنييا,,قلبي,بطني_يا,بطنييا,بطني_(يا,
,ولدي,,,يا,يا,بنيّ,,,
,,,بني,ولديصدق,بني,,بني,بني),
,وضعوا,وضعوا,وضعوا,,وضعوا,وضعوا,وضعوا,وضعوا,
,,راس,راس,,راس,راس,راس,راس,
,الحمار,الحمار,الحمار,,الحمار,الحمار,الحمار,الحمار,
,على,على,علي,,على,على,علي,علي,
,المايدهفوقعوبدا,المايدهفوقعوبدا,المايدهفوقعوبدا,,المايدهفوقعوبدا,المايده_فوقعوبدا,المايدهفوقعوبدا,المايدهفوقعوبدا,
,يتمرمغ,يتمرغ,يتمرغ,,يتمرَّغ,يتمرّغ,يتمرغ,يتمرغ,
,في,فى,في,,في,في,في,,
,التراب_,التراب,التراب,,التراب,التراب_,التراب,,
,فقال,فقال,فقال,,فقالوا,فقال,فقال,,
,ادعوهيتمرمغ,دعوه,دعوه,,دعوه,دعوه,دعوه,,
,,يتمرغ,يتمرغ,,يتمرّغ,يتمرّغ,يتمرغ,,
,لانطبعهما,لانطبعهما,لانطبعهما,,لانطبعهما,لانطبعهما,لانطبعهما,لانطبعهما,
,يتغير_,يتغير,يتغير,,يتغيّر,يتغيّر_,يتغير,يتغير,
,يا,يا,يا,,يا,يا,يا,(يا,
,ولدي,بنى,ولدي,,ولدي,بنيّ,بني,بني),
,قد,قد,قد,,قد,قد,قد,قد,
,ثبت,تبت,تبت,,ثبت,ثبت,تبت,تبت,
,القول,القول,القول,,قولمن,القول,القول,القول,
,الذي,لمن,لمن,الذي,,لمن,لمن,لمن,
,قال,قال,قال,قال,قال,قال_,قال_,قال_,
,اذا,اذا,ادا,انالذىتولده,اذا,اذا,اذا,اذا,
,ولدتولدًا,ولدتولدًا,ولدتولدًا,,ولدتولدًا,ولدتولدًا,ولدتولدًا,ولدتولدًا,
,ادعيهابنك_,ادعيهابنك,ادعيهابنك,ادعيهابنك,ادعيهابنك,ادعيهابنك_,ادعيهابنك_,ادعيهابنك_,
,واذا,واذا,وادا,والذيتربيه,واذا,واذا,واذا,واذا,
,ربيت,ربيت,ربيت,,ربيت,ربيّت,ربيت,ربيت,
,ولدًا_,ولدًا,ولدًا,,ولدًا,ولدًا,ولدًا,ولدًا,
,ادعيه,ادعيه,ادعيه,ادعيه,ادعيه,ادعيه,ادعيه,ادعيه,
,عبدك_,عبدًا,عبدك,عبدك,عبدك,عبدًا_,عبدًا,عبدًا,
,يا,يا,يا,يا,يا,يا,يا,(يا,
,ولدي,بنى,بني,بني,بني,بنيّ,بني,بني),
,الذي,الذى,الدي,الذي,الذى,الذى,الذي,الذي,
,يعملالخير,يعملالخير,يعملالخير,يعملالخير,يعملالخير,يعملالخير,يعملالخير,يعملالخير,
,_خير,خيرًا,خيرًا,يلقيالخير,خيرًا,خيرًا,خيرًا,خيرًا,
,يلقا_,يلقا,يلقا,,يلقا,يلقا_,يلقا,يلقا_,
,والذي,والذى,والدي,والذي,والذي,والذى,والذي,والذي,
,يصنع,يصنع,يصنع,يصنع,يصنع,يصنع,يصنع,يصنع,
,الشر_,الشر,الشر,الشر,الشر,الشرّ,الشر,الشر,
,شرًا,شرا,شرًا,يلقاهايضًا,شرًا,شرًا,شرًا,شرًا,
,يلقا_,يلقا,يلقا,,يلقا,يلقا_,يلقا_,يلقا,
,لانالرب,لانالرب,لانالرب,لانالرب,لانالرب,لانالرب,لانالرب,لانالرب,
,يجازي,يجازى,يجازي,يجازي,يجازي,يجازي,يجازي,يجازي,
,الانسان,الانسان,الانسان,الانسان,الانسان,الانسان,الانسان,الانسان,
,على,على,علي,علي,على,على,علي,علي,
,قدر,قدر,قدر,قدر,قدر,قدر,قدر,قدر,
,عمله_,عمله,عمله,افعالهواعماله,عمله,عمله_,عمله_,عمله_,
,يا,يا,يا,يا,يا,يا,يا,(يا,
,ولدي,بنى,بني,ولدي,ولدى,بنيّ,بني,بني),
,ايش,ايش,ايش,ايش,ايش,ايش,ايش,ايش,
,اقوللك,اقوللك,اقوللك,اكلمك,اكلمك,اقوللك,اقوللك,اقوللك,
,اكتر,اكثر,اكتر,اكثر,اكثر,اكثر,اكثر,اكثر,
,من,من,من,من,من,من,من,من,
,هذا,هذا,هدا,هذا,هذا,هذا,هذا,هذا,
,القول_الان,الكلاملان,الكلاملان,الكلاملان,الكلاملان,الكلام_لان,الكلاملان,الكلاملان,
,الله,الله,الرب,الرب,الله,الله,الله,الله,
,عالم,عالم,عالم,عالم,عالم,عالم,عالم,عالم,
,الخفايا,بالخفايا,الخفيا,الضمايروالسروالخفاياوهو,الخفايا,الخفايا_,بالخفايا,بالخفايا,
,ويعرفالسرايروالضماير_فهو,ويعرفالسرايروالضمايرفهو,ويعرفالسرايروالضمايرفهو,,ويعرفالسرايروالضمايرفهو,ويعرفالسرايروالضماير_فهو,ويعرفالسرايروالضمايرفهو,ويعرفالسرايروالضمايرفهو,
,يجازيكويحكم,يجازيكويحكم,يجازيكويحكم,يجازيكويحكم,يجازيكويحكم,يجازيكويحكم,يجازيكويحكم,يجازيكويحكم,
,بيني,بينى,بيني,بيني,بيني,بيني,بيني,بيني,
,وبينك_,وبينك,وبينك,وبينك,وبينك,وبينك,وبينك,وبينك,
,,,,,,_,,,
,ويكافيكبماتستحق_,ويكافيكبماتستحق,ويكافيكبماتستحق,ويكافيكبماتستحق,ويكافيكبماتستحق,ويكافيكبماتستحق_,ويكافيكبماتستحق,ويكافيكبماتستحق,
