Brit_Libr_Or_9321,Brit_Mus_Add_7209,Cod_Arab_236,DFM_00614,Mingana_Syr_258,Sachau_290_Sachau_339,Vat_sir_159
(١),يا,يا,ياولدي,يا,يا,يا
,ابني,بني,,ابني,ابني,ابني
,نادن,نادان,نادان,نادان,الخ_,
اسمع,اسمع,اسمع,اسمع,اسمع,,اسمع
,كلامي,كلامي,كلامي,كلامي,,كلامي
,واتبع,وتبعراييّ_,واتبع,واتبع,,واتبع
,رايي,,رآييوأذكر,رايي,,رايّواقبل
,وكون,وكون,,وكون,,
,اذكرهذا,متدكرًالقولي,,اذكرهذا,,
ياابني,قولي,ياابني,قولي,قولي,,قولي
اقواليناصتًااليها_وتكونراسخة,كمثل,اذاسمعتكلمتً_ميتها,كمثل,مثل,,مثل
,قول,,قول,قول,,قول
,,,أصفيآء,,,
,الله,,الله,الله_,,الله
,يا,,يا,يا,,
,بني,,بُنايأذا,ابنينادان,,
,ان,,,ان,,ان
,سمعت,,سمعت,سمعت,,سمعت
,كلمة,,كلمه,كلمة,,كلمه
,,,موتها,خلَّيها,,اتركها
,تموت,,,تموت,,تموت
في,في,في,في,في,,فى
قلبكولا,قلبكولا,قلبك_ولا,قلبكولا,قلبك_ولا,,قلبكولا
تكشفلأحدمقاليليئلايكون,تفشيها,تفشيها,تجهرهاوتضهرها,,,تفشهاعلى
,علي,الي,,,,
,غيرك,غيرك_,,,,غيرك
,اعني,,,,,
,تكشفها,,,تكشفها,,
,,,لغيرك,لغيرك,,
,,,لأِلّا,_,,
,ليلا,ليلا,,ليلا,,ليلا
,تصير,تصير,تصير,تصير,,تصير
جمرة,جمرة,جمرة,لك,جمرة,,جمرة
اوجذوة,,,,,,
نار,نار,نار,نار,نار_,,نار
فيقلبكفتكويه,وتحرق,وتحرقك,وتحرق,وتحرق,,وتحرق
,,,,,,السانك
وتجعل,,,,,,
وصمةفي,,,,,,
لسانك,لسانك,,لسانك,لسانك_,,
,وتجعل,وتجعل,وتجعل,وتجعل,,وتجعل
وتتدمدمعلى,,,,,,
,الام,الالم,ألآم,الام,,الالم
,في,في,في,في,,فى
,جسمك,جسمك,جسمك,جسمك_,,جسمك
,وتكسبك,وقلبك_,وتكسيك,وتكسبك,,وتكسب
,العار,,العار,العار,,العار
,وتخزا,وتخزا,وتخزى,وتخزي,,
,من,من,من,من,,من
الله,الله,الله,الله,الله,,الله
(٢),ومنالناس,ومنالناس,والناس,ومنالناس_,,ومنالناس_
,يا,يا,يا,يا,,يا
,بني,ابني,بني,ابني,,ابني
,اذاسمعت,اذاسمعت,اذاسمعت,اذاسمعت,,اذاسمعت
,شي,خبرًا,,خبر,,شى
,,,شي,شي,,
,,لاتكشفه_,لاتكشفه,لاتكشفه,,لاتكشفه
,,,وإننظرتشي,الىاحد_,,
,,واذانظرت,,واذانظرت,,واذانظرت
,,شيًا,,شي,,شى
,لاتحكيه,لاتحكيه,لاتحكيه,لاتحكيه,,لاتحكيه
يا,يا,يا,يا,,,الناس
ابني,بني,ابني,بني,_ياابني,,_ياابني
نذانلاتقولكلماتحسبه_ولاتكشفكلماتراه_(٣),,اذانظرت,,عقدةمكتومه,,
,عقد,عقد,عقد,,,عقد
,مختوم,مكتوم,مكتوم,,,مختوم
,لا,لا,لا,لا,,لا
,تفكاي,تحله_وادانظرتعقد,,,,
,تحل,,تحل,تحل,,تحل
,وعقد,,وعقد,وعقدةمحلولهلا,,وعقد
,محلوللا,محلوللا,محلوللا,,,محلوللا
,,,,تكتم_,,
,,,تكتم,,,
,تختم,تكتمه,,,,تختم_
,يا,يا,يا,يا,,يا
,بنىسَهّل,ابنيسهل,بنيسّهل,ابنيسهل,,ابنيسهل
,خطابك,خطابك,خطابك,طريقكوخطابك_,,خطابك
,وبادر,وبادر,وبادر,وبادر,,وبادر
,الي,الي,إلى,الى,,الى
,السماع,السمع_,السماع,السماع,,السماع
,ولا,ولا,ولا,ولا,,ولا
,تبادر,تبادر,تبادر,تبادر,,تعجلفى
,الي,الي,وتعجلعلىرد,الى,,
,,رد,,رد,,
,الجوابيا,الجوابيا,الجوابيا,الجواب_يا,,الجوابيا
,بني,ابني,بني,ابني,,ابني
,لا,لا,لا,لا,,لا
,تشتهي,تشتهي,تشتهي,تشتهي,,تشتهى
,الحسنالبرانيلانالحسن,الحسنالبراني_لانالحسن,الحسنالبرانيلانالحسن,الحسنالبراني_لانالحسن,,الحسنالبرانيلانالحسن
,يبلا,يبلا,يبلى,يبلى,,يبلا
,ويعبر,ويعبر,ويعبر,ويعبر_,,ويعبر
,والذكر,_الدكر,والذكر,والذكر,,واسم
,الصالح,الصالح,الصالح,الصالح,,الصالح
,والاسمالجيد,والاسمالجيد,واسمالجيديدومويبقى,والاسمالجيد,,
,يدوم,يبقاويدوم,,يدوم,,يدوم
,ويبقا,,,ويبقا,,
,الي,الي,الى,الى,,الى
,الابد,الابد,الأبد,الابد_,,الابد_
يا,يا,يا,يا,يا,,يا
ابني,بني,ابني,بني,ابني,,ابنى
لا,لا,لا,لا,لا,,لا
تحلّرباطًامختومًاولاتختمايضًاماكانمحلولا(٤)لاتختلقشفتاكاقوالًاليستاقوالك_واذارفعتعينيكونظرت,تخدعك,تخد,تخدعك,تاخذ,,تخذ
,امراة,لك,امرأه,لك,,لك
امراةً,,الامراةالسفيها,,امراةً,,امراه
مدهونة,سفيها,,سفيهه,سفيهه,,سفيها
,بكلامها,بكلامها_,بكلامها,بكلامها,,بكلامها
,,,لأن,_,,
,لان,لان,,لان,,لان
,منكلامها,بكلامها,منكلامها,منكلامها,,منكلامها
,تنبع,تنبع,تنبع,تنبع,,تنبع
,المراره,المراره_,المراره,المراره,,المرار
,وسم,ومنفمهايخرجسمَّ,وسم,وسم,,وسم
,الموت,الموت_,الموت,الموت_,,الموت
,وفي,وتعرقلك,وفي,,,وفى
,المصيده,,المصيده,المصيده,,المصيده
,تتعرقلوفيالفخ,,تتعرقلوفيالفخ,تتعرقل_وفيالفخ,,تقعوتصطاد_
,تصطاد,,تنصاد,وتنصاد_,,
,يا,,يا,يا,,يا
,بني,,بني,ابنياذاابصرتامراةً,,ابنى
,ان,,ان,,,ان
,تبصر,,تبصر,,,تراامراه
,امراة,,أمرأهمزينه,,,
,متزينه,,,متزينه,,متزينه
,في,في,في,في,,
,الكسوه,مصايدهاياابنيلاتشتهيالامراه_المزينهبتيابفاخره_ومدَّهنه,الكسوه,الكسوه_,,
,وتدهن,,تدهن,وتتدهن,,
,في,في,في,في,,
,الادهان,الاطياب_لانالزينهليسهيبالتيابالفاخره_ولابالادهانالطيبه,الأدهان,الادهان,,
,والطيبوهيفينفسها,,والطيبوهيفينفسها,والطيب_وهيفينفسها,,
,وقحةسفيهة,,وقحاوسفيها,حمقهسفيههوقحه_,,
لاتشتهيها,لاتشتهيها,,لاتشتهيها,لاتشتهيها,,لاتشتهيها
منحيثاذااعطيتهاكلماانتحاصلعليهولم,بقلبك,,بقلبك,بقلبك,,
,لان,,وإنتعطيها,_ولودفعتاليها,,لان
,كانتعطي,,كلمالك,كلمالك_,,انتعطى
,لها,,,راحةً,,لها
,,,فايده,,,
,كلشيلكفايدة,,,,,كلشىًلك
,لم,,لم,لم,,لم
تجد,تجد,,تجد,تجد,,تجد
,,,,,,فايده
فيها,فيها,,فيها,فيها,,
خيرًامافانك_وتخطيالىآلهكخطيةعظيمة_(٥)ياابنيلاتكنمستعجلًا,وخطية,بل,وخطيه,بل,,وخطيه
,تقتني,هيالزينهبالعفهوالحياهوالكلاماللينالهادييا,تقتني,تغضب,,تقتني
,وتغضب,,وتُغضب,,,وتغضب
,الله,,الله,الله,,الله
,وتسخطه,,,وتسخطه,,عليك_ياابنى
,يابني,,يابني,عليك_يا,,
,,ابني,,ابني,,
,لاتكون,لاتكون,لاتكون,لاتكون,,لاتكون
,سريع,سريع,سريع,سريع,,
,,وقح,,المجاوبه,,
في,ووقح,في,,ووقح,,
لسانككشجرة,مثل,كلامك_كما,مثل,الكلاممثلسجرةاللوز_لان,,مثل
,شجرة,شجرة,شجرة,,,شجرة
اللوز,اللوز,اللوز,اللوز,,,اللوز
التى,لان,لانها,يُورق,,,وقح
تورق,,تورق,,,,
قبل,,وتزهر,قبل,,,
غيرهاوبعدالكلّتؤكلاثمارها_(٦)ياابنيرزينًا,قبل,قبل,كلّالأشجاروآخر,قبل,,
,كلالاشجار,كلالاشجار_,,,,
,,وتمرهالايكونالااخير,,,,
,,الكل_,,الكل,,
,يخلفويورقواخير,,,يخلفويورق_واخير,,
,الكل,,الكل,الكل,,
,يطعماثماره,,يُطعمأثمارها,يطعماثماره_,,
,بلكون,بلكون,بلكون,بلكون,,بلكون
,هادي,مثلشجرة,,مثلشجرة,,
,,التوته_,,طيبه,,
,,,حليم,حليم,,
,ووديع,,,ووديع,,
,وذوطعم,,وذوطعم,وذوطعم,,
مثل,مثل,,مثل,مثل,,مثل
شجرة,شجرة,,شجرة,شجرة,,
التوت,التوت,,التوت,التوت_,,التوت
فانهاتورقبعدغيرها_,لان,لان,عقبالكليخضرأثمارهاويورق,لان,,حكيم_ياابنى
,,ورقها,,,,
,اخير,اخير,,اخير,,
,يخرج,الكليبقا_وتطعمثمرهاقبلجميعالاشجار_هكذاكونحليموديعدوَّمعرفه,,يجريويخرج,,
,ورقه,,,ورقه_,,
وقبل,وقبل,,وقبل,واوّل,,
غيرهاتؤكلاثمارها_(٧)ياابنيكسرعينيكواخفضصوتك,الكليطعم,,الكليطعم,الكليطعم,,
,اثماره,,,اثماره_,,
,يا,يا,يا,يا,,
,بني,بني,بني,ابني,,
,احنيراسك,احنيراسك,احنيراسك,احنيراسك,,احنيراسك
وانظر,وانظر,وانظر,وأنظر,_وطلع_وانظر,,وانظر
الى,الي,الي,الى,الى,,الى
اسفل,اسفل,اسفل_,أسفلليّن,اسفل_وليّن,,اسفل
وكنمرَّتبًالادنسًا_لانه,وليّن,,,,,ولين
,صوتك,,صوتك,صوتك,,صوتك
,وكون,وكون,وكون,وكون,,وكون
,متادب,لينالصوتوالكلام_,متأدب,متادب,,متادب
,,,ساكن,,,
,,,ركين,ركين,,
,,,,ساكن,,
,,,,وديع_,,
,ولاتكونسفيه,,ولاتكونسفيه,ولاتكونسفيه_,,ولاتكونسفيه
,ولاترفع,ولاترفع,ولاترفع,ولاترفع,,وترفع
,صوتك,صوتك,صوتك,صوتك,,صوتك
,بافتخار,بافتخار,,بافتخار,,بافتخار
,وبهرجه,وبهرجه_,,بهرجه,,
,لان,لان,,لان,,لان
لو,لو,لو,لو,ولو,,لو
كانالبنآءيقام,كان,كان,كان,كان,,كان
بصوت,بصوت,بصوت,بصوت,بصوت,,صوتً
عالٍ,مرتفع,الشديدالمرتفع,مرتفع,مرتفع,,مرتفع
,شديد,,ينبني,شديد,,
,كان,,,,,
,يبنا,يبنا,,يبنا,,يبنا
,البيت,البيت_,البيت,البيت_,,البيت_
,,,كان,,,
لكان,,لكان,,,,
الحمار,الحمار,الحمار,الحمار,الحمار,,الحمار
,,,بارتفاعصوته,,,كليوم
يبني,,يبني,يبني,,,
,,,,,,بنا
في,,,في,,,
,,كليوم,,,,
كليوم,,,كليوم,,,
,,بيتًا,,,,
قِلّيتين_ولوكانالفدان,بيتين,,بيتين,بيتين,,بيتين
,كان,,,كان,,ياابنى
يساق,,,,,,
,بنا,,,بنا,,
,بيوم,,,بيوم,,
,ولوكان,ولوكان,ولوكان,واحدولو,,
بقوة,بقوة,بشدَّةالقوَّهيحرت,بقوة,,,
الصرامة_ما,شديده,,شديدة,,,
,,,يساق,,,
كانت,كانت,,,كانت,,
مسكة,,,الفدَّان,,,
الفدان,الفدان,الفدان_,,الفدان,,
ترفعمنرقبة,,لكان,,بقوةٍشديد,,
,تسوق,,,تسوق,,
,ماكان,,ماكان,ماكان,,
,ابعدتالفدان,,ابتعد,بعدت,,
,منتحت,,,منتحت,,
,اباطالجمال,,,باط,,
الجمل_,,الجمل,الجمل,الجمل_,,
(٨)ياابنيالسلوك,,يسوقمكانالتيران,عنالفدَّان,,,
,يا,يا,يا,يا,,
,بني,بني,ابني,ابني,,
,نقل,نقل,نقل,نقل,,نقل
,الحجارة,الحجاره,الحجاره,الحجاره,,الحجاره
معرجلحكيم,معرجلحكيم,معرجلحكيم_,معرجلحكيم,معرجلحكيم,,معرجلحكيم
خير,اخير,اخير,أخير,اخير,,اخير
من,من,من,من,من,,من
السلوك,شربالخمر,شربالخمر,شربالخمر,شربالخمر,,شربالخمر
مع,مع,مع,مع,مع,,مع
رجل,رجل,رجلًا,رجل,رجل,,رجل
جاهل_(٩),اليم,اليم,أليم,اليم,,اليم
,يابني,يابني,,_,,_
يا,,,يا,يا,,يا
ابني,,,ابني,ابني,,ابنى
اسكبخمرك,اسكبخمرك,اسكبخمرك,اسكبخمرك,اسكبخمرك,,اسكبخمرك
على,علي,علي,على,على,,على
قبورالصديقين,قبورالصديقين,قبورالصديقين_,قبورالصديقين,قبورالصديقين,,قبورالصديقين
,والصالحين,,والصالحين,والصالحين_,,
ولاتشربهمع,ولاتشربهمع,ولاتشربهمع,ولاتشربهمع,ولاتشربهمع,,ولاتشربهمع
اناس,اناس,اناس,,اناس,,الحمقين_
جهلآء_(١٠)ياابنياهربمنامراةٍمتخاصمةوصفيقةالوجه_(١١)لاتذهبياابنيورآءجمالالمراةولاتشتهيهافيقلبك_لانجمالالمراةقائمبذوقهاوحديثهاونزاهتها_(١٢)ياابنياذاتلقاكاحدبالشرقابلهانتبالخيربحكمتك_,حمقين,حمقين,حمقين,حمقين,,
,اثيمين,اتيمين,جاهلينأثيمين,اليمين_,,
,يا,ياابني,ياابني,,,يا
,بني,,,,,ابنى
,لاتعقد,لاتعقد,لاتعقد,,,لاتعقد
,سركمعاناس,سركمعاناس,سرَّكمعأناس,,,سركمعاناس
,جاهلين,جاهلين_,جاهلين,,,جاهلين
,لان,لانهم,لانهم,,,لان
,لم,لم,لم,,,لم
,يستطيعون,يستطعيوا,يستطيعون,,,يستطيعون
,يستروه,يستروه,يستروه,,,يستروه_
يا,يا,يا,يا,يا,,يا
ابني,بني,بني,ابني,ابني,,ابنىالتزق
فانالاثيميسقطوالصديقينوبمكانه(١٣)ياابنيلاتمنعابنكمنالضرباتلانالضربةللصبيكالسمادللارضومثلالرباطللدابةومثلالقيودللباب(١٤)ياابنيطبّعولدكمامادمصغيرًا_وهمّدحرارتهمادامطفلًا_قبلانيشتدقوةًاكثرمنكفتخجلمستحيًابسببنقائصه_(١٥)ياابنيلاتقتنيلكثورًاذاقرونولاحمارًاذااظلافولاعبدًاهزَّامًاوخادمةسارقةحتىلايفقدونككلماانتمالكه_(١٦),التصق,التصق,التصق,التصق,,
,الي,الي,معأناس,الى,,الى
,اناس,اناس,,اناس,,اناس
,حكيمين,حكماء,حكيمين,حكيمين_,,حكيمين
,وخايفين,,خايفين,خايفين,,وخايفين
,,,,من,,
,الله,,الله,الله,,الله
,لتكون,لتكون,لتكون,لتكون,,لتكون
,,حكيمًا,,,,
,مثلهمولا,مثلهم_ولا,مثلهمولا,مثلهم_ولا,,مثلهمولا
,تلتصق,تتبع,تلتصق,تلتصق,,تلتزقالناسً
,الي,,الى,الى,,
,اناس,اناس,أناسجاهلين,اناس,,
,جهال,جهال,,جهال,,جهال
,ليلاتكونمثلهم,فتشبهم,ليلاتكونمثلهم,ليلاتكونمثلهم,,لتلزقمنهمعوايدالرديّه_ياابنى
,وتتعلم,وتتعلم,وتتعلَّم,وتتعلم,,
,طرايقهم,طرايقهم,طرايقهم,طرايقهم_,,
يا,يا,يا,يا,يا,,
ابني,بني,بني,ابني,ابني,,
ان,ان,ان,ان,ان,,ان
اقوالاناسٍكَذَبَةتشبهطيورًاسمانًا_فالذيلهقلبواسعياكلها_(١٧),,اردتان,تريد,,,
,تقتني,تقتني,تقتني,تقتني,,تقتني
,,لك,,محبًاوصاحبجربهوبعدذالك,,
,,صاحب,صاحب,,,
,,او,,,,
,محب,محب_,محب,,,محب
,وصديق,,أوَّلًاجرّبه,,,
,جربه,جربه,,,,جربه
,وبعدذلك,وغيظه_فاناحتملدلكولمينفرعاجلًا_فاقتنيهلكصديقًا_,وبعدذلك,,,وبعدذلك
,اقتنيه,,اقتنيه,اقتنيه_,,اقتنىوقد
,وقبل,وان,ولا,وان,,
,ماجربتالانسان,اغتاظونفرمنكعاجلًافابعدهعنك_فتكونقدجربتهُيابني,,ماجربتالانسان,,ماجربتالانسان
لا,لا,,,لا,,لا
تجلبعليكلعناتابيكوامكخوفًامنانلاترىخيراتاولادك_(١٨)ياابنيلاتذهببالطريقبدونسلاح_لانكلاتعرفايّعدّوٍيصادفك_(١٩)ياابنيكماانّالشجرةبهيّةباثمارها_وجبلصاعيرباشجارههكذاهوالرجلبهيّباولادهوامراتهِ_(٢٠),تمجده,,تمدحه,تمدحه,,تمجده
,جربهوبعدذلكاكتسبهيابني,,وتمجّدهالَّابعدجرَّبه,لانجربهوبعدذالكاكتسبته_,,
ياابني,,,ياابني,يا,,يا
ادّبرجلًاحكيمًافتكونفيقلبهمثلحُمَّىرقيقةواذاضربتجاهلًاالفعصًافلايفهم_(٢١)يا,,,,,,ابنى
ابني,,,,ابني,,
ارسلرجالًاحكمآءولاتبالغمعهمبالتوصية_فاذاارسلتجهّالًافاذهبانتبنفسكولاترسلهم_(٢٢)ياابنيجرّبصديقكبالخبزوالمآءوبعدئذقلّدبيديهكافةاموالك_(٢٣),مع,,مع,مع,,مع
,من,من,من,من,,من
,,,,,,ما
,ليس,ليس,ليس,هو,,
,هو,هو,هو,ليس,,هو
,حكيم,حكيم,حكيم,حكيم,,حكيم
,,بالمعرفهوالعقل_,,,,
,لاتفسد,لاتفسد,لاتفسد,لاتفسد,,لاتفسد
,,معهُ,,,,
,كلامك,كلامك_,كلامك,كلامك_,,كلامك_
,ومعالجاهلوالفاسدلا,ومعالجاهلوالفاسدلا,ومعالجاهلوالفاسدلا,ومعالجاهلوالفاسدلا,,
,تقصد,تصنعشيًاصالحًا,تظيّع,تجعللكاختلاط_,,
,شي,,شي,يا,,يا
,صالحيابنيالتصقالي,,مليح,ابني,,ابنى
ياابني,,,ياابني,,,
اخرجقبلالكلّفيالوليمة,,,الألفهمع,,,
,رجلحكيمخايفاللهلتكونمثله,,رجلحكيمخايفاللهلتكونمثله,,,
ولا,,,,,,
,ولا,ولا,,,,
تلبثانتمسحنفسكبالدهانالطيبةليلايصيرلكشجّات_(٢٤),,,ياابنيلاتعاشررجلجاهلأحمق,,,
,تلتصقلرجلجاهلاحمق,معروف,,,,
,شريرليلا,,شريرليلا,,,
,تشبهلهوتتعلم,,تتعلم,,,
,طرايقه,,طرايقه,,,
,وتنبغض,,وتبغض,,,
,منالله,,منالله,,,
,ومنالناس,,والناس,,,
ياابنيمن,يابني,يابني,ياابنيمن,,,
كانتيدهممتلئةفانّهيسمىحكيمًاومنكانتيدهفارغةيسمىجاهلًا_(٢٥),ما,ما,,ما,,
,دامفيرجلك,دامفيرجلك,دامفيرجلك,دامفيرجلك,,
,خف,خفَّدوس,خف,خفافا,,
,اطا,,تخطاودوسعلى,اطا,,
,علي,علي,,علي,,
,الشوك,الشوك,الشوك,الشوك,,
,والدردر,والدردر،,وأعمل,والدردر,,
,واعمل,واعمل,,واعمل,,
,,طريقً,,,,
,,,,لك,,
,طريق,,طريق,طريق,,
,لك,لك,لك,,,
,,,,لبنيكولبني,,
,ولبنيك,ولبنيك,ولبنيك,,,
,وبني,ولبنيّ,,,,
,بنيك,بنيك,,بنيك_,,
يا,يا,يا,يا,يا,,
ابني,بني,بني,ابني,ابني,,
انّيلقداكلتمرائر_وبلعتاشيآءمرّةًفلماجدشيئًاامرّعليّمنالفقر_(٢٦)ياابنيانّيلقدحملترصاصًاوحديدًاومشيتبهمافلميثقلعليّمثلالدين_(٢٧)ياابنيعلّمابنكوعوّدهعلىالجوعوالعطشحتىمثلماترىعينهيدبّربيته_(٢٨),كلكم,مادامالنسيمهادي,وقتاليهب,كل,,
,مايهب,,,مايهب,,
ياابني,,,,,,
انّاعمىالعيونيتعلمسريعًاالطريقفيذهبوياتيبهاهوخيرممنكانقلبهأعمىالذييتركالطريقالمستقيمة_(٢٩),نسيم,,نسيم,نسيم,,
,الفضا,,الفظا,الفضا,,
ياابني,,,,,,
جارقريبخيرمناخٍبعيدوالاسمالصالحخيرمنالجمال_لانالاسم,والبحر,والبحر,والبحر,والبحر,,
,ساكتمن,ساكن_هيي,ساكتمن,ساكتمن,,
,الامواج,,امواجههيّيوعد,الامواج,,
,عدّل,,,عدي,,
,سفينتك,سفينتك,سفينتك,سفينتك,,
,ومركبك,,,ومركبك,,
,الي,الي,الى,الى,,
,المينا,المينا_,المينا,المينا_من,,
,قبلمايتحرك,فكلماتحرك,قبلمايتحرك,قبلمايتحرك,,
,البحر,البحر,البحر,البحر,,
,ويشتجش,وتكترامواجهُوعواصفهُتكون,,ويشتجش_,,
,وتكثر,,وتكثر,وتكثر,,
,موجاته,,موجاته,امواجه,,
,وعواصفه,,,وعواصفه,,
,ويغرقالمركب,,ويغرقالمركب,ويغرقالمركب_,,
,,,أمَّاأنتفكّر,وانتغافلففكر,,
,,,في,في,,
,,,سيرانكفيالطريق,مسِرك_اعنيكلما,,
,انت,انت,,انت,,
,افكر,افخر,,متعافيفكر,,
,في,في,,في,,
,سيارانك,سيرك,,الاخرهواذكرالموتلنفسك_,,
,,,ياابني,ياابني,,
,يابني,يابني,,,,
,الغني,الغني,الغني,الغني,,الغني
,,ادابلعالحيه_,ياكل,ياكل,,ان
,يبلع,,حيَّه,,,يبلع
,حية,,,حية,,حيّه
,والناس,,والناس,ويقولون,,
,يقولون,يقولون,يقولون,,,يقولون
,ان,الناسلاجلالشفاءِ,,,,
,لاجل,,لاجل,لاجل,,لاجل
,شفاومنفعته,,المنفعه,الشفا,,الشفا
,,,,ومنفعتها,,
,اكلهاوان,اكلها_وان,,اكلها_وان,,اكلها_وان
,,,ياكلها,ياكلها,,
,,,,,,مسكين
,اكلها,اكلها,وانأكلها,,,اكلها
,مسكين,,,,,
,,المسكين_,المسكين,المسكين,,
,يقولون,يقولون,يقول,يقولون,,يقولون
,الناس,انه,,الناس,,
,من,من,من,من,,من
,جوعه,الجوعقد,جوعه,جوعه,,جوعه
,اكلها,اكلها,أكلهالأن,اكلها,,اكلها
,لان,_,,_,,لان
,بجهد,لانهبجهدًا,بجهد,لانبجهدٍ,,بجهد
,عظيم,عظيم,عظيم,عظيم,,عظيم
,يجد,يوجد,يجد,يجد,,يجد
,رجلصالح,رجلصالح,الرجل,رجلصالح,,رجلصالح
الصالح,وباريابني,وباريابني,الصالح,بار_,,وبر_ياابنى
,,,,ياابني,,
يدوم١٣والجماليفسد_(٣٠)ياابنيانالموتخيرمنصوتالحيوةلرجلٍ,,كّل,ياابنيعلى,,,
,نصيبك,نصيبك,نصيبك,نصيبك,,نصيبك
,كل,,دوموإلى,كل,,كل_
,فقط,فقط_,,فقط_,,وعلى
,وعلي,وعلي,,وفي,,
,شي,نصيبغيرك,شي,شي,,شي
,رفيقك,,رفيقك,رفيقك,,ارفيقك
لا,لا,لا,لا,لا,,لا
يجدراحةوصوتالمراثيخيرمنصوتالرقصوالفرحوالغنآء_(٣١),ترغبيا,ترغبيا,ترغبيا,ترغب_يا,,ترغب_يا
,بني,ابني,ابني,ابني,,ابنى
,مع,مع,مع,مع,,مع
,الاحمق,الاحمق,الأحمق,الاحمق,,احمق
,لاتجاورومع,لاتجاور_ومع,لاتجاورومع,لاتجاور_ومع,,لاتجاورومع
,من,من,الذي,من,,من
,لايستحيلاتاكل,لايستحيلاتاكل,لايستحيلاتاكل,لايستحيلاتاكل,,لايستحيلاتاكل
,خبز,خبزًا_,خبز,خبزًا_,,خبزا_ياولدى
,ولاتعقدمعه,ولاتعقدمعه,ولاتعقدمعه,ولاتعقدمعه,,
,سر,سرًا_ياابنيادافعلتخيرًا,سرّ,سر_,,
يا,يا,,يا,يا,,
ابني,بني,,ابني,ابني,,
عظمبيدكخيرمنوزةٍ,بخير,,فياسيَّاتجيرانك,بخير,,
,يصادفلمبغضك,,,صادقمبغضيك_واتاسفواغتم,,
في,لا,لا,,في,,
قِدرالغير_(٣٢)ياابنينعجةقريبةخيرمنثوربعيد_وعصفورواحدبيدكخيرمنالفعصفوريطيرفيجوّالسمآء(٣٣)ياابنيفقرمجموعخيرمنثروةمُبدرفة_وثعلبحيّخيرمناسدميت_(٣٤)ياابنيادفنكلامكداخلقلبكفيُحسناليك_لانّكاذاقولًاخالفتصديقك_(٣٥)ياابنيلاتخرجكلمةمنفمكحتىترددهافيقلبك_لانهخيرللرجلانيعثربرجلهمنانيعثربلسانهِ_(٣٦)ياابنياذاكلامًامنانسانٍادخلهفيالارضاربعةاذرعٍحتىكلماتسلكعليهتبيده_(٣٧)ياابنيلاتقفبيناناسمتخاصمون_منحيثمنالخصومةيحدثالقضآء_ومنالقضآءيصيرموت_(٣٨),تانف,تتاسف_,,,,
,,,,اسياتتكون,,
,,,,لهم_,,
,,ولا,,,,
,,تصادقلمبغظيك_,,ولا,,
,ولا,ولا,,,,
,تغتم,تغتم,,,,
,,لاجلاسياتهالذييصنعهامعك_,,,,
,وفي,وفي,,,,
,اسياتتكون,,,,,
,,عتراته,,,,
,له,,,,,
,لا,لا,لا,,,
,تفرح,تفرح,تفرح,تفرح,,
,,ولاتسرَّ,,وقتوقوعهم_ياابني,,
,يابني,يابني,,,,
,لاتقرب,لاتقرب,,لاتقرب,,
,الي,الي,,الى,,
,امراة,امراه,,امراه,,
,مخاصمهصياحهولايعجبكحسنالامراه,مخاصمهصياحه_ولايعجبكحسنالامراه,,مخاصمهصياحهولايعجبكحسنالامراه,,
,الوقحةالسفيهة,السفيها,,الوقحهالسفيهه,,
,لانجمالالامراه,لانجمالالامراه,,لانجمالالامراه,,
,انما,انمَّا,,انما,,
,هومستحاهاوليس,هومستحاهاوليس,,هومستحاها_وليس,,
,هو,زينتهاهيالتيابالفاخره_بلالزينةالداخلهوهىالعقلوالحيايابني,,هو,,
,زينة,,,زينه,,
,ثيابهاوحسنهاالبرانيالتيبهمتخدعكوتطغيكياولدي,,,ثيابهاوحسنهاالبرانيالتيبهمتخدعكوتطغيك_ياولدي,,
,مثلمراود,مثلمراود,,مثلمراود,,
,فياذني,دهبفىادان,,فىاذانالوحشلمتفيده,,
,الوحوش,الوحوش_,,,,
,ولمتفيدها,كدلكامراه,,,,
,شي,,,شي_,,
,هكذا,,,كذالك,,
,امراة,,,امراة,,
,صاحبةمنظر,صاحبةمنظر_,,صاحبةمنظر_,,
,وهي,وهي,,وهى,,
,رديةالفعلوالكلام,رديةالفعلوالكلام,,رديةالفعلوالكلام,,
,قليله,يابنياذاباداك,,وقليلة,,
,المعرفه,,,المعرفه,,
,وقحة,,,_وقحه,,
,شريره,,,شريره,,
,ياولدي,,,ليسلكفيهامنفعه_,,
,,,ياابني,ياابني,,
,اذا,,اذا,اذا,,اذا
,بادرك,,بادرك,بادرك,,باديكاخوك
,عدوك,عدوك,أخوكاوجيرانكاوعدوَّك,عدوك,,
,بشر,بالشرَّ_,بشر,بشر,,بشر
,بادره,باديهانت,بادره,بادره,,باديهانت
,انت,,بخيرياولدي,انت,,
,بخير,,,بالخير,,
,وقابله,وقابله,,وقابله,,
,بمعرفه,بمعرفه,,بالمعرفه_ياابني,,بمعرفه_
,يا,وخيريابنيالرجل,,,,يا
,بني,,,,,ابنى
,الحكيميقعويقوم,الحكيميقعويقوم,الحكيميقعويقوم,الحكيميقعويقوم,,الحكيميقعويقوم
,والاحمقكليوميعترويقعوليسلهقياموالحكيمواذا,والبارلا,الرجل,,,والجاهل
,يقع,,,,,يقع
,,,,,,وما
,يقوم,,,,,يقوم_
,والرجل,,,والرجل,,
,البارمنموضعه,,البارمنموضعه,البارمنموضعه,,
,لم,,لا,لم,,
,يتزعزع,يتزعزع,يتزعزع,يتزعزع_,,
,,ابدًا_واماالجاهلفانهاذاوقعلايقدرانيقوموالسفيهالوقحمثلالغباريدريهالريح,,,,
يا,يا,يا,يا,يا,,
ابني,بني,بني,ولدي,ابني,,
اذا,,اذا,اذا,اذا,,
رايت,,,,,,
,,مرض,مرض,مرض,,
,الحكيم,الحكيم,الحكيم,الحكيم_,,
,واذا,,اللطبيبيقدر,,,
,مرض,,,,,
,يقدرالطبيبان,يقدرالطبيبان,,يقدرالطبيبان,,
,يعالجهويشفيه,يعالجهويشفيه_,يعالجهويشفيه,يعالجهويشفيه_,,
,وامّا,واما,والأحمقاذا,واما,,
,الاحمق,الجاهلليس,,الاحمق,,
,ليس,,ليس,ليس,,
,,,دوىلأوجاعهياابنياناتى,,,
,دوا,,,دوا,,
,لاوجاعه,لاوجاعه,,لاوجاعهِ,,
,وقروحه,وقروحه,,وقروحه_,,
,,دوا,,,,
,,_,,,,
,يا,يا,,يا,,
,بنيان,بنيان,,ابني,,
,استقبل,اقبل,,استقبل,,
,اليك,اليك,اليك,اليك,,
احدًا,منهو,احدًا_,منهو,منهو,,
اكبرمنكقمبينيديهاحترامًا_,,فاستقبلهُقايمًاولوكان,أفقرمنك,,,
,احقرمنك,احقرمنك_,,احقرمنك_,,
,واقل,لانالكرامهتكونللدىيصنعها_,,اواقل,,
,منك,,,منك,,
,حال,,,حالًاستقبله,,
,فاستقبله,,فاستقبله,,,
,وانت,,وأنت,وانت,,
,قايم,,قايم,قايم_,,
واذا,واذا,واذا,وان,واذا,,
,هو,,,هو,,
لم,لم,لم,لم,لم,,
يجازيكفاللهتعالى,يكافيك,يعرفمقدارها_فان,يكافيك,يكافيك,,
,الله,الله,الله,الله,,
يجازيك_,هو,يجازيك,هو,,,
(٣٩)ياابنياحفظلسانكمنالكذبويدكمنالسرقةفتدعىحكيمًا_(٤٠)ياابنيانّمنكانمُرتبًابلبسه_كانمرتبابكلامهِومنكانمتبلبلًابلبسهكانايضًاهكذابكلامهِ_(٤١),يكافيك,عنه,يوفيكويكافيكياابنيلاتتهاون,يكافيك_,,
يا,يا,يا,,يا,,يا
ابني,بني,بني,,ابني,,ابنى
لا,لا,لا,,لا,,لا
تتداخلبخطبةاحدلانّهاذاسآءلهمالامرلعنوكواذاحسنلديهمباركوك_(٤٢)ياابنيانّالكلبالذييتركصاحبهويتبعكارجمهبالحجارةلانّهلايستقيمعندك_(٤٣),تعفي,تعفي,,تعفي,,تعفي
,عن,عن,عن,عن,,عن
,ضرب,ظرب,ضرب,ضرب,,ضرب
,ابنك,ابنك_,ابنك,ابنك,,ابنك
,فان,فان,فإن,فضرب,,لان
,ضرب,ظرب,ضرب,,,ضرب
,الصبي,الصبي,الأبنهو,الصبي,,الصبي
,مثل,مثل,مثل,مثل,,مثل
,زبل,الزبل,زبل,زبل,,الزبل
,البستان,للبستانيربيَّه_,البستان,البستان,,البستان
,ومثل,ومثل,ومثل,ومثل,,ومثل
,شدالكيسه,شدَّثم,شدّ,شدَّة,,شدالكيسه
,,الكيس_,الكيس,الكيس,,
,ومثلربط,ومثلربط,ومثلربط,ومثلربط,,ومثلربط
,البهيم,الحمار,البهايم,البهيم,,البهيم_
,ومثلغلقالباب,ومثلغلقالباب,ومثلغلقالباب,ومثلغلقالباب_,,ومثلغلقالباب_
يا,يا,يا,يا,يا,,يا
ابني,ولدي,بني,ابني,ابني,,ولدىادب
ليضربكرجلحكيمقضبانًاعديده_ولايمسحكالجاهلبالمسوحاتالطيبة_يابنيلاتتنافقمعالحكيم_ولاتصيرحكيمًامعالمنافقين_(٤٤)يابنياذاكانلكبابوجفيرجليكدوسعلىالقرطبواجعللاولادكطريقا_(٤٥)يابنيابنالاغنيآءاذااكلحيةًفيقولالناسانماياكلهشفآءًلمرضه_واذااكلهاابنالفقرآءيقولونانماياكلهامنجوعه_(٤٦)يابنيكُلسهمك_ولاتظنشيئًابصديقك_(٤٧),اضبط,اضبط,أضبط,اضبط,,
,ولدك,ولدك,ولدك,ولدك,,ولدك
,من,من,من,من,,
,الشر,الشرَّفانكتستريحوتريحه_علمهالادبوهو,الشرّ,الشر,,
,ويريحك,,ويريحك,فيريحكفيكبرك,,
,وادبهواضربه,,وأضربهوأدّبه,وادبهواضربه,,
,كلماهو,,كلماهو,كلماهو,,
,صغير,صغير_,صغير,صغير,,صغير
,وطيعه,,لأن,واطيعه,,ليطيعامرك_لان
,لامرك,,,لامرك,,
,ليلا,ليلا,,ليلا,,
,بعدقليل,,بعدقليل,بعدقليل,,بعدقليل
,يكبر,يكبر,يكبر,يكبر,,يكبر
,ويتمرد,ويتمرَّد,ويتمرَّد,ويتمَّرد,,ويتمرد
,عليك,عليك,عليك,عليك,,عليك
,ويهينكبين,يابني,ويهينكبين,ويهينكبين,,
,اصحابك,,أصحابك,اصحابك,,
,ويحنيراسك,,ويحنيراسك,ويحنيراسك,,ويحنيراسك
,في,,في,في,,فى
,الشوارع,,الشوارع,الشوارع,,الشوارع
,والمحافل,,,وفيالمحافلوتستريحمنسوَّ,,
,وتستحيمن,,وتستحيمن,,,وتستحيمن
,فحشاتهوتختزيبافعالهالرديه,,سوءأفعالهياابني,افعاله,,افعاله_
,,,,وتختزىمنفحاشتهالرديَّه_,,ياابنى
,يا,,,يا,,
,,,,ابني,,
,,اقتني,,اقتني,,اقتني
,,تورقرناني_ولاتصاحبرجلقرنانياودقناني,,لك,,
يا,,يا,,ثورمربعوحمار,,ثورمربعوحمار
بني,بني,بني,,ذواظلافاعني,,
لاتاكلخبزًامعالذيلاحيآءله_(٤٨)يابنيلاتحسدقريبكعلىخيراتهِ_ولاتفرحببلاياه(٤٩),,,,كبيرالحافر,,كبيرالحافر
,,,,ولا,,ياولدى
,لا,لا,لا,,,لا
,تقتني,تقتني,تقتني,تقتني,,تقتني
,عبد,عبد,عبد,ثورًقرنانيولاتصاحبرجلًذقنانى_ياابنىلاتقتنىعبدً,,عبد
,هاربولا,هاربولا,هاربولا,هاربولا,,هاربولا
,جاريةهي,جاريةً,جاريه,جاريةً,,جاريه
,سراقه,سراقه,سارقهلا,مسروقه_,,سراقه
,لانكان,لانهميهلكواكلشيَّ,,لان,,لان
,,,,كلشيتسلَّم,,كلشى
,تسلم,تسلم,,,,تسلم
,لهم,لهم,,لهم,,لهم
,كلشي,اياه,كلشي,,,
,يهلكوهيا,,تسلّملهميعدموه,يهلكوه_يا,,يهلكوه_يا
,بني,,,ابني,,ابنى
,كلامالناسالكاذبين,,,كلامالناسالكاذبين,,كلامالناسالكاذبين
,الجاهلين,,,الجاهلين,,مثل
,يشبه,,,شبه,,
,العصافيرالطايرين,,,العصافيرالطايرين,,العصافيرالطايرين_
,في,,,فى,,ياولدى
,الفضاوهمسمينين,,,الفضاوهمسمينين,,
,,,,_,,
,ومنليسله,,,ومنليسله,,
,قلبياكلهمومنليسفيه,,,,,
,فطنهيطيعلهم,,,فطنهيطيعلهم_,,
يا,يا,يا,يا,يا,,
بني,بني,بني,ابني,ابني,,
لا,لا,لا,لا,لا,,لا
تتركصديقكالاوّلليئلاغيرهلايقوممقامهُ_(٥٠)لاتدخليابنيالىبستانالقضاةولاتخطبابنةالقضاة_(٥١)يابنيزُرصديقكباقواللطاف_وتكلملاجلهامامالحاكملكيتنجيهمنفمالاسد_(٥٢)يابنيلاتفرحبعدوّكلما,تحوجوالديك,تحوجوالديك,تحوجوالديك,تحوجوالديك,,تحوجوالديك
,,,,ليلا,,
,يلعنوك,يلعنوك,يلعنوك,يلعنوك,,يلعنوك
,فيستجيب,فان,فيستجيب,فيستجيب,,لان
,,الله,,,,
,,يستجيب,,,,يستجيب
,الله,,الله,الله,,الله
,منهم,منهم_,منهم,منهم,,منهم
,لان,لان,لأنهمكتوب,لانه,,ومنيخدم
,,قد,,,,
,قيل,قيل,,قيل,,
,ان,,,,,
,من,من,من,من,,
,يشتم,شتم,شتم,يشتم,,
,ابوه,والديه,أبايه,اباه,,
,وامهموت,موتًا,موتًا,وامهموت,,
يموت_,يموت,يموت_,يموت,يموت_,,
(٥٣)اذايمكنالوقوفلأحدٍبدونمكانويطيرالطيور,اعني,ومن,ومن,اعني,,
,موتالخطيه,يطيعوالديه,,الخطيَّه,,
,ويسخطالله,,,ويسخطالله,,
,,,,عليه_,,
,ومن,,,ومن,,
,يكرم,,يكرم,يكرم,,
,ابوهوامه,,أبآيه,ابوهوامه,,ابوهوامه
,تطولحياته,تطولحياته,تطولحياته,تطولحياته,,تطولحياته
,علي,على,على,على,,على
,الارض,الارض,وجهالأرض,الارض,,الارض
,ويصادفهكل,ويصادفهكل,ويصادفهكل,ويصادفهكل,,_ياولدىفى
,خير,خير,خير,خيرات_,,
,يا,يا,يا,يا,,
,بني,بني,فيطريقك,ابني,,
,في,,,,,
,,لا,,,,
,,تمشي,,,,
,الطريق,,,,,الطريق
,,في,,,,
بلا,بلا,,بلا,,,بلا
,سلاح,الطريقبلاسلاح_,سلاح,,,سلاح
اجنحةويبيّضالغرابمثلالثلجويحلىالمرّمثلالعسل_فاذذاكيمكنللجاهلانيصيرحكيمًا_(٥٤)يابنياذاكنتحبراللهفكناشدّمنهانتباهًا_وادخلامامحضرتهبنقاوة_(٥٥)يابنياذااقرضتالفقيردراهمفانكاشتريتهلكهووبنيهِ(٥٦)يابنيانّ,,,,,,
,,,لا,,,لا
,اعني,لانكليستعرفمتي,,,,
,,,,,,تمشي
,,,تمشي,,,
,ذكرالله,,,ذكرالله,,
,,,,لا,,
,ورسمالصليبلاتمضي,,أعني,,,
,,,ذكرالله,,,
,لانليس,,,يخلومنقلبكوليس,,لانليس
,,,يكونمعكلأنما,,,
,تعرفاين,,تعرفاين,تعرفاين,,تعرفاين
,يلتقيك,يلتقيك,يلتقيك,يلتقيك,,يقتلك
,عدوك,عدوك_,العدواوالأعداهم,عدوك_,,عدوك
,,اعني,,اعني,,اعنى
,,الشيطان,الشياطين,الشياطين,,الشيطان
,,ابن,ام,,,اواولاد
,,,بني,بني,,
,,البشر,البشر,البشر,,البشر
,,الشرير,الشريرين,الشريرين_,,الشريرين
,وكونحظور,,وأنتتكونحضورفيجميعطرقكياابنيالرجلاذا,وكونحظور,,وكونحظور
,في,,,في,,فى
,طريقك,,,طريقك,,طريقك_
,لان,,,لان,,ياولدى
,اعدىاعنيالشياطينوبنيالبشرالاشرار,,,اعدا,,
,كثيرين,,,كثيرين,,
,يكمنوا,,,يكون,,
,لك,,,لك,,
,يا,يا,,يا,,
,بني,بني,,ابني,,
,مثل,مثل,,مثل,,مثل
,شجرة,شجرة,,شجرةٍبهيَّه,,شجرة
,هي,البهيهبالاتمار_وفياغصانهاوفياروراقها_,,,,
,بهيه,,,,,بهيه
,في,,,في,,كونفى
,اثمارهاواغصانها,,,اثمارهاواغصانها,,اثمارهاواغصانها_
,وورقها,,,واوراقها,,
,هكذا,هكذا,,هكذا,,هكذا
الرجل,الرجل,الرجل,,الرجل,,الرجل
الذيليسلهاخوة,بامراة,الصالح_بامراةً,,بامراة,,بامراة
,صالحه,صالحه,,صالحه,,صالحه
,واولادهواخوتهورجلليس,واولادًصالحين_,,واولادهواخوتهورجلليس,,يقتنياسمجيد_والرجلالذى
,,,ما,,,ما
,لهامراه,,كانعندهأمرأه,لهامراه,,لهامراه
ولااولاد,واولادواخوههو,,,ولااولاد,,ولااولاد
فانهمرذولومنبوذاماماعدآءه_,,,ولا,ولا,,
,,,أولادولاأخوهيكون,اخوه,,
,في,,في,فى,,فى
,الدنيا,,الدنيا,الدنيا,,الدنيا
,عار,,,معيرةً,,يشبهلشجرةعلىجانب
,معيره,,معيره,,,
,يكونلاعداه,,لأعدايه,يكونلاعداه,,
,وممقوت,,وممقوت,وممقوتًا,,
,عندهم,,عندهم,عندهم,,
ويشبه,ويشبه,,يشبهالشجرهاذاكانتعلىجانب,وشبه,,
شجرةكائنة,الشجرة,,,الشجرة,,
,التيهيعلي,,,التىهى,,
على,,,,على,,
قارعة,قارعة,,,قارعة,,
الطريق_,الطريق,,الطريق,الطريق,,الطريق
وكل,وكلمن,,كل,وكل,,كلمن
من,يعبر,,,,,يعبر
,,,منعبر,من,,
,,,,عبر,,
يجوزبجانبهاياخذ,ياكل,,ياكل,,,ياكل
منها,,,منها,داسهاواكل,,
وتدوسهاالحيواناتوالطيور_(٥٧)يابنيلاتقلفيقلبكانّسيّديجاهلوانا,مناثمارها,,وأيضًاحيوان,مناثمارها,,مناثمارها_
,وحيوان,,,وحيوان,,
,البر,,البر,البر,,
,تنثروتهبط,,ينثر,تنثروتهبط,,
,ورقها,,ورقها,اوراقها,,
,يابني,يابني,يا,يا,,يا
,,,ابني,ابني,,ولدى
,لاتقول,لاتقول,لاتقول,لاتقول,,لاتقول
,ان,ان,إن,ان,,ان
,سيدي,سيدي,سيدي,سيدي,,سيدى
,احمقوانا,احمقوانا,أحمقوأنا,احمقوانا,,احمقوانا
حكيم,حكيم,حكيم_,حكيم,حكيم,,حكيم
بل,الا,ولوكنتاعرفمنه_فانكتكونعندهممقوتمرذولولاتعد,بل,الا,,الا
اعتبرهباقساموأحبّه_(٥٨)يابنيلاتعدُّنفسك,يجب,,يجب,يجب,,يجب
,,,عليكأن,ان,,
معالحكمآء,,,,,,
اذالميمجدكالغير_(٥٩)يابنيلاتكثراقوالكقدامسيدكليئلاتبقىمهانًافيعينيه_(٦٠),يكونعندكشريف,,يكونعندكشريف,يكونعندكشريف,,يكونعندكشريف
,واذا,,وتحسب,ولوكان,,واذا
يابنيلا,,,,,,
,,,معالحكمآء,,,
تلعنالاهك,هو,,,,,يكون
,معيوب,,وعندالناس,معيوب,,معيوب
,حتي,,,حتى,,حتى
,تكون,,,تكون,,تكون
,انت,,,انت,,
,محبوب,,محبوب,محبوب,,محبوب_
,ولاتحسب,,,ولاتحسب,,ولاتحسب
,نفسكمن,نفسكمن,,نفسكمن,,نفسكمن
,عدد,,,عدد,,زمرة
,,اهل,,,,اهل
,الحكما,الحكمهاد,,الحكما,,الحكما_
,اذ,,,اذ,,ياولدى
,لمتكون,لمتكون,,لمتكون,,
,عند,,,عند,,
,الناس,الناس,,الناس,,
,بهذه,بهده,,بهذه,,
,الصوره,الصوره,,الصوره_,,
,,يابنيلا,,,,
,يا,,يا,يا,,
,ولدي,تكتر,ولدي,ابني,,
,لاتخبر,,لاتخبر,لاتخبر,,لاتخبر
,قدامسيدككلام,قدامسيدككلام,قدامسيدككلام,قدامسيدككلام,,قدامسيدككلام
,جهلوحماقه,جهلوحماقه_,جهلوحماقه,جهلوحماقه,,لايجبحتى
,ليلا,ليلا,فتبقىعنده,ليلا,,
,تكون,تكون,,تكون,,تكون
,بعينيه,في,,بعينه,,فى
,,عينه,,,,عينه
,مرذول,مهزولمهانيابني,,مرذول,,مرذول_
,مهين,,مهين,منهان_,,
,,,ومرذول,,,
,يا,,يا,يا,,يا
,ولدي,,ولدي,ولدي,,ولدى
,لاتكونمن,لاتكونمن,لاتكونمن,لاتكونمن,,لاتكونمن
,الذين,الذين,الذييقوللهم,الذين,,الذين
,يقاللهم,يقوللهسيده,,يقاللهم,,يقاللهم
,من,,,من,,امضوا
,سيدهم,,سيدهم,سيدهم,,
,,,,,,عني_
,اندفع,اندفع,اندفع,اندفع,,
,,,عني,,,
,منوجهي,منوجهي_,,منوجهي,,
,بل,بل,بل,بل,,بل
,منالذين,كونمثلمن,الذينيقاللهمأدنوا,منالذين,,منالذين
,يقال,يقال,,يقال,,يقول
,لهم,لهتعالاليَّيابني,,لهم,,لهم
,ادنووتعال,,,ادنوا,,تعالوا
,,,وتعالوا,وتعالوا,,
,اليّ,,اليّ,الى,,
,,,,عندي_,,عندي_
,ياولدي,,ياولدي,ياولدي,,ياولدىفىايامضيقتك
في,في,,,في,,
يوم,يوم,,يوم,يوم,,
البليةليئلا,احزانكواسياتك,,,احزانكواسياتك,,
,وضياق,,,وضيقاتك,,
,تاتيعليك,,تاتيعليك,,,
,,,الضيقاتوالأحزان,,,
,لا,لا,لا,لا,,لا
,تفتري,تفتري,تفتري,تفتري,,تفترى
,وتشتم,علي,وتشتم,وتشتم,,وتشتم
,لربك,,إلآه,لربك,,لربك
,,ربك,ربك,,,حتىيسخطعليكشرحهاعنيالشيطانلاتتركهيعملبكخطيهصغيرهليلايعملبككبيرهياولدى
,,فييومشدتك_ولاتشتموتدمدمفييوماحزانك_,,,,
,ليلا,ليلا,ليلا,ليلا,,
يسمع,يسمع,يسمع,يسمع,يسمع,,
اقوالكفيغضبعليك_(٦١)يابنيعندماتكون,كلامك,كلامك,,كلامك,,
,ويسخطعليكيا,ويسخطعليكيا,ويسخطعليكيا,ويسخطعليك_يا,,
,بني,بني,ابني,ابني,,
,عبدك,,عبدك,اذايكونوا,,
عبيدك,قدامرفيقه,,قام,عبيدك,,
واقفةبينيديكلاتبغض,,,,قايمينقدامك,,
,لا,لا,لا,لا,,
,تحبهلانك,تحب,تحب,تحب,,
الواحد,,عبدًااكترمنرفيقهقدامه_لانك,رفيقهأكثرمنهلأنكما,الواحد,,
وتحبذاكالآخرلانّك,,,,وتبغضالاخرلان,,
,,لاتعلم,,,,
لاتعلم,,,,,,
,ليس,,,ليس,,
ايّمنهمايضلعندكبالتالي_(٦٢),تعرف,,تعرف,تعرف,,
,اي,ايما,لاي,ايما,,
,منهم,هواخير,منهم,منهم,,
,,,فيالآخر,,,
,تختار,,تختار,تختار,,
,لكفي,لكفي,لكياابنيعنزهتكثر,لكفي,,
,الاخيرياولدي,الاخريابنيعبدًا,,الاخير_ياولدي,,
,عبد,,,عبد,,عبد
,يترك,يترك,,يترك,,يترك
,,بيت,,بيت,,بيت
,مواليه,مواليه,,مواليه,,مولاهما
,الاولين,الاوَّليين,,الاوّلين,,
,ويمضي,ويمضي,,ويمضي,,
,,الي,,الى,,
,عند,عند,,عند,,
,اخرين,غيرهم,,اخرين,,
,لم,لم,,ليس,,
,يصلح,ينصالحينصلح,,يصلح,,يصلح
,امره,امره,,امره_,,لغيره
,,ابدًا,,,,
,,_,,,,_
,يا,يا,,يا,,ياولدى
,بني,بني,,ولدي,,
,عنزة,عنزةً,,عنزة,,عنزة
,تدور,تدور,,تدور,,تدور
,وتكثر,وتكترخطوتهاماكولًاللديب,,وتكثر,,كثير
,خطواتها,,خطواتها,خطواتها,,
,تكون,تكون,,,,تكون
,ماكول,,,ماكول,,ماكول
,للدياب,,,الديب,,الدياب_ياولدىحلىالسانك
,يابني,يابني,تصير,تصير_,,
,,,ماكلالذيبياابنيحلّيكلامكواضبط,ياابني,,
,حكم,حكم,,حكم,,
,,صالح,,,,
,مستقيم,مستقيم,,مستقيم,,
,صالح,,,صالح,,
,كون,,,كون,,
,احكم,احكم_,,احكم,,
,حتىتنال,لتنالشيخوخةً,,حتىتنال,,
,شيخوخه,,,شيخوخةمكرَّمه,,
,مكرمه,مكرمه,,,,
,وتستريح,وتستريح,,وتستريح,,
يابني,يابني,يابني,,,,
العبدالذييتركسيدهالاوّلفانّهلاينجح,حلي,حسَّنكلامكوحليَّ,,,,
في,,,,في,,
امرهِ_(٦٣)يابنياقضقضآءًمستقيمًاودَبّرشيخوخةصالحة_(٦٤)يابنيفليكن,,,,كبرك_ياابنىحلَّي,,
لسانك,لسانك,لسانك_,لسانك,لسانك,,
حلوًاولفظكلطيفًالانّ,,,ولا,بكلامالله,,
,واحسن,,,واحسن,,واحسن
,كلام,,,كلام,,كلامك
,فمك,,,فمَّك,,
,وخاطبالناس,وخاطبالناس,,وخاطبالناس,,وخاطبالناس
,بالجيد,بكلجود_لتكونعندهممشكورًاموقرًايابنيدنب,,بالجودوالاحسان_,,بالتىاحسن
,لانذنب,,,لانذنب,,لانذنب
الكلب,الكلب,الكلب,,الكلب,,الكلب
ذَنَبُهيعطيه,تعطي,يطعمه,,تعطي,,يطعم
خبزًا,له,خبزًا_,,له,,له
,خبز,,,خبز,,الخبز
وفمه,وفمه,وفمه,,وفمه,,وفمه
يعطيهضربات_(٦٥),يعطيلهضرب,يطعمهالظرببالحجاره,,يعطيلهضرب,,الحجارهوالضرب_ياولدى
,وحجارة,,,وحجاره_ياابني,,
يابني,يابني,يابني,,,,
لا,لا,لا,,لا,,لا
تترك,تترك,تترك,تترك,تترك,,تترك
صديقكان,رفيقك,رفيقك,رفيقك,رفيقك,,رفيقك
يدوس,يدوس,يدوس,يدوس,يدوس,,يدوس
على,علي,علي,على,على,,على
رجليك,رجليك,رجلك_,رجلك,رجلك,,رجلك
ليئلا,ليلا,ليلا,ليلا,ليلا,,ليلا
يدوس,يدوس,يدوس,يدوس,يدوس,,يدوس
ايضًا,علي,مرةًاخرهعلي,,,,
على,,,على,على,,على
رقبتك_(٦٦)يابنياحسنالىرجلاللهوتكونانتايضًامحترمًا_(٦٧)يابنيلاتتقاضمعاحدفييومحدوثالامر_ولاتقاومالنهرحينفيضانه(٦٨)يابنيانّعينالانسانهيمثلالينبوعفلاتشبعالى,صدرك,صدرك_,صدرك,صدرك,,صدرك_
,اعني,يا,يا,اعني,,يا
ان,,,,,,
تمتليترابًا(٦٩),لاتتركهيعملبكخطيه,بنياظرب,ابنيأضرب,عدوكالشيطانلاتتركهيعملبكخطيَّة,,ولدى
,صغيرهليلايعملبك,,,صغيرهليلايعملبك,,
,كبيرهيابني,,,كبيرة_ياابني,,
,اضرب,,,اضرب,,اضرب
,الرجل,الرجل,الرجل,الرجل,,
,الحكيمبكلامالحكمه,الحكيمبكلامالحكمه_,الحكيمبكلامالحكمه,الحكيمبكلامالحكمه,,الحكيمبكلامالحكمه
,وتكون,فتكون,فتكون,وتكون,,تكون
,في,في,في,فى,,فى
,قلبه,قلبه,قلبه,قلبه,,قلبه
,مثل,لهااماكنومخازن_ولاتظرب,مثل,مثل,,مثل
,حمّة,,حمَّه,حمَّةرفيعة,,حمتً
,رفيعه,,رفيعه,,,رفيعه
,وانتضرب,,وإنضربت,وانتضرب,,وانتضرب
,الجاهل,الجاهل,الجاهل,الجاهل,,الجاهل
,عصي,بعصاهفانه,عصىكثير,العصه,,بالعصى
,كثيرين,,,كثيرين,,
,لا,لا,لا,لا,,لا
,يعرفولا,,يعرفولا,يعرفولا,,يعرفولا
,يفهم,يفهم,يفهم,يفهم,,يفهم_
,,مقدارها,,شيمنالخير_,,
,يا,يا,ياابني,ياابني,,يا
,بني,بني,,,,ولدى
,,,,,,ان
,ان,ان,ان,ان,,
,بعثت,ارسلت,بعثت,بعثت,,تبعث
,رجلحكيم,رجلحكيم,رجلحكيم,رجلحكيم,,رجلحكيم
,لاجل,في,لقضيانحاجه,في,,ليقضيشغلك
,قضياناشغالك,حاجتك_فلاتكترعليهالوصيه_لانهيقظيهاكمايحبقلبك_وانارسلت,,قضياناشغالك,,
,لاتكثر,,لاتكثر,لاتكثر,,لاتكثر
,توصيه,,التوصيهلامثل,توصيه,,عليهالوصايه
,وتحظره,,,وتحضره,,
,لانمثل,,,لانمثل,,لانمثل
,مايريدقلبك,,مايريدقلبك,مايريدقلبك,,مايريدقلبك
,يقضيهم,,يقضيلكأنكانلكحاجهأنتامضيأقضيهاولا,يقضيك_,,يقضيك_
,وان,,,وان,,وان
,بعثت,,تبعث,بعثت,,تبعث
,رجل,رجل,رجل,رجل,,رجل
,احمق,احمق,أحمق,احمق,,جاهل
,لا,لا,,لا,,لا
,تحدثه,تكلمه,,تحدثه,,تحدثه
,قدامالناس,قدامالناس_,,قدامالناس_,,قدامالناس
,اما,اما,,اما,,لان
,انت,,,انت,,
,امضي,امضي,,امضي,,
,وهولا,انت,,,,
,,ولا,,ولا,,
,تبعثه,ترسله_,,تبعثه,,
,لانه,لانه,,لانه,,
,لم,لا,,لم,,لم
,يقضي,يقضي,يقضي,يقضي,,يقضي
,اشغالك,اشغالك,اشغالك,اشغالك,,شغلك
,مثلما,كما,لأنكفيالآخرتندم,مثلما,,مثلما
,تريد,تريد,,تريد,,تريد
,لو,,,ولو,,ولو
,توصيه,,,توصيه,,توصيه
,كثير,,,كتيرًكتير_,,كثير_
,كثير,,يا,يا,,يا
,يابني,يابني,ابني,ابني,,ولدى
,اذا,اذا,اذا,اذا,,اذا
,ارسلوك,ارسلوك,أرسلوكالى,ارسلوك,,ارسلوك
,الي,الي,,فيحاجة,,الى
,موضع,موظع_,موضع,,,موضع
,لاتحوجهم,لاتحوجهم,لاتحوجهم,لاتحوجهم,,لاتحوجهم
,,يرسلوا,,ان,,ان
,يرسلون,,يرسلون,يرسلون,,يبعثوناحدخلفك_
,,,,في,,
,وراك,وراك,,وراك,,
,غيرك,غيرك_,غيرك,غيرك,,
,ولاتعادي,ولاتعادي,ولاتعادي,ولاتعادي,,ولاتعادي
,رجل,رجلًا,رجل,رجل,,رجل
,كبيريقابلك,كبيريقابلك,كبيريقابلك,كبيريقابلك,,كبيريقابلك
,بالشر,بالشر,الشر,بالشر,,بالشر
,منحيثلا,منحيثلا,منحيثلا,منحيثلا,,منحيثلا
,تعلميا,تعرف,تعرف,تعرف,,تعرف_
,,يا,يا,_ياابني,,يا
,بني,بني,ابنيجرّبأبنك,,,ولدى
,جربابنك,جربابنك,,جربابنك,,جربابنك
,وغلامك,,وغلامك,واغلامك,,وغلامك
,في,في,في,فى,,فى
,خبز,خبز,خبز,خبز,,خبز
,ومايوحينيذ,وماء,ومآءوحينئذسلّم,اوفىشيحقيراوَّلًحينيذسلَّم,,وماى
,,وبعدذلك,,,,وبعدذلك
,سلم,سلم,,,,سلم
,لهم,اليه,لهم,لهم,,لهم
,مالك,مالك,مالك,مالك,,مالك_
,ورزقكيا,ورزقكيا,ورزقكيا,ورزقك_يا,,ياولدىحملتُ
,بني,بني,ابني,ابني,,
,اوّلي,اداكنتفيعرساووليمهفاخرجاولًا_ولاتتاخر,اذادعوكللولآيموالدعواتلا,واوَّل,,
,اخرجمنالعرسوالولايمولا,,,اخرجمنالعرسوالولايمولا,,
,,,تبطي,,,
,,,,تبطي,,
,تبطا,,لتدهنبالأدهانبلاخرجأوّلًا,,,
,حتي,حتي,,حتى,,
,تدهنبالادهان,تندهنبالدهن,,تدهنبالادهان,,
,والطيب,والطيب_,,والطيب,,
,ليلا,ليلا,ليلا,ليلا,,
,تكون,يكون,يكون,يكون,,
,لك,لك,فيرأسكفرجات,لك,,
,فيراسك,فدغات,,فيراسك,,
,الفدغاتوالجروحيابنيمنهي,وجروح,وجروح,فدغاةوجروج_,,
,,يابني,ياابني,ياابني,,
,,من,من,من,,
,,هو,يدّه,هو,,
,يده,يده,,يده,,
,ممتليه,ممتليه,ممتليه,ممتليه,,
,يدعا,يدعي,يدعا,يدعا,,
,حكيم,حكيم,حكيم,حكيمًمبجلً,,
,مبجل,مبجل_,ومنيدّه,,,
,ومن,ومن,,ومن,,
,هي,هو,,هى,,
,يده,يده,,يده,,
,فارغه,فارغه_,فارغه,فارغه,,
,فيدعوه,فيدعوه,يدعوه,يدعوه,,
,,,,فقير,,
,مسكين,مسكين,مسكين,مسكين,,
,محتاج,بايسولااحدًا,ومحتاجياابنيإنأكلت,محتاج,,
,اخس,,,ناقص,,
,,,العلقموبلعت,,,
,واحد,,الصَّبر,واحد,,
,ܫܦܠ,,,مايكرَّمه_ياابني,,
,,,لم,,,
,لم,,,,,
,,,تجدأمر,,,
,يكرمهيابني,يكرمهيابني,,,,
,قداكلت,قداكلت,,قداكلت,,
,العلقموبلعت,العلقموبلعت,,العلقموبلعت,,
,الصبر,الصبر,,الصخر,,
,فلماجدامرّ,ولماجد,,ولماجد,,
,,امرَّ,,امر,,
,منالمسكنه,منالمسكنه,منالمسكنه,منالمسكنه,,
,والقللهيابني,والقلهيابني,والقلّه,والقلَّه_ياابني,,
,قد,,,قد,,
,حملت,حملت,,حملت,,
,الحديدوالرصاص,الرصاصوالحديد_,,الحديدوالرصاص,,الحديدوالرصاص
,ولماجد,ولماجد,,وماوجدتهمثلالهزواوالنميموالنميمه_ياابنيقد,,
,امرّمنالدين,اتقلمنالديون,,,,
,يابني,يابني,,,,
,حملتالملح,حملتالملح,,حملتالملح,,
,وحجاراتكبار,والحجار,,والحجارةالكبارما,,
,وما,وما,,,,وما
,ثقلوا,تقلواعليَّ,,ثقلوا,,ثقلوا
,علىَّ,,,عليّ,,علىَّ
,مثلمن,مثلمن,,مثلمن,,مثلمن
,يجلسويضحك,يطحك,,يضحك,,يضحك
,ويستهزي,ويستهزي,,ويستهزىوهوجالس,,
,,يابنيالسكنهمعالوحوشالظارياحسنممَّنيسكن,,فى,,فى
,في,في,,,,
,بيتاحماه,بيتاحماه_,,بيتاحماه,,بيتاحماه
,وغيرهم,,,وغيرهم_,,وغيرهم
,يا,يا,يا,يا,,يا
,بني,بني,ابني,ابني,,ولدى
,علم,علم,علّم,علم,,علم
,ابنكالجوعوالعطش,ابنكالجوعوالعطش,ابنكالجوعوالعطش,ابنكالجوعوالعطش,,ابنكالجوعوالعطش
,حتي,حتي,حتى,حتى,,حتى
,يحسن,يحسن,يحسن,,,يحسن
,يدبر,تدبير,لهويقدر,,,تدبير
,,,يدبّر,يدبّر,,
,بيته,بيته,بيته,بيته,,بيته
,,,ياابنيإناحتجتلاتكشفحالكلصاحبكليلَّاتندمياابنيلاتعلمكلامالحكمهوالمعرفهللجاهلليلَّاتندمياابنيعمى,_,,ولا
,يا,يا,,يا,,
,ولدي,بني,,ولدي,,
,لا,لا,,لا,,
,تعلم,تعلم,,تعلم,,تعلم
,الحمقين,الجهال,,الحمقين,,الاحمق
,كلام,,,كلام,,كلام
,الحكمهوالمعرفه,الحكمهوالمعرفه_,,الحكمهوالمعرفه_,,الحكمهوالمعرفه
,لانكلامالحكمه,لانكلامالحكمه,,لانكلامالحكمه,,
,عندهم,عندهم,,عندهم,,عندهم
,مثل,ليسلهثمن,,مثل,,مثل
,من,,,من,,الجهلكلامالحكما_ياولدىاعما
,يلصق,,,يلزقالجرف,,
,لجسمه,,,لجسمه,,
,الخزف,,,,,
,ليسمن,,,ليسمن,,
,يابنيان,يابنيان,,ياابنيان,,
,احتجت,كنتمحتاج_,,احتجت,,
,وانضررت,,,وانضريت,,
,لاتكشفحالكلصاحبكليلاتكونعندهخسيسيا,لاتكشفحالكلصاحبك_ليلاتكونعندهخسيسيا,,لاتكشفحالكلصاحبكليلاتكونعندهخسيسيا,,
,بني,بني,,ابني,,
,عما,عما,,عما,,
,العين,العينيناحسن,العين,العين,,العين
,اخير,,أخيرمنعمى,اخير,,اخير
,من,من,,من,,من
,عما,عما,,عما,,اعما
,القلب,القلب_,القلب,القلب,,القلب
,لان,لان,لأنالأعما,لان,,لان
,اعمىالعينين,الاعمي,,عما,,اعما
,,,,العين,,العين
,يهتدي,يهتدي,يهتدي,يهتدي,,يهدي
,الى,الي,,الى,,
,الطريق,الطريق_,,طريقالمستقيمهوعما,,الطريق
,,قليل,قليل,,,قليل
,بقليل,قليل,قليل,,,بقليل_
,قليلواعمى,امااعمي,وأعمى,,,واعما
,القلب,القلب,القلب,القلب,,القلب
,يترك,يترك,يترك,يمضي,,يترك
,الطريق,الطريق,طريق,,,طريق
,المستقيمويمضي,المستقيمويمضي,المستقيمويمضي,,,المستقيمويمضي
,في,في,فيالمعوَّجياابنيعثره,فىطريق,,فىطريق
,الطريقالمعوج,طريقالمعوجَّهيابنيعترة,,المعوجّه_,,الاعوج_ياولدى
,يا,,,يا,,
,بني,,,ابني,,
,عثرة,,,عثرة,,عثرة
,الانسان,الانسان,الانسان,الانسان,,الانسان
,برجلهاخيرمن,برجله_اخيرمن,برجليهأخيرمنعثرهلسانهلأن,برجلهاخيرمن,,برجلهاخيرمن
,عثرته,عترة,,عثرته,,عثرته
,,,الفتى,,,
,بلسانه,بلسانه_,,بلسانه,,بالسانه_لان
,,,يموت,,,
,,لانالموتفيعترةالسانيكون_وليسفيعترةالرجل,منعثره,لكن,,
,,,,يموت,,يموت
,,,,الفتى,,الفتى
,,,,في,,من
,,,,عثرته,,عثرته
,,,,في,,بالسانه
,,,لسانه,لسانه,,
,ولم,,والأليم,ولم,,ولم
,يموت,,يموت,يموت,,يموت
,من,,من,بعثرته,,من
,عثرته,,عثره,,,عثرت
,برجله,,رجله,برجله_,,رجله_
,يا,يا,يا,يا,,ياولدى
,بني,بني,ابني,ابني,,
,صاحبقريب,صاحبقريب,صاحبقريب,صاحبقريب,,صاحبقريب
,اخيرمن,اخيرمن,أخيرمنأخ,اخيرمن,,اخيرمن
,اخ,اخً,,اخًا,,اخ
,بعيد,بعيد_,بعيد,بعيد,,بعيد
,واسم,واسمًجيدً,وإسمالجيدأخير,واسم,,واسم
,جيد,,,جيَّد,,جيد
,اخير,اخير,,اخير,,اخير
,من,من,من,من,,من
,دهن,دهنًا,دهن,دهن,,دهن
,جيد,جيد_,الجيّدلأن,جيَّد,,جيد
,لان,لان,,لان,,لان
,الدهنيفرغويبيد,الدهنيفرغويبيد_,الدهنيفرغويبيد,الدهنيفرغويبيد,,الدهنيفرغويبيد_
,ويهلك,,وإسمالجيّديدومويبقىإلىالأبد,ويهلك,,
,واسم,والاسم,,والاسم,,واسم
,الجيد,الجيد,,الجيَّد,,الجيد
,يدوم,يدوم,,يدوم,,يدوم
,ويبقا,,,ويبقا,,ويبقا_
,الي,الي,,الى,,
,الابد,الابد_,,الابد_,,
,والحسن,والحسن,والحسن,يا,,يا
,,,يبلى,ابنيالحسن,,ولدى
,يبلا,يبلا,,يبلا,,
,ويتخبل,ويتخبل_,ويتخبل,ويتخبَّل,,
,والعالم,والعالم,والعالم,والعالم,,
,يفنا,يفنا,يفنى,يفنا,,
,ويزول,ويزول_,ويزول,ويزول,,
,,والدنياتعبروتبطل_,والدنياتعبروتبطل,والدنياتعبروتبطل,,
,والاسم,والاسم,والإسم,والاسم,,
,الجيد,الجيد,الجيد,الجيَّد,,
,لا,لم,لم,لم,,
,يعبرولا,,يعبرولا,يعبرولا,,
,يزول,يزول,يزول,يزول_,,
,يا,ولايبطليابنيرجلً,يا,يا,,
,بني,,ابني,ابني,,
,رجل,,رجل,رجل,,رجل
,ليسله,ليسله,ليسله,ليسله,,ليسله
,راحة,راحه_,راحه,راحةًفيالدنيا,,راحه
,موته,موته,موته,موته,,موته
,اخير,اخير,أخير,اخير,,اخير
,منحياته,منحياته,منحياته,منحياته_,,منحياته
,اعنيتوبهمنخطاياه,,يا,يا,,يا
,وصوت,وصوت,ابنيصوت,ابنيصوت,,ولدى
,,البكا,البكا,البكا,,
,,,أخير,,,
,,اخير,,اخير,,
,,منصوت,منصوت,منصوت,,
,,الغنا,الغنا,,,
,,,,الغنى,,
,,والفرح_,والفرح,والفرح,,
,,لان,لأن,لان,,
,,صوت,صوت,صوت,,
,البكا,البكا,البكا,البكا,,
,والنوحباذنيانسانفيهاخافه,فيادنمنيخاف,والحزنفيهإخافةاللهألمسكينأخيرمايجمعرزقًاكثيرويتبدد,والنواحيدلاخافة,,
,الله,الله_,,الله,,
,اخيرمنصوت,اخيرمنصوت,,,,
,,,,وحزنالانسانعلىخطاياه_,,
,الغنىوالفرح,,,,,
,,الغنافيادنمنلايخافاللهيابنيعصفور,,,,
,ياولدي,,,ياولدي,,
,كرعة,,,رغيفخبز,,
,فييدكاخيرمن,فييدكاخيرمن,,فييدكاخيرمن,,
,وزّفيقدر,وزهفييد,,وزنةفىقدرة,,
,غيرك,غيرك_,,غيرك,,
,ونعجة,ونعجه,,ونعجةً,,
,قريبهاخيرمن,قريبهاخيرمن,,قريبهاخيرمن,,
,ثور,تور,,ثورً,,
,بعيد,بعيد_,,بعيد,,
,وعصفور,ورزقًقليلمجموع_,,وعصفور,,
,حقير,,,,,
,فييدك,,,فييدك,,
,اخيرمن,اخيرمن,,اخيرمن,,
,الف,رزقًكثيرمبدَّد,,,,
,عصافير,,,عصافير,,
,,,,كثيره,,
,طايرين,,,طايرين,,
,ومسكنةً,,,مسكنه,,
,تجمعاخيرمنرزقكثيروهو,,,تجمعاخيرمنرزقكثيروهو,,
,يتبدَّد,,,يتبدد_,,
,وتعلبحي,وتعلبحي,وثعلب,وثعلب,,
,,,,حيّ,,
,اخيرمناسد,اخيرمناسد,,اخيرمناسد,,
,ميَّت,,,وهو,,
,,ميت,,ميت,,
,اعني,يابني,,اعني,,
,انسان,انسان,,انسان,,
,حي,حقير,حي,حقير,,
,,بار,أخيرمنأسدميتوانسانحقيريعمل,ويعمل,,
,ذونسب,,,,,
,خير,,خير,خير,,
,,اخير,أخير,اخير,,
,منانسان,منانسان,منانسان,منانسان,,
,,,,ذونسب,,
,بخطووزنه,دوشرف,ابنجنس,,,
,,ونسب,ونسب,وهوميتبالخطيَّه_ياابنيوزنة,,
,,وهوشريراتيميابنياضمر,بلاخيركذلكيكونميتبخطايآهووزنة,,,
,صوف,,صوف,صوف,,
,اخيرمنوزنة,,أخيرمنوزنةمثل,اخيرمنوزنة,,
,مالاعني,,,,,
,ذهب,,ذهب,ذهب,,
,وفضهلانالذهبوالفضه,,وفضَّهلأنالمال,وفضهلانالذهبوالفضه,,
,يطمَّروهويغطَّوهفيالارض,,يطمروه,يطمروه,,
,,,فيالأرض,ويغطوه,,
,ولميترايا,,,ولميترايا,,
,والصوف,,والصوف,والصوف,,
,يبقافيالاسواق,,يبقىفيالأسواقويصير,يبقافيالاسواق,,
,ويترايا,,,ثميترايا,,
,ويكون,,,ويكون,,
,جماللمنيلبسهيا,,جماللمنيلبسهيا,جماللمنيلبسه_يا,,
,بني,,ابني,ابني,,
,اطمر,,أطمر,اطمر,,
,الكلمه,الكلمه,الكلمه,الكلمه,,
,في,في,في,فى,,
,قلبك,قلبك,قلبك,قلبك,,
,ويكونلكجيد,ولاتكشفهالصاحبكفتكونانتحاكمعليهايابني,ويكونلكجيد,,,
,,,وحينعندالناس,,,
,ولاتكشف,,ولاتكشف,ولاتكشف,,
,سرّ,,سر,سر,,
,صاحبك,,صاحبك,صاحبك,,
,فان,,وإن,فان,,
,تكشفسرهبدَّلتهودفعته,,كشفته,كشفته,,
,,,تندمياابني,خذلتهواهنته_,,
,ياولدي,,,ياولدي,,
,لاتخرج,لاتخرج,لاتخرج,لاتخرج,,لاتخرج
,الكلمه,الكلمه,الكلمه,الكلمه,,لكلمه
,من,من,من,من,,من
,فمك,فمك_,شفتيكحتَّى,فمك,,فمك
,حتي,حتي,,حتى,,حتى
,تشاور,تشاور,تشاور,تشاور,,تشاور
,قلبك,ظميركوقلبك,قلبك,قلبك,,قلبك
يابنيلاتقف,لان,يابنيلاتقف,وإنا,لان,,_واذا
عنداولئك,خير,فيخصومه_ولاتكونمازحلانالمزحوالضحكيكونالسَّو_ومن,,اخير,,
,لك,,,لك,,
,,,,ان,,
,تعثربرجلك,,,تعثربرجلك,,
,ولاتعثر,,,اخيرمنما,,
,بلسانكيا,,,بلسانك_يا,,
,ولدي,,,ابني,,
,اذا,,,اذا,,
,سمعت,,سمعت,سمعت,,سمعت
,كلمة,,كلمه,كلمةً,,كلمه
,من,,من,من,,من
,احداطمرها,,أحدأطمرها,احداطمرها,,احداطمرها
,في,,في,في,,فى
,قلبك,,قلبك,قلبك,,قلبك
,كما,,وكماشيالذيفيالأرضمطمورهكذاالكلمهأتركهاحتَّىتهلكها,كما,,كما
,في,,,في,,فى
,الارض,,,الارض,,الارض
,ولاتكشفها,,,,,و
,لان,,,لان,,
,كلماتبطا,,,كلماتطا,,
,عليهاتدفنهاوتبيدها,,,عليهاتدفنهاوتبيدها_,,
,ياولدي,,ياولدي,ياولدي,,
,بين,,بين,بين,,بين
الذين,الذين,,الذي,الذين,,الذين
يتخاصمون_,يتخاصمون,,يتخاصمون,يتخاصمون,,يتخاصمون
لانّ,لاتقوم,,لاتقوم,لاتقوم,,لاتقوم
,لان,,ولاتقفومن,لان,,لان
من,من,,,من,,من
الضحك,الضحك,,الضحك,الضحك,,الضحك
يحدثخصومةومنالخضومةيصيرقتالومنالقتاليجري,تكون,,يكون,تكون,,تكون
,,كلمت,,كلمة,,كلمت
,كلمه,,,,,
,السو,السوَّ,السو,السو,,السو
,,,,,,_
,ومن,,ومن,ومن,,ومن
,,,,,,كلمه
,كلمة,,,كلمة,,
,السو,,السو,السو,,السو
,تكونالخصومهومنالخصومهيكونالحرب,تكونالخصومه_ومنالخصومهيكونالحرب_,تكونالخصومهومنالخصومهيكونالحرب,تكونالخصومهومنالخصومهيكونالحرب,,تكونالخصومه_ومنالخصومهيكونالحرب
,ومنالحربيكون,,ومنالحربيكون,والقتال,,ومنالحربيكون
القتل,القتل,,القتل,,,القتل_
,وانت,,وأنت,وانت,,وانت
,,,ان,ان,,
,,,يبقى,كنتهناك,,
,ام,,,ام,,ام
,تنقتل,,تنقتل,تنقتل,,تنفلت
,ام,,أم,ام,,ام
,يدعوك,,يدعوك,يدعوك,,يدعوك
,للشهاده,,أن,,,ان
,,,تشهد,تشهد,,تشهد
,بل,بل,,,,
,,,بل,بل,,
,اهرب,,,,,اخيرانتفر
,,,فرَ,اقوللك,,
,,فر,,فر,,
,من,من,من,من,,من
,هناكوتستريحيا,هذاكلهُواستريحيابنيلاتخاصم,هناكوتستريحيا,هناكوتستريح_يا,,هناكوتستريح_يا
,بني,,ابني,ابني,,ولدىلاتقوملقاالشرولا
,لاتقومفي,,لاتقومفي,لاتقومفي,,
,المشاجره,,المشاجره,المشاجرةلما,,
,لقا,,قبالأحدأقوى,,,
,منهواقوا,منهواقوا,,منهواقوا,,
,منك,منك_,منك,منك,,
,وعبّر,لكن,لكن,ومكركلامهعليك,,
,,اغلب,عبّر,,,
,كلمه,,كلمه,,,
,وبطل,,ويبطل,وبطل,,
,الشر,,الشر,الشر,,
,واغلب,,وأغلبالشرّبالعقلياابنيأقتني,واغلب,,
,الشربالجوديا,الشربالجوديا,,الشربالجود_يا,,
,ولدي,بني,,ولدي,,
,اقتني,اقتني,,اقتني,,
,لك,لك,لك,لك,,
,قلبوديع,قلبًوديع_وكونمحتملفيمصيبتك,,قلبوديع,,
,واناة,,,ومتطعواناةًوروحًهاديه,,
,روح,,روح,,,
,واحتمال,,الأحتمالومشيّةصالحهلأن,واحتمال,,
,ومشية,,,ومشيةً,,
,صالحهاقتنيلك,,,صالحهاقتنيلك,,
,لان,لان,,لان,,
,ليس,ليس,ليس,ليس,,
,,احسنمنالوداعهوالاحتمال_,,شيّ,,
,فيالدنيا,,فيالدنيا,فيالدنيا,,
,شي,,شي,,,
,افضل,,أفضل,افضل,,
,منها,,منها,منها,,
,وتعيش,وتعيش,وتحيىحياتطيبهياابنيلا,وتعيش,,
,حياةهنية,عيشةًهنيهلديدهيابني,,حياتًهنيَّه,,
,لذيذهياولدي,,,لذيذه_ياولدي,,
,لا,لا,,لا,,
,تبعد,تبعد,تبعد,تبعد,,تبعد
,محبكالاول,محبكالاول,محبّكالأوّللأنمحبّكالآخرلم,محبكالاول,,محبكالاول
,ليلا,ليلا,,ليلا,,لانمحب
,محبك,ينفرعنكالاخرولا,,محبك,,
,الاخير,,,الاخير,,الاخير
,لم,,,لم,,ما
,يدوم,يدوم,يدوم,يدوم,,يدوم
,معك,,عليكيا,معك_,,عليك_يا
,يا,يا,ولديأفتقدالمسكينفيوقتضيقتهوحدّثلهقدّام,يا,,ولدى
,بني,بني,,ولدي,,
,افتقدمحبك,افتقدمحبك_,,افتقدمحبك,,
,,وحدتلهكلمة,,فيالشده,,
,وحدَّثله,,,وحدَّثله,,
,الخيرقدام,الخيرقدام,,الخيرقدام,,
,السلطان,السلطان,السلطان,السلطان,,
,وقول,,وأجتهدحتَّى,وقول,,
,حتي,,,حتىتخلصه,,
,تفلته,,تفلته,,,
,من,,من,من,,
,فم,,فمَ,فم,,
,السبع,,السبع,السبع_,,
,يا,يا,يا,يا,,
,بني,بني,ابني,ابني,,
,لاتفرحبموت,لاتفرحبموت,لاتفرحبموت,لاتفرحبموت,,لاتفرحبموت
,عدوك,عدوك_,عدوَّكلأن,عدوك,,عدوك
,بل,وكوناعلم,,بل,,لان
,ترنَّم,,,ابشر,,
,انك,انك,,انك,,
,وانت,,,,,
,بعد,بعد,بعد,بعد,,بعد
,يوم,قليل,قليل,قليل,,قليل
,تكون,تكونجارهُ,تكون,,,تكون
,جيرانه,,جيرانه,جيرانه,,جيرانه
,فيالقبريا,فيالقبريا,ياابني,فيالقبر_يا,,فىالقبر_ياولدىكلمن
,ولدي,بنيوقرَّ,,ولدي,,
,كل,,كل,كل,,
,من,من,من,من,,
,هو,هو,هو,هو,,هو
,اكبر,اكبر,أكبر,اكبر,,اكبر
,منك,منك_,منك,منك,,منك
,وقره,,أسبقعليهبسلاموالرجلالصالحكرّمه,كرمه,,وقره
,وكرمه,,ووقره,ووقره,,
,وقوم,,وقول,وقوم,,
,له,,له,له,,
,واسبق,واسبق,حتىيصليعليكياابني,واسبق,,واسبق
,عليه,عليه,,عليه,,له
,بالسلام,بالسلام_,,بالسلام,,بالسلام_
,وانهو,والرب,,وانهو,,وانهو
,لم,,,لم,,مايوفيك
,يكافيك,يكافيك,,يكافيك,,
,,عنهيابنيرجلًيخاف,,,,
,الله,الله,,الله,,الله
,يكافيكياولدي,خاف,,يكافيك_ياولدي,,يوفيك_ولرجلٍصالحكرمه
,لرجل,,,اذاوجدترجلً,,
,صالحخايفالله,,,صالحخايفالله,,
,كرّمه,,,كرمهواسمع,,
,واستمعلهواقبل,,,,,واستمعلهواقبل
,له,,,,,
,قوله,,,قوله,,قوله
,ليصلي,,,ليصلى,,ليصلى
,عليكويبارككيا,,,عليكويباركك_يا,,عليك_ياولدىانتريد
,بني,,,ولدي,,
,,,,,,ان
,ان,,,ان,,
,انت,,,انت,,
,حبر,,,رفيق,,
,اللهفي,,,اللهفي,,
,طهاره,,,طهارة,,
,كونامامه,,,كونامامه,,
,وفينقاوهوقداسه,,,ونقواةوقداسة,,
,كوناخدمهومن,,,كوناخدمهومن,,
,امامه,,,قدامه,,
,لاتغيبواحظر,,,لاتغيبواحظر,,
,منه,منه,,منه_,,
,يا,ووقرهحتييبارككيابني,,يا,,
,بني,إن,إن,ابني,,
,ان,,,ان,,
,,كان,كان,كان,,
,يقومون,الماءيقففيالمجراوالطيورتصلللسماء_,المآءيقوم,يقومون,,
,الماى,,,المافىالمجارى,,
,فيالمجاري,,فيالمجاري,,,
,وان,,والعصافير,وان,,
,تطير,,تطير,تطير,,
,العصافير,,إلىالسمآءوإن,العصافير,,
,في,,,فى,,
,السما,,,السما,,
,وان,وان,,وان,,
,كانالغراب,كانالغراب,كانالغراب,كانالغراب,,
,الاسود,,الأسود,الاسود,,
,يبيّض,يبيض,يبيض,يبيض,,
,وان,والمرَّ,وإنالمرَّيحلى,وان,,
,يحلا,يحلا,,حلا,,
,المر,,,المر,,
,ويكون,,ويكون,,,
,مثلالعسل,مثلالعسل_,مثلالعسل,مثلالعسل,,
,,,,ليس,,
,يمكن,يمكن,يمكن,يمكن,,
,الاحمقوالجاهل,ان,إن,,,
,,الجاهل,الجاهل,الجاهل,,
,,والاحمق,والأحمقيتأدبون,والاحمق,,
,يتادب,يتادب,,يتادب,,
,ويتفهم,ويفهميابني,,ويتفهَّم_ياابنيتريدان,,
,ياابني,,ياابني,,,
,اناردت,اناردت,اناردت,,,
,انك,انك,حتَّى,,,
,تكونحكيم,تكونحكيم_,تكونحكيم,تكونحكيم,,تكونحكيم
,احفظ,احفض,أضبط,احفظ,,احفظ
,لسانك,لسانك,لسانك,لسانك,,السانك
,منالكذب,منالكذب_,منالكذب,منالكذب,,منالكذب
,ويديك,ويدك,ويدك,وايديك,,ويديك
,منالسرقه,منالسرقه,منالسرقه,منالسرقه,,منالسرقه
,وعينيك,وعينك,وعينك,وعينيك,,وعينيك
,من,من,من,من,,من
,النظر,النظر,نظر,النظر,,نظر
,الوقح,الوقح_,الوقح,الوقح,,القبيح
,وتدعا,فتكون,فتدعى,وتدعا,,وتدعا
,حكيم,حكيم,حكيم,حكيم_,,حكيم_
,,ماهر,,,,
,يا,يا,يا,يا,,يا
,بني,بني,ابني,ابني,,ولدىفىزمان
,,,في,,,
,,كون,,كون,,
,في,في,,في,,
,شيبوبتك,ايامشبابكوديعمتظعحتيتكونفيكبرك,شبوبيتك,شبوبيتك,,شبوبيتك
,كون,,كون,,,كون
,وديع,,متواضعحيثفي,وديع,,وديع
,متمَّكك,,,متمكن,,
,وكون,,,وكون,,وكون
,هادي,,,هادى,,
,,,,حليم,,حليم
,ساكنمطيع,,,ساكنمطيع,,وساكنومطيع
,حتي,,,حتى,,حتى
,فيشيخوختك,,,فيشيخوختك,,فى
,,,شيخوخيتك,,,شيخوخيتك
,تكون,,تكون,تكون,,تكون
,مكرم,مكرم,مكرَّموموقَّرمن,مكرم,,مكرم
,موقر,موقر,,موقر,,
,ومن,يابنيلاتقومقبال,,ومن,,ومن
,كل,,كل,كل,,كل
,احد,,أحد,احد,,احد
,تنحبيا,,تنحبيا,تنحب_يا,,تنحب_يا
,بني,,ابني,ابني,,ولدىلاتقوملما
,لاتقوم,,لاتقوم,لاتقوم,,
,لقا,,لقا,للقا,,
,الرجل,الرجل,الرجل,الرجل,,الرجل
,بزمان,في,في,فى,,فى
,,ايام,,زمان,,ايام
,رياستهولا,رياستهولا,رياستهولا,رياستهولا,,رياستهولا
,لقا,لقا,لقى,للقا,,لما
,النهر,النهر,النهر,النهر,,النهر
,,في,في,في,,فى
,زمان,زمان,,,,زمان
,كثرة,زيادته,زيادته,زيادته,,
,امواجه,,,وامواجه_,,امواجه
,يا,يا,,يا,,_ياولدى
,بني,بني,,ابني,,
,عينالانسانماتشبع,عينالانسانماتشبع,,عينالانسانماتشبع,,
,الاثاث,منكترةالمال_لكنماتملاالاَّ,,منالاثات,,
,والمال,,,والمال,,
,حتي,,,حتى,,
,تشبع,,,تشبع,,
,منالتراب,منالتراب,,منالتراب_,,
,يا,يا,يا,يا,,
,بني,بني,ابني,ابني,,
,لا,لا,لا,لا,,لا
,تسعا,تسعي,تسعى,تسعى,,تسعا
,في,في,فيأمر,فى,,فى
,امر,امر,,امر,,امر
,زواج,الزواج_لانإن,زواج,زواج,,زواج
,لان,,إنصار,لان,,لان
,ان,,,ان,,
,كان,كان,,كان,,كان
,,فيه,,,,
,خير,خير,خير,خير,,خير
,فما,ما,فما,ما,,ما
,يحمدوك,يشكروكوإن,يمدحوك,يمدحوك,,حمدوك
,وان,,وأن,وان,,وان
,كان,كان,كان,كان,,كان
,شريذموكويلعنوكيا,فيهشرَّيدموكويشتموكيابنيان,شرّيلعنوكياابنيإن,شريذموكويلعنوك_يا,,شريذموكويلعنوكيا
,بني,,,ابني,,ولدى
,كل,,,كل,,
,منهوبهيفيلبسههكذا,,,,,
,هو,,,هو,,
,فيكلمتهومنهورزىحقيرفيلبسه,,,بهىبلبسه,,
,هكذاهو,,,هكذاهو,,
,فيكلمته,,,بكلمته_,,
,يا,,,يا,,
,بني,,,ابني,,
,انكان,,,انكان,,
,سرقتسرقه,سرقتسرقه,سرقتسرقه,سرقتسرقه,,
,شي,,,شيًا,,
,وعلمبكالسلطان,وعلمبكالسلطان_,وعلمبكالسلطان,وعلمبكالسلطان,,
,اعطيله,اعطيه,فأعطيهجز,اعطيله,,
,منها,منها,,منها,,
,جزو,جزوًا,,جزوًا,,
,نصيبه,,نصيبه,نصيبه,,
,حتي,حتي,حتَّى,حتى,,
,تخلص,تخلص_,تخلص,تخلص,,
,والا,ولاتدوق,وإنلاتعطي,والا,,
,كلشي,كلشي,كلشي,كلشي,,
,مرتذوق,مرَّ,مرّ,مُرتذق,,
,وكلشدايد,,,وكلشدايد,,
,تقاسي,,تقاسي,تقاسي,,
,يابنياصحب,يابنياصحب,وكلعنود,_,,
,,منهو,ياابنيصاحب,ياابنيصاحب,,
,لك,,لك,لك,,
,يدكانت,,يدَّكيدَّاممتليه,يدكانت,,
,منقديم,منقديم,,منقديم,,
,شبعه,شبعانوصارجايع_ولاتصحبمنكانجيعانوشبع,شبعانه,شبعانه,,
,وجاعت,,,وجاعت,,
,ولا,,ولا,ولا,,
,تختارلك,,,,,
,يدكانت,,يدكانت,يدكانت,,
,منقديم,,فارغهوأمتلت,,,
,جايعهوشبعةيا,,,جايعهوشبعة_يا,,
,بني,,,ولدي,,
,كلبيتركاصحابهالاولين,,,كلبيتركاصحابهالاولين,,
,وياتخلفكفيكل,,,وياتىوراكبكل,,
,حجراضربه,,,حجراضربه,,
,لانه,,,لان,,
,عندك,,,عندك,,
,لم,,,ايضاما,,
,يقف,,,يقف_,,
,يا,يا,,يا,,
,بني,بني,,ابنى,,
,دع,دع,,دع,,دع
,يضربك,يظربك,,يضربك,,يضربك
,رجلحكيم,رجلحكيم,,رجلحكيم,,رجلحكيم
,عصيكثيرين,بعصاه,,عصىكثيره,,
,ولايدهنكرجل,ولايدهنكرجل,,ولايدهنكرجل,,ولايدهنكرجل
,احمق,,,احمق,,احمق_
,جاهل,جاهل,,جاهل,,
,بدهن,بدهن,,ادهانلذيذهوطيب_,,
,لذيذ,,يا,يا,,يا
,طيب,طيب,ابنيمن,ابنيمن,,ولدى
,يابنيمن,,,,,
,صدق,,صدق,صدق,,صدق
,في,,فيالمحبَّه,فى,,فى
,المحبه,,,المحبه,,المحبه
,نال,,نال,نال,,نال
,عز,,عزَّ,عز,,عز
,الدنيا,,الدنيا,الدنيه,,الدنيا
,ونعيم,,ونعيم,ونعيم,,ونعيم
,الاخره,,الآخرهياابنيأربعه,الاخره,,الاخره_
,يا,يا,,يا,,يا
,بني,بني,,ولدي,,ولدى
,اربعه,اربعه,,اربعه,,اربعه
,لا,لا,لا,لا,,لا
,يثبت,يتبت,يثبت,يثبت,,يثبت
,معها,معها,معها,معها,,معها
,ملكعسر,ملكعسر,َملِك,الملك,,ملكعسر
,,,عسكر,عسكر,,
,الوزير,الوزير,الوزير,الوزير,,الوزير
,وسو,وسوَّ,وسوء,وسو,,وسو
,التدبير,التدبير,التدبير,التدبير,,التدبير
,وخبث,وخبت,وخبث,وخبث,,وخبث
,النيه,النيه,النيَّه,النيه,,النيه
,وظلم,وظلم,وظلم,وظلم,,وظلم
,الرعيه,الرعيه,الرعيَّهياابني,الرعيَّه_ياابني,,الرعيه_
,يابنياربعه,يابنياربعه,أربعه,اربعةًاخر,,
,لا,لا,لا,,,
,تكتم,تختفي_,تكتم,,,
,العاقل,العاقل,العاقل,العاقل,,
,والاحمق,والاحمق,والأحمق,والاحمق,,
,والغني,والغني,والغني,والجاهلوالغنى_,,
,والفقير,والفقير،,والفقير,,,
