162,Add_2020,Add_7200,Ar_7/229,Manuscrit_4122,Or_2313,Sachau_162,Sado_no_9,Syr_80
,ܫܡܥ,ܫܡܥ,ܫܡܥ,ܫܡܥ,omisit,ܫܡܥ,ܫܡܥ,ܫܡܥ
,ܡܪܝ,ܝܘܠܦܢܝ,ܡ̈ܠܝ,,,,ܡܪܝ,
,ܒܪܝ,ܒܪܝ,,,,,ܒܪܝ,
,ܢܕܢ,ܢܕܢ,ܢܕܢ,,,,ܢܕܢ,
,,܂,ܒܪܝ,ܒܪܝ,,ܒܪܝ,,ܒܪܝ
,,,,ܢܕܢ܆,,,,ܢܕܢ܂
,ܘܬܐ,ܘܬܐ,ܘܬܐ,ܘܬܐ,,ܘܬܐ,ܘܬܐ,ܘܬܐ
,ܠܬܪܥܝܬܝ,ܠܬܪܥܝܬܝ܂,ܠܬܪܥܝܬܝ,ܠܬܪܥܝܬܝ܇,,ܠܬܪܥܝܬܝ܂,,ܠܬܪܥܝܬܝ܆
,ܘܗܘܝܬ,ܘܗܘܝܕܟܝܪ,١܆ܐܢܬܫܡܥ,ܘܗܘܝܬ,,ܘܬܗܘܐ,,ܘܗܘܝܬ
,ܥܗܕ,,,ܥܗܕ,,ܥܗܕ,,ܥܗܕ
,ܠܡ̈ܠܝ,ܠܡ̈ܠܝ,,ܠܡܠܝ̈,,ܠܡ̈ܠܝ,ܠܡܠܝ̈,ܠܡܠܝ̈
,ܐܝܟ,ܐܝܟ,,,,ܐܝܟ,ܐܝܟ,ܐܠܗܝ܂ܒܪܝܢܕܢ܂
,ܡܠܝ̈,ܡܐܡܪܐܠܗܝܢ܂܂܂ܘܗܝܕܝܢܫܪܝܐܚܝܩܪܠܡܠܦܘܬܗܠܢܕܢܒܪ[܂]ܬܗ܂ܘܥܢܐܘܐܡܪܠܗ܂,,,,ܡܐܡܪܐ̈ܠܗܝܢ܂ܝܘܠܦܢܐܕܐܠܦܠܢܕܢ,ܡܠܝ̈,
ܒܪܝ,ܐܠܗ܀,ܒܪܝ,,ܐܠܗܝ,,ܒܪܝ,ܐܠܗܝ,
,ܒܪܝ,,,ܒܪܝ,,,ܒܪܝ,
,ܢܕܢ,,,ܢܕܢ܆,,,ܢܕܢ,
ܐܢ,ܐܢ,ܐܢ,,ܐܢ,,ܐܢ,ܐܢ,ܐܢ
ܫܡܥܬ,ܫܡܥܬ,ܫܡܥܬ,,ܫܡܥܬ,,ܬܫܡܥܡܠܬܐ܀ܬܡܘܬܝܗ,ܫܡܥܬ,ܫܡܥܬ
ܡܠܬܐ,ܡܠܬܐ,ܡܠܬܐ,ܡܠܬܐ,ܡܠܬܐ,,,ܡܠܬܐ,ܡܠܬܐ
,,,,,,ܒܠܒܟ,,
ܬܡܘܬܝ,ܬܡܘܬ,ܬܡܘܬ,ܬܡܘܬ,ܬܡܘܬ,,,ܬܡܘܬ,ܬܡܘܬ
,,,,ܒܠܒܟ,,,ܒܠܒܟ,
ܒܠܒܟ܂,ܒܠܒܟ܂,ܒܠܒܟ܆,ܒܠܒܟ܇,,,,,ܒܠܒܟ܂
ܘܠܐܢܫ,ܘܠܐ̄ܢܫ,ܘܠܐܢܫ,ܘܠܐܢܫ,ܘܠܐَܢܫ,,ܘܠܐܢܫ,ܘܠܢܫ,ܘܠܐ̄ܢܫ
ܠܐ,ܠܐ,ܠܐ,ܠܐ,ܠܐ,,ܠܐ,ܠܐ,ܠܐ
ܬܓܠܐ܂,ܬܓܠܝܗ܂,ܬܓܠܐ,ܬܓܠܝܗ܂,ܬܓܠܐ܆,,ܬܓܠܝܗ܁ܠܡܐ,ܬܓܠܐ,ܬܓܠܐ܆
ܕܠܐ,ܕܠܡܐ,ܕܠܐ,ܕܠܡܐ,ܕܠܡܐ,,,ܕܠܡܐ,ܕܠܡܐ
ܬܗܘܐ,ܬܗܘܐ,ܗܘܐ,ܬܗܘܐ,ܬܗܘܐ,,ܬܗܘܐ,ܬܗܘܐ,ܬܗܘܐ
ܓܡܘܪܬܐܒܦܘܡܟ,ܓܡܘܪܬܐܒܦܘܡܟ,ܓܡܘܪܬܐܒܦܘܡܟ,ܓܡܘܪܬܐܒܦܘܡܟ,ܓܡܘܪܬܐܒܦܘܡܟ,,ܓܡܘܪܬܐܒܦܘܡܟ,ܓܡܘܪܬܐܒܦܘܡܟ,ܓܡܘܪܬܐܒܦܘܡܟ
ܘܬܟܘܟ܂,ܘܬܟܘܝܟ,ܘܬܟܘܝܟ܂,ܘܬܟܘܝܟ܂,ܘܬܟܘܟ,,ܘܬܟܘܝܟ܂,ܘܬܟܘܝܟ,ܘܬܟܘܝܟ܂
ܘܡܘܡܐܬܣܝܡ,ܘܡܘܡܐܬܣܝܡ,ܘܡܘܡܐܬܣܝܡ,ܘܡܘܡܐܬܣܝܡ,ܘܡܘܡܐܬܣܝܡ,,ܘܡܘܡܐܬܣܝܡ,ܘܡܘܡܐܬܣܝܡ,ܘܡܘܡܐܬܣܝܡ
ܒܢܦܫܟ܂,ܒܢܦܫܟ܉,ܒܢܦܫܟܘܥܠ,ܒܓܘܫܡܟ܂,ܒܢܦܫܟܘܥܠ,,ܒܓܘܫܡܟ܂,ܒܢܦ̮ܫܟ,ܒܢܦܫܟܘܥܠ
,,ܐܪܥܐܬܣܬܢܐ,,,,,,
ܘܥܠ,ܘܥܠ,ܘܥܠ,ܘܥܠ,,,ܘܥܠ,ܘܥܠ,
ܐܠܗܐ,ܐܠܗܐ,ܐܠܗܐ,ܐܠܗܐ,ܐܠܗܐ,,ܐܠܗܐ,ܐܠܗܐ,ܐܠܗܐ
ܬܬܪܥܡ܀,ܬܬܪܥܡ܀,ܬܬܪܥܡ,ܬܬܪܥܡ܀,ܬܬܪܥܡ܆,,ܬܬܪܥܡ܀,ܬܬܪܥܡ,ܬܬܪܥܡ܂
,,܂܂,٢܆,,,,,
ܒܪܝܟܠ,ܒܪܝܟܠ,ܒܪܝܟܠ,ܒܪܝܟܠ,ܒܪܝܟܠ,,ܒܪܝܟܠ,ܒܪܝܟܠ,ܒܪܝܟܠ
ܕܬܚܙܐ,ܕܫܡܥ,ܕܚܙܐ,ܕܚܙܐ,ܕܫܡܥ,,ܕܚܙܐ,ܕܫܡܥ,ܕܫܡܥ
,ܐܢܬ,ܐܢܬ,ܐܢܬ,ܐܢَܬ,,ܐܢܬ,ܐܢ̄ܬ,ܐܢ̄ܬ
,,,,ܠܐ,,,ܠܐ,ܠܐ
ܠܐ,ܠܐ,ܠܐ,ܠܐ,,,ܠܐ,,
ܬܐܡܪ܂,ܬܐܡܪ܂,ܬܐܡܪ܆,ܬܓܠܐ܂,ܬܐܡܪ,,ܬܓܠܐ܂,ܬܐܡܪ,ܬܓܠܐ܂
ܘܟܠܕܫܡܥ,ܘܕܚܙܐ,ܘܟܠܕܫܡܥ,ܘܟܠܕܫܡܥ,ܬܓܠܐ܆,,ܘܟܠܕܫܡܥ,ܘܕܚܙܐ,
ܐܢܬܠܐ,ܐܢܬܠܐ,ܐܢܬܠܐ,ܐܢܬܠܐ,,,ܐܢܬܠܐ,ܐܢ̄ܬ,
,,,,,,,ܠܐ,
ܬܓܠܐ܀,ܬܓܠܐ܀,ܬܓܠܐ܂܂,ܬܐܡܪ܀,,,ܬܐܡܪ܀,,
,,,٣܆,,,,ܬܓܠܐ܂܂,
ܒܪܝܐܣܪܐܕܚܬܝܡܠܐ,ܒܪܝܐܣܪܐܕܚܬܝܡܠܐ,ܒܪܝܐܣܪܐܕܚܬܝܡܠܐ,ܒܪܝܐܣܪܐܕܚܬܝܡܠܐ,,,ܒܪܝܐܣܪܐܕܚܬܝܡܠܐ,ܒܪܝܐܣܪܐܕܚܬܝܡܠܐ,
ܬܫܪܐ܂,ܬܫܪܐ܂,ܬܫܪܐ܂,ܬܫܪܐ܂,,,ܬܫܪܐ܂,ܬܚܙܐ܂܂,
ܘܗܘܕܫܪܐ,ܘܕܫܪܐ,ܘܗܘܕܫܪܐ,ܘܗܘܕܫܪܐ,,,ܘܗܘܕܫܪܐ,ܘܕܫܪܐ,
ܠܐ,ܠܐ,ܠܐ,ܠܐ,,,ܠܐ,ܠܐ,
ܬܚܬܘܡ܀,ܬܚܬܘܡ܀,ܬܚܬܘܡ܂܂,ܬܚܬܘܡ܀,,,ܬܚܬܘܡ܂,ܬܚܬܘܡ܂܂,
,,,٤܆,,,,,
ܒܪܝ,ܒܪܝ,ܒܪܝ,ܒܪܝ,ܒܪܝ,,ܒܪܝ,ܒܪܝ,ܒܪܝ
ܐܚܠܐ,ܠܐ,ܐܚܠܐ,ܡ̈ܠܐܕܠܐ,ܠܐ,,ܡ̈ܠܐܕܠܐ,ܠܐ,ܠܐ
ܠܫܢܟ܂ܘܐܛܐܒܡܦܬܚܦܘܡܟ܀,,ܠܫܢܟܘܐܛܐܒܒܡܦܬܚܦܘܡܟ܂,ܕܝܠܟ܆ܣܦܘ̈ܬܟ,,,ܕܝܠܟ܂,,
ܡܛܠܕܕܘܢܒܗܕܟܠܒܐ,,ܡܛܠܕܕܘܢܒܗܕܟܠܒܐ,ܠܐ,,,ܠܐ,,
ܝܗܒܐܠܗܠܚܡܐ,,ܝܗܒܠܗܠܚܡܐ܇,ܢܡ̈ܠܠܢ܀٥܆,,,ܢܡ̈ܠܠܢܣ̈ܦܘܬܟ܀,,
ܘܦܘܡܗ,,ܘܦܘܡܗ,ܒܪܝܠܫܘܦܪܐܠܐܬܬܪܓܪܓ܂ܡܛܠܕܫܘܦܪܐ,,,ܒܪܝܠܫܘܦܪܐܠܐܬܬܪܓܪܓ܂ܡܛܠܕܫܘܦܪܐ,,
ܝܗܒܠܗܚܘܛܪܐܘܟܐܦ̈ܐ܀,,ܝܗܒܠܗܡܚ̈ܘܬܐ܂,ܒܠܐܘܥܒܪ܆,,,ܟܠܐܘܥܒܪ,,
ܒܪܝܥܝܢܗ,,ܒܪܝܥܝܢܗ,ܘܫܡܐܛܒܐܡܩܘܐܘܡܟܬܪ܀,,,ܘܫܡܐܛܒܐܡܩܘܐܘܡܟܬܪ܀,,
ܕܒܪܐܢܫܐܡܒܘܥܐܗܝ܂,,ܕܒܪܢܫܡܒܘܥܐܗܝ,٦܆,,,,,
ܘܠܐܣܒܥܐ,,ܘܠܐܣܒܥܐ,ܒܪܝܠܐ,,,ܒܪܝܠܐ,,
ܢܟ̈ܣܐ܂,,ܢ̈ܟܣܐ,ܬܫܕܠܟ,,,ܫܕܠܟܐܢܬܬ,,
ܥܕܡܐ,,ܥܕܡܐ,,,,,,
ܕܡܬܡܠܝܐܥܦܪܐ܂ܒܪܝܐܢ,,ܪܝܡܥܝ̈ܢܝܟunclearܘܡܨܒܬܐ܇ܠ[܂]ܬܪܓܝ[܂]unclearܟܠܡܕܡܕ[܂܂]ܬunclear,,,,,,
ܬܪܝܡ,ܬܪܝܡ,,,ܬܪܝܡ,,,ܬܪܝܡ,ܬܪܝܡ
ܥܝܢ̈ܝܟ,ܥܝ̈ܢܝܟ,,,ܥܝܢܟ,,,ܥܝܢܝܟ̈ܘܬܚܙܗ,ܥܝܢܟ
ܘܬܚܙܐ,ܘܬܚܙܐ,,,ܘܬܚܙܐ,,,,ܘܬܚܙܐ
ܐܢܬܬܐ,ܐܢܬܬܐ,,ܐܢܬܬܐ,ܐܢَܬܬܐ,,,,ـ
ܕܣܩܝܠܐ,ܕܣܩܝܠܐ,,ܙܠܝܠܬܐ,,,ܙܠܝܠܬܐ,ܐܢ̄ܬܬܐ,ܐܢ̄ܬܬܐ
ܘܡܨܒܬܐ܂,ܘܟܚܝܠܐ܉,,ܒܡܠ̈ܝܗ܂,ܕܣܪܝܩܐ,,ܒܡ̈ܠܝܗ܂,ܕܣܪܝܩܐ,ܕܣܪܝܩܐ
,,,ܡܛܠܕܡܢܡ̈ܠܝܗ,ܘܟܚܝܠܐ,,ܡܛܠܕܡܢܡ̈ܠܝܗ,ܘܟܚܠܐ,ܘܒܚܝܠܐ܂
,,,ܢܒ̈ܥܢܡܪܕܐܘܣܡܐܕܡܘܬܐ܂,,,ܢܒ̈ܥܝܢܣܡܐܘܡܘܬܐ܂,,
,,,ܘܒܡܨܝܕܬܐ,,,ܘܒܡܨܝܕܬܐ,,
,,,ܬܬܦܪܟܠ,,,ܬܬܦܪܟܠ܂,,
,,,ܘܒܦܚܐܬܬܨܝܕ܀,,,ܘܒܦܚܐܬܬܨܝܕ܀,,
,,,٧܆,,,,,
,,,ܒܪܝܐܢܚܙܐ,,,ܒܪܝܐܢܚܙܐ,,
,,,ܐܢܬ,,,,,
,,,ܐܢܬܬܐ,,,ܐܢܬܬܐ,,
,,,ܕܡܨܒܬܐ܆ܘܒܡܫܚܐܡܕܗܢܐ܇ܘܒܗܪ̈ܘܡܐܡܥܛܪܐ܆ܘܡܙܠܠܐܒܢܦܫܗ܆,,,ܕܡܨܒܬܐܘܒܡ̈ܫܚܢܐܡܕܗܢܐ܂ܘܒܗܪܘܡܐܡܥܛܪܐܘܡܙܠܠܒܢܦܫܗ܂,,
ܠܐ,ܠܐ,,ܠܐ,ܠܐ,,ܠܐ,ܠܐ,ܠܐ
ܬܐܪܓܝܗ,ܬܪܓܝܗ,,ܬܪܓܝܗ,ܬܪܓܝܗ,,ܬܐܪܓܝܗ,ܬܪܓܝܗ,ܬܪܓܝܗ
ܒܠܒܟ܂,ܒܠܒܟ܂,,ܒܠܒܟ܂,ܒܠܒܟ܆,,ܒܠܒܟ܂,ܒܠܒܟ,ܒܠܒܟ
,,,,,,,,܂
ܡܛܠܕܐܢܬܬܠܠܗ,ܡܛܠܕܐܢܬܬܠܠܗ,,ܡܛܠܕܐܢܬܬܠܠܗ,ܡܛܠܕܐܢܬܬܠܠܗ,,ܡܛܠܕܐܢܬܬܠܠܗ,ܡܛܠܕܐܢܬܬܠܠܗ,ܡܛܠܕܐܢܬܬܠܠܗ
ܟܠ,ܟܠܡܕܡ,,ܢܦܫܟ܆,,,ܢܦܫܟ܂,ܘܟܠ,ܟܠ
ܕܒܐܝܕ̈ܝܟ܂,,,,ܡܕܡ,,,ܡܕܡ,ܡܕܡ
,ܕܐܝܬ,,,ܕܐܝܬ,,,ܕܐܝܬ,ܕܐܝܬ
,ܒܐܝ̈ܕܝܟ,,,ܠܟ,,,ܒܐܝܕܝܟ,ܠܟ
,,,,ܒܐܝܕܝ̈ܟ,,,,ܒܐܝܕ̈ܝܟ܂
ܡܕܡ,ܡܕܡ,,ܡܕܡ,ܡܕܡ,,ܡܕܡ,ܡܕܡ,ܡܕܡ
ܝܬܝܪܐ,ܝܘܬܪܢܐ,ܝܬܝܪܐ,ܝܬܝܪܐ,ܝܘܬܪܢܐ,,ܫܪܝܪܐ,ܝܘܬܪܢܐ,ܝܘܬܪܢܐ
ܠܐܬܫܟܚ,,,ܐܘܕܫܦܝܪ,,,ܐܘܕܫܦܝܪ,,
ܒܗ,ܒܗ,ܒܗ,ܒܗ,ܒܗ,,ܒܗ,ܒܗ,ܒܗ
ܘܚܛܝܬܐ,ܠܐ,ܠܐ,ܠܐ,ܠܐ,,ܠܐ,ܠܐ,ܠܐ
,ܡܫܟܚ,ܬܫܟܚ܂[܂]ܚܛ[܂܂][܂܂܂]ܗܐܬܚܘܒ܂܂,ܡܫܟܚ,ܡܫܟܚ,,ܡܫܟܚ,ܡܫܟܚ,ܡܫܟܚ
ܠܐܠܗܐܬܚܘܒ܀,,,,,,,,
,ܐܢܬ܂,,ܐܢܬ܆,ܐܢَܬ܆,,ܐܢܬ܂,ܐܢ̄ܬ,ܐܢ̄ܬ܂
ܒܪܝ,,ܒܪܝ,,,,,,
ܒܝܬܐܐܝܠܝܢ,ܘܚܛܗܐ,ܒܒܝܬܐܕܐܝܠܝܢ,ܘܚܛܗܐ,ܘܚܛܗܐ,,ܐܠܐܐܢܚܛܗܐܒܠܚܘܕ,ܘܚܛܗܐ,ܘܚܛܗܐ
,ܠܐܠܗܐ,,,ܠܐܠܗܐ,,,ܠܐܠܗܐ,ܠܐܠܗܐ
ܕܢܨܝܢܠܐܬܩܘܡܡܛܠܕܡܢܡܠܬܐܗܘܝܐܡܨܘܬܐ܂,,ܕܢܨܝܢܠܐܬܩܘܡܡܛܠܕܡܢܡܠܬܐܗܘܝܐܡܨܘܬܐ܂,ܡܩܒܠ,,,ܡܩܒܠ,,
,ܬܚܘܒ܀,,,,,,,
ܡܨܘܬܐܡܓܪܓܐ,,ܘܡܢܡܨܘܬܐܡܬܬܥܝܪ,ܐܢܬ,ܠܐܬܚܘܒ܆,,ܐܢܬ܂,ܬܚܘܒ܂܂ܒܪܝܠܐܬܓܥܘܪܚܒܪܟ܂܂,ܬܚܘܒ܂
,ܒܪܝ,,,ܒܪܝ,,,,ܒܪܝ
ܫܚܩܐ܂ܘܡܢܫܚܩܐܗܘܐ,,ܫܚܩܐ܂ܘܡܢܫܚܩܐܗܘܐ,ܘܠܐܠܗܐܡܪܓܙܐܢܬ܀,,,ܘܠܐܠܗܐܡܪܓܙܐܢܬ܀,,
ܡܘܬܐܐܘܟܝܬܩܛܠܐ܀,ܠܐ,ܩܛܠܐ܂܂,܂܂܂܂,ܠܐ,,,,ܠܐ
ܒܪܝܐܠܘ,ܬܓܘܪ,ܒܪܝܐܠܘ,,ܬܓܘܦܒܐܢَܬܬܐܚܒܪܟ܆,,,,ܬܓܘܪ
,ܒܐܢܬܬܚܒܪܟ܂,,,,,,,ܒܐܢ̄ܬܬܚܒܪܟ܆
,ܕܕܠܡܐ,,,ܕܠܡܐ,,,ܕܕܠܡܐ,ܕܠܡܐ
,ܢܓܘܪܘܢ,,,ܢܓܘܪܘܢ,,,ܢܓܘܪܘܢ,ܢܓܘܪܘܢ
,ܐ̄ܚܪ̈ܢܐܒܐܢܬܬܟ܀,,,ܐَܚܪ̈ܢܐܒܐܢَܬܬܟ܆,,,ܐܚܪ̈ܢܐ,ܐܚܪ̈ܢܐ
,,,,,,,ܒܐܢ̄ܬܬܟ܂܂,ܒܐܢ̄ܬܬܟ܂
,ܒܪܝ,,,ܒܪܝ,,ܒܪܝ,ܒܪܝ,ܒܪܝ
,ܠܐ,,ܠܐ,ܠܐ,,ܠܐ,ܠܐ,ܠܐ
,ܬܗܘܐ,,,ܬܗܘܐ,,ܬܗܘܐ,ܬܗܘܐ,ܬܗܘܐ
,ܡܣܪܗܒܐ,,,ܡܣܪܗܒܐ,,ܙܠܝܠ,ܡܣܪܗܒܐ,ܡܣܪܗܒܐ
,ܐܝܟ,,ܐܝܟ,ܐܝܟ,,ܐܝܟ,unclear,ܐܝܟ
,ܠܘܙܐ,,ܠܘܙܐ,ܕܠܘܙܐܠܘܩܕܡ,,ܠܘܙܐ,ܠܘܙܐ,ܕܠܘܙܐܠܘܩܕܡ
,ܕܠܘܩܕܡ,,,ܥܦܐ܆ܘܠܐَܚܪܬܐ,,ܕܠܘܩܕܡ,ܕܠܘܩܕܡ,
,ܥܦܐ܂,,,,,ܡܦܪܥ,ܐܥܦܐ܂܂,ܥܦܐ܂
,ܘܠܚܪܬܐ,,,,,ܘܠܚܪܬܐ,ܘܠܚܪܬܐ,ܘܠܚܪܬܐ
,ܐܒܗ,,,ܐܒܗ,,ܐܒܗ,ܐܒܗ,ܐܒܗ
,ܡܬܐ̱ܟܠ܂,,,ܡܬܐܟܠ,,ܡܬܐܟܠ܂,ܡܐܬ̱ܟܠ,ܡܬܐܟܠ܂
,ܐܠܐ,,ܐܠܐ,ܐܠܐ,,ܐܠܐ,ܐܠܐ,ܐܠܐ
,ܗܘܝ,,,ܗܘܝ܂,,ܗܘܝ,ܗܘܝ,ܗܘܝ
,ܫܘܐ,,,ܫܘܐ,,ܣܡܚܘܚܟܝܡ,ܫܘܐ,ܫܘܐ
,ܘܛܥܡܢ,,,ܘܛܥܡܢ,,,ܘܛܥܡܢ,ܘܛܠܡܟܐܝܟ܂
,ܐܝܟ,,ܐܝܟ,ܐܝܟ,,ܐܝܟ,ܐܝܟ,
,ܬܘܬܐ܂,,ܬܘܬܐ܂܂܂٨܆,ܬܘܬܐ,,ܬܘܬܐ܂,ܬܘܬܐ܂܂,ܬܘܬܐ
,ܕܠܚܪܬܐ,,,ܕܠܚܪܬܐ,,ܕܒܚܪܬܐܡܦܪܥ܆ܘܒܩܕܡܐ,ܕܠܚܪܬܐ,ܕܠܚܪܬܐ
,ܥܦܐ܂,,,ܥܦܐ܆,,,ܐܥܦܐ܂܂,ܥܦܐ܂
,ܘܠܘܩܕܡ,,,ܘܠܘܩܕܡ,,,ܘܠܘܩܕܡ,ܘܠܘܩܕܡ
,ܐܒܗ,,,ܐܒܐܡܬܐܟܠ܆,,ܐܒܗ,ܐܒܗ,ܐܒܗ
,ܡܬܐ̱ܟܠ܀,,,,,ܡܬܐܟܠ܀,ܡܬܐ̱ܟܠ܂܂,ܡܬܐ̱ܟܠ܂
,ܒܪܝ,,ܒܪܝ,ܒܪܝ,,ܒܪܝ,,ܒܪܝ
,ܐܪܟܢ,,ܐܪܟܢ,ܐܪܟܢ,,ܐܪܟܢ,ܐܪܟܢ,ܐܪܟܢ
,ܥܝ̈ܢܝܟ,,ܥܝܢ̈ܝܟܝܠܬܚܬ܂,ܩܠܟ܆ܡܛܠܕܠܐ,,ܥܝܢܟܠܬܚܬ,ܥܝܢܝܟ̈ܡܛܠܕܠܩܠܐܪܡܐܡܬܒܥܐ,ܩܠܟ܆ܡܛܠܕܠܐ
,ܘܐܡܟ,,ܘܐܡܟ,,,ܘܐܡܟ,,
,ܩܠܟ܂ܘܚܘܪܬܚܝܬܥܝ̈ܢܝܟ܂ܡܛܠܕܠܘ,,ܩܠܟܘܗܘܝܡܛܟܣܐܘܠܐܙܠܝܠܐ,,,ܩܠܟܘܗܘܝܡܛܟܣܐܘܠܐܙܠܝܠܐ,,
,ܒܩܠܐܪܡܐ,,٩܆,ܒܩܠܐܪܡܐ,,,,ܒܩܠܐܪܡܐ
,ܡܬܒܢܐ,,ܘܠܐܬܪܝܡܩܠܟܒܫܘܒܗܪܐ܂ܡܛܠ,ܡܬܒܢܐ,,ܘܠܐܬܪܝܡܩܠܟܒܫܘܒܗܪܐ܂ܡܛܠ,ܡܬܒܢܐ,ܡܬܒ̱ܢܐ
,ܒܝܬܐ܂,,,,,,,
,ܕܐܠܘ,,ܕܐܠܘ,,,ܕܐܠܘ,,
ܒܩܠܐ,ܒܩܠܐ,ܒܩܠܐ,ܒܩܠܐ,,,ܒܩܠܐ,,
ܪܡܐ,ܪܡܐ,ܪܡܐ,ܪܡܐ,,,ܪܡܐ܆,,
ܡܬܒܢܐ,ܡܬܒܢܐ,ܡܬܒܢܐ,ܡܬܒܢܐ,,,ܡܬܒܢܐ,,
ܗܘܐ,ܗ̄ܘܐܒܝܬܐ܉,ܗܘܐ,ܗܘܐ,,,ܗܘܐ,,
ܒܝܬܐ܂,,ܒܝܬܐ܂,ܒܝܬܐ܆ܚܡܪ̈ܐ,ܒܝܬܐ,,ܒܝܬܐ,ܒܝܬܐ,ܒܝܬܐ܂
ܚܡܪܐ,ܚܡܪܐ,ܚܡܪܐ,,ܚܡܪܐ,,ܚܡܪܐ,ܚܡܪܐ,ܚܡܪܐ
,ܕܝܢ,,,ܕܝܢ,,,ܕܝܢ,ܕܝܢ
ܬܪ̈ܝܢ,ܬܪܝܢ,ܬܪܝܢ,ܬܪܝܢ,ܬܪ̈ܝܢ,,ܬܪ̈ܝܢ,ܬܪܬܝܢܒܬ̈ܐ,ܬܪܝܢ
ܒܬܝܢ,ܒܬ̈ܝܢ,ܒ̈ܝܬܝܢ,ܒܬܝ̈ܢ,ܒ̈ܬܐ,,ܒ̈ܬܐ,,ܒ̈ܬܐ
,,ܒܝܘܡܐ,ܒܝܘܡܐ,,,,,
,ܒܢܐ,,,ܒܢܐ,,,ܒܢܐ,ܒܢܐ
,ܗ̄ܘܐ,ܚܕ,ܒܢܝܢܗܘܘ܂,ܗَܘܐ,,,ܗܘܐ,ܗ̄ܘܐ
ܒܚܕ,ܒܚܕ,,,ܒܚܕ,,ܒܚܕ,ܒܚܕ,ܒܚܕ
ܝܘܡܐ,ܝܘܡܐ܂,,,ܝܘܡܐ܂,,ܝܘܡܐ,ܝܘܡܐ܂܂,ܝܘܡܐ܂
ܒܢܐ,,ܒܢܐ,,,,ܒܢܐ,,
ܗܘܐ܂,,ܗܘܐ܂,,,,ܗܘܐ܂,,
ܘܐܠܘܒܚܝܠܐܬܩܝܦܐܡܬܕܒܪܐ,ܘܐܠܘܒܚܝܠܐܬܩܝܦܐܡܬܕܒܪܐ,ܘܐܠܘܒܚܝܠܐܬܩܝܦܐܡܬܕܒܪܐ,ܘܐܠܘܒܚܝܠܐܬܩܝܦܐܡܬܕܒܪܐ,ܘܐܠܘܒܚܝܠܐܬܩܝܦܐܡܬܕܒܪܐ,,ܘܐܠܘܒܚܝܠܐܬܩܝܦܐܡܬܕܒܪܐ,ܘܐܠܘܒܚܝܠܐܬܩܝܦܐܡܬܕܒܪܐ,ܘܐܠܘܒܚܝܠܐܬܩܝܦܐܡܬܕܒܪܐ
ܗܘܐ܂,ܗ̄ܘܬ,ܗܘܐ,ܗܘܬ,ܗَܘܬܦܕܢܐ܆,,ܗܘܬ,ܗܘܐ,ܗ̄ܘܬ
ܦܕܢܐ܂,ܦܕܢܐ܂,ܦܕܢܐ܂,ܦܕܢܐ܇,,,ܦܕܢܐ,ܦܕܢܐ܂܂ܚܪܒܗ,ܦܕܢܐ܂
ܚܪܒܐ,ܚܘܒܗ,ܚܪܒܐ,ܚܪܒܐ,ܚܪܒܐ,,,,ܚܪܒܐ
ܕܦܕܢܐ,,ܕܦܕܢܐ,ܕܦܕܢܐ,,,,,
ܡܢ,ܡܢ,ܡܢ,ܡܢ,ܡܢ,,ܡܢ,ܡܢ,ܡܢ
ܬܚܝܬ,,ܬܚܝܬ,ܬܚܝܬ,,,ܬܚܬܫܚ̈ܬܗ,,
ܫܚ̈ܘܬܗ,ܫܚܬܗ,ܫܚܬܗ,ܫܚܬܗ,ܫܚܬܗ,,,ܫܚܬܗ,ܫܚܬܗ
ܕܓܡܠܐܠܐ,ܕܓܡܠܐܠܐ,ܕܓܡ[܂]ܐܠܐܡܬܓܪܕܢܐ܂܂ܛܒܘ,ܕܓܡܠܐܠܐ,ܕܓܡܠܐܠܐ,,ܕܓܡܠܐܠܐ,ܕܓܡܠܐܠܐ,ܕܓܡܠܐܠܐ
ܡܬܓܪܕܝܐ,ܡܫܬܪܝܐ܀,,ܦܪܩܐ,ܡܫܬܪܝܐ,,ܦܪܩܐ,ܡܫܬܪܝܐ,ܡܫܬܪܝܐ
ܗܘܬ܀,,,ܗܘܐ܀܂܂܂܂܂܂١٠܆,ܗَܘܬ܆,,ܗܘܬ܀,ܗܘܐ܂܂,ܗ̄ܘܬ̱܂
ܒܪܝܛܒ,ܒܪܝܛܒ,,,ܒܪܝܛܒ,,ܒܪܝܛܒ,ܒܪܝܛܒ,ܒܪܝܛܒ
,,,ܒܪܝܐܫܘܕܚܡܪܟܥܠܩܒܪܐ,,,,,
ܠܡܗܦܟܘ,ܠܡܗܦܟܘ,ܠܡܗܦܟܘ,ܕܙܕܝܩ̈ܐ܇ܘܠܐܬܫܬܝܘܗܝ,ܠܡܗܦܟܘ,,ܠܡܥܪܓܠܘ,ܠܡܗܦܟܘ,ܠܡܗܦܟܘ
ܘܠܡܥܓܠܘ,ܟܐ̈ܦܐ,ܟܐܦܐ,,ܟܐܦ̈ܐ,,,ܟܐܦ̈ܐ,ܟܐܦ̈ܐ
,,,ܥܡ,,,,,
ܟ̈ܐܦܐ,,,ܐܢܫ̈ܐ,,,ܟ̈ܐܦܐ,ܥܡ܂܂,
ܥܡ,ܥܡ,ܥܡ,,ܥܡ,,ܥܡ,,ܥܡ
ܓܒܪܐ,ܓܒܪܐ,ܓ[܂܂]ܐ,,ܓܒܪܐ,,ܓܒܪܐ,ܓܒܪܐ,ܓܒܪܐ
ܚܟܝܡܐ܂,ܚܟܝܡܐ܂,ܚܟܝܡܐ܂,,ܚܟܝܡܐ,,ܚܟܝܡܐ,ܚܟܝܡܐ,ܚܟܝܡܐ܆
ܛܒ,,ܛܒ,,,,ܛܒ,,
ܡܢܕܠܡܫܬܐܚܡܪܐ,ܡܢܕܠܡܫܬܐܚܡܪܐ,ܡܢܕܠܡܫܬܐܚܡܪܐ,,ܡܢܕܠܡܫܬܐܚܡܪܐ,,ܡܢܕܠܡܫܬܐܚܡܪܐ,ܡܢܕܠܡܫܬܐܚܡܪܐ,ܡܢܕܠܡܫܬܐܚܡܪܐ
ܥܡ,ܥܡ,ܥܡ,,ܥܡ,,ܥܡ,ܥܡ,ܥܡ
ܓܒܪܐ,ܓܒܪܐ,ܓܒܪܐ,,ܓܒܪܐ,,ܓܒܪܐ,ܓܒܪܐ,ܓܒܪܐ
ܣܟܠܐ܂ܒܪܝ,ܣܟܠܐ܀,ܣܟܠܐ܂܂,,ܣܟܠܐ܆,,ܣܟܠܐ܀,ܣܟܠܐ܂܂,ܣܟܠܐ܂ܒܪܝ
,,,,ܒܪܝܐܫܘܕܚܡܪܟܥܠܩܒܪܐ,,,,
,ܒܪܝ,,,,,ܒܪܝ,,
ܛܒܠܡܛܥܢ,,,,,,,ܒܪܝ,
,ܐܫܘܕܚܡܪܟܥܠ,,,,,ܐܫܘܕܚܡܪܟܥܠ,ܐܫܘܕܚܡܪܟܥܠ,ܐܫܘܕܚܡܪܟܥܠ
,,,,ܕܙܕܝ̈ܩܐ܆ܘܠܐܬܫܬܝܘܗܝܥܡܐَܢܫܐܥܠܘ̈ܠܐ܆,,,,
,,,,,,ܩܒܪܐ,ܩܒܪܐ,ܩܒܪܐ
,ܩܒܪ̈ܐܕܙܕܝܩ̈ܐ܉,,,,,,,
,,,,,,ܕܙܕܝܩ̈ܐ,ܕܙܕܝܩ̈ܐ,ܕܙܕܝܩ̈ܐ܆
,ܘܠܐ,,,,,ܛܒܡܢܕܠܡܫܬܐܥܡܐܢ̈ܫܐ,ܘܠܐ,ܘܠܐ
,ܬܫܬܝܘܗܝ,,,,,,ܬܫܬܝܘܗ̱ܝ,ܬܫܬܝܘܗܝ
,ܥܡ,,,,,,ܥܡ,ܥܡ
,ܐ̄ܢܫܐ,,,,,,ܐ̄ܢܫ̈ܐܥܘܠ̈ܐ܂܂ܒܪܝܥܡ,ܐܢܫܥܘ̈ܠܐ܂
,ܥܘ̈ܠܐ܀,,ܥܘ̈ܠܐ܀,,,ܥܘ̈ܠܐ܀,,
,,,١١܆ܒܪܝܕܘܫܐܣܟܘܦܬܐܕܚܟܝܡܐ܆ܘܡܢܒܝܬܐܕܥܬܝܪ̈ܐܐܪܚܩ܇١٢܆,,,,,
,,,ܒܪܝܠܐܬܩܛܘܪܪܐܙܐܥܡܐܢ̈ܫܐ,,,ܒܪܝܠܐܬܩܛܘܪܪܐܙܐܥܡܐܢ̈ܫܐ,,
,,,ܣܟ̈ܠܐ,,,ܣ̈ܟܠܐ܂,,
,,,ܡܛܠܕܠܐܡܫܟܚܝܢ,,,ܡܛܠܕܠܐܡܫܟܚܝܢ,,
,,,ܠܡܣܟܝܘܬܗ,,,,,
,,,ܠܡܟܣܝܘܬܗ܀,,,ܠܡܟܣܝܘܬܗ܀,,
,,,١٣܆ܒܪܝܐܬܕܒܩܠܐܢܫ̈ܐ,,,,,
,,,ܚܟܝܡ̈ܐ,,,,ܚܟܝܡ̈ܐ,
,,,ܕܬܗܘܐܚܟܝܡܐܟܘܬܗܘܢ܂ܘܠܐܬܬܢܩܦܠܐܢܫ̈ܐܣܟ̈ܠܐܕܕܠܡܐܬܐܠܦܡܢܐܘܪ̈ܚܬܗܘܢ܀١٤܆,,,,ܠܐ,
,,,ܒܪܝܐܢܩܢܐܐܢܬ,,,ܒܪܝܐܢܩܢܐܐܢܬ,,
,,,ܪܚܡܐ܇ܒܢܣܝܘܢܐܩܢܝܗܝ܂ܘܥܕܠܐܬܒܩܐ܆,,,ܚܡܐܒܢܣܝܢܐܩܢܝܘܗܝ܂ܘܥܕܠܐܒܩܐ,,
,,,ܠܐܢܫܠܐܬܫܒܚ܂,,,ܠܐܢܫܠܐܬܫܒܚ܂,,
,,,ܒܩܝ܆,,,ܒܩܝ,,
,,,ܘܗܝܕܝܢ,,,ܘܗܝܕܝܢ,,
,,,ܩܢܝ܀١٥܆,,,ܢܝ܀,,
,ܒܪܝܥܡܚܟܝܡܐܠܐ,ܒܪܝܥܡܚܟܝܡܐܠܐ,ܒܪܝܥܡܚܟܝܡܐܠܐ,ܒܪܝܥܡܚܟܝܡܐܠܐ,,ܒܪܝܥܡܚܟܝܡܐܠܐ,,ܒܪܝܥܡܚܟܝܡܐܠܐ
,ܬܣܪܘܚ܉,ܬܣܪܘܚ܂,ܬܣܪܘܚ,ܬܣܪܘܚ܆,,ܬܣܪܘܚ,ܬܣܪܘܚ,ܬܣܪܘܚ܆
,,,ܡ̈ܠܝܟ܂,,,ܠܝ̈ܟ܂,,
,ܘܥܡܣܪܘܚܐ,ܘܥܡܣܪܘܚܐ,ܘܥܡܣܪܘܚܐ,ܘܥܡܣܪܘܚܐ,,ܘܥܡܣܪܘܚܐ,ܘܥܡܣܪܘܚܐ,ܘܥܡܣܪܘܚܐ
,ܠܐ,ܠܐ,ܘܣܟܠܐܠܐ,ܬܬܚܟܡ܆,,ܘܣܟܠܐܠܐ,,ܬܬܚܟܡ܂ܒܪܝ
,ܬܬܚܟܡ܀,ܬܬܚܟܡ܂܂,ܬܬܚܟܡ܀,,,ܬܬܚܟܡ,ܬܬܚܟܡ,
,,,١٦܆,,,܀,܂܂ܒܪܝܠܐ,
,ܒܪܝ,ܒܪܝ,ܒܪܝ,ܒܪܝ,,ܒܪܝ,,
,ܐܬܠܘܐܠܓܒܪܐܚܟܝܡܐܕܬܬܚܟܡ,ܐܬܠܘܐܠܓܒܪܐܚܟܝܡܐܕܬܬܚܟܡ,ܐܬܠܘܐܠܓܒܪܐܚܟܝܡܐܕܬܬܚܟܡ,ܐܬܠܘܐܠܓܒܪܐܚܟܝܡܐܕܬܬܚܟܡ,,ܐܬܠܘܐܠܓܒܪܐܚܟܝܡܐܕܬܬܚܟܡ,ܐܬܠܘܐܠܓܒܪܐܚܟܝܡܐܕܬܬܚܟܡ,ܐܬܠܘܐܠܓܒܪܐܚܟܝܡܐܕܬܬܚܟܡ
,ܐܟܘܬܗ܉,ܐܟܘܬܗ܂,ܐܟܘܬܗ܂,ܐܟܘܬܗ܆,,ܟܘܬܗ܂,ܐܟܘܬܗ܂,ܐܟܘܬܗ܂
,ܘܠܐ,ܘܠܐ,ܘܠܐ,ܘܠܐ,,ܘܠܐ,ܘܠܐ,ܘܠܐ
,ܬܬܠܘܐ,ܬܬܠܘܐ,ܬܬܢܩܦ,ܬܬܠܘܐ,,ܬܬܢܩܦ,ܬܬܠܘܐ,ܬܬܠܘܐ
,ܠܓܒܪܐ,ܠܓܒܪܐ,ܠܓܒܪܐ,ܠܓܒܪܐ,,ܠܓܒܪܐ,ܠܓܒܪܐ,ܠܓܒܪܐ
,ܦܟܢܐ,ܣܟܠܐ܇,ܣܟܠܐ,ܦܟܢܐ,,ܣܟܠܐ,ܦܟܢܐ,ܦܟܢܐ
,ܘܠܫܢܐ,ܕܠܡܐ,ܕܠܡܐ,ܘܠܫܢܢܐ܆,,ܕܠܡܐ,ܘܠܫܢܐ,ܘܠܫܢܢܐ܂
,ܕܠܐ,,,ܕܠܐ,,,ܕܠܐ,ܕܠܐ
,ܬܬܡ̱ܢܐ,ܬܬܡܢܐ,ܬܬܡܢܐ,ܬܬܡܢܐ,,ܬܬܡܢܐ,ܬܬܡ̱ܢܐ,ܬܬܡܢܐ
,ܥܡܗ܀,ܐܟܘܬܗ܂܂,ܬܬܕܡܐܒܥܒܝ̈ܕܬܗ܀١٧܆,ܥܡܗ܆,,ܘܬܬܕܡܐܒܥܒܝܕܬܗ܀,ܥܡܗ܂܂,ܥܡܗ܂
,ܒܪܝ,,ܒܪܝ,ܒܪܝ,,ܒܪܝ,ܒܪܝ,ܒܪܝ
,ܥܕܐܝܬ,ܥܕܐܝܬ,ܥܕܐܝܬ,ܥܕܐܝܬ,,ܥܕܐܝܬ,ܥܕܐܝܬ,ܥܕܐܝܬ
,ܡܣܢ̈ܐ,ܡـ,ܡܣܐܢܐ,,,ܡ̈ܣܐܢܐ,ܡܣܢ̈ܐ,
,ܒܪ̈ܓܠܝܟ,ܒܪ̈ܓܠܝܟ,ܒܪ̈ܓܠܝܟ,ܒܪ̈ܓܠܝܟ,,ܒܪ̈ܓܠܝܟ,ܒܪܓܠܝܟ̈܂܂,ܒܪ̈ܓܠܝܟ
,,,,ܡܣܢ̈ܐ܆,,,,ܡܣܢ̈ܐ܆
,ܕܘܫ,ܕܘܫ,ܕܘܫ,ܕܘܫ,,ܕܘܫ,ܕܘܫ,ܕܘܫ
,ܕܪܕܪ̈ܐ܉,,ܥܠ,ܕܪ̈ܕܪܐ,,ܥܠ,ܕܪ̈ܕܪܐ,ܕܟܕ̈ܟܐ
,,ܕܪܕܪ̈ܐ,ܕܪܕܪ̈ܐ,,,ܟܘ̈ܒܐܘܕܪܕܪܐ,,
,,,ܘܟܘ̈ܒܐ܇,,,,,
,ܘܥܒܕ,ܘܥܒܕ,ܘܥܒܕ,ܘܥܒܕ,,ܘܥܒܕ,ܘܥܒܕ,ܘܥܒܕ
,,,ܠܗܘܢ,,,,,
,ܐܘܪܚܐ,ܐܘܪܚܐ,ܐܘܪܚܐ,ܐܘܪܚܐ,,ܐܘܪܚܐ,ܐܘܪܚܐ,ܐܘܪܚܐ
,ܠܒ̈ܢܝܟܘܠܒ̈ܢܝܒ̈ܢܝܟ܀ܒܪܝ,ܠܒܢܝ̈ܟ,ܠܒܢܝ̈ܟ,ܠܒܢܝ̈ܟ,,ܠܒ̈ܢܝܟܘܠܒ̈ܢܝܒ̈ܢܝܟ܀ܒܪܝ,ܠܒܢܝ̈ܟ,ܠܒܢ̈ܝܟ
,,ܘܠܒ[܂܂]ܒܢ̈ܝܟ܂܂,ܘܠܒܢ̈ܝ,ܘܠܒܢܝ̈ܒܢܝ̈ܟ܆,,,ܒܢܝܟ̈܂܂,ܘܠܒܢ̈ܝ
,,,ܒܢ̈ܝܟ܆١٨܆,,,,,ܒܢ̈ܝܟ܂
,,ܒܪܝ,,,,,ܒܪܝ,
,,,ܒܪܝ,,,,,
,ܒܪܥܬܝܪ̈ܐ,ܒܪܥܬܝܪ̈ܐ,,ܒܪܝܒܪ,,,ܒܪܥܬܝܪ̈ܐ,ܒܪܝܒܪ
,ܐܟܠ,ܐܟܠ,ܥܕܢܫܒܐܐܪܘܫܦܐܝܡܐܡܢܡܚܫܘ̈ܠܐ܇ܬܪܘܨܐܠܦܟܠܠܡܐܢܐܥܕܠܐܡܫܬܓܫܝܡܐܘܡܬܬܪܝܡܝܢܓ̈ܠܠܘܗܝܘܡܬܛܒܥܐܐܠܦܐܡܢܟܐܡܘ̈ܢܐ܀١٩܆ܒܪܝ܂,,,ܐܟܠ,ܐܟܠ,
,ܚܘܝܐ܉,,ܥܬܝܪܐ,ܥܬܝܪܐ,,ܥܬܝܪܐ,,ܥܬܝܪܐ
,,,ܐَܟܠ,ܐܟܠ,,ܚܘܝܐܐܡܪܝܢ,,ܐܟܠ
,,ܚܘܝܐ܂,ܚܘܝܐ܂,ܚܘܝܐܘܐܡܪܝܢ,,,ܚܘܝܐ܂,ܚܘܝܐ܇ܘܐܡܪܟ
,ܘܐܡܪܝܢ,ܘܐܡܕܠܐܣܝܘܬܐ,ܘܐܡܪܝܢܐܢܫ̈ܝܢ,,,,ܘܐܡܪܝܢ,
,ܠܐܣܝܘܬܐ,,ܠܐܣܝܘܬܐ,,,ܠܐܣܝܘܬܐ,ܠܐܣܝܘܬܐ,
,ܐܟܠܗ܂,ܐܟܠܗ܂,ܐܟܠܗ܂,,,ܐܟܠܗ܂,ܐܟܠܗ܂,
,ܘܐܟܠܗܒܪ,ܘܐܟܠܗܒܪ,ܘܐܟܠ,,,ܘܐܟܠ,ܘܐܟܠܗܒܪ,
,ܡܣ̈ܟܢܐ܉,ܡܣܟ̈ܢܐ܂ܘܐܡܪ,ܡܣܟܢܐܘܐܡܪܝܢ,,,ܡܣܟܝܢܐܘܐܡܪܝܢܡܢܟܦܢܗ,ܡܣܟܢ̈ܐ,
,ܘܐܡܪܝܢ,ܠܟܦܢܗ,ܠܟܦܢܗ,,,,ܘܐܡܪܝܢ,
,ܕܠܟܦܢܗ,ܐܟܠܗ܂܂,,ܕܠܟܦܢܗ,,,ܕܠܟܦܢܗ,ܕܠܟܦܢܗ
,ܐܟܠܗ܀,,ܐܟܠܗ܂,ܐܟܠܗ܆,,ܐܟܠܗ܀,ܐܟܠܗ܂,ܐܟܠ܂
,ܒܪܝܐܟܘܠ,ܒܪܝܐܟܘܠ,ܡܛܠܕܟܐܢܐܘܙܕܝܩܐܠܡܚܣܢܡܫܬܟܚܘ(ܡܫܬܟܚܝܢ)܇)܂٢٠܆ܒܪܝܒܛܒܬܐ,ܒܪܝܐܟܘܠ,,ܒܪܝܐܟܘܠ,ܒܪܝܐܟܘܠ,ܒܪܝܐܟܘܠ
,ܡܢܬܟ܉,ܡܢܬܟ܂,,ܡܢܬܟ,,ܡܢܬܟ,ܡܢܬܟ,ܡܢܬܟ
,ܘܥܠ,ܘܥܠ,,ܘܥܠ,,ܒܠܚܘܕ܂ܘܥܠܗܝܕܚܒܪܟܠܐܬܣܬܪܗܒ܀ܒܪܝܒܛܒ̈ܬܐܕܣܐܢܟܠܐܬܚܣܡ,ܘܥܠ,ܘܥܠ
,ܚܒܪ̈ܝܟܬܒܣܪ܀,ܕܚܒܪܠܐܬܘܫܛܐܝܕܟ܂܂,,ܚܒܪܟ,,,ܚܒܪ̈ܝܟ̈ܬܣܒܪ܂܂,ܚܒܪܟ
,ܒܪܝܥܡܡܢܕܠܐ,,,ܬܫܦܪ,,,ܒܪܝܥܡܡܢܕܠܐ,ܬܫܦܪ܂
,ܡܬܚܡܨ܉,,,,,,ܡܬܚܡܬ,
,ܐܦܠܐܠܚܡܐ,,,,,,ܐܦܠܐܠܚܡܐ,
,ܠܡܐܟܠ܀,,,,,,ܠܡܑܟܠ܂܂ܒܪܝܒܡܝܒܘܬܗܕܣܥܐܝܟ̈ܠܐܬܩܨܦ܂܂,
,ܒܪܝܒܛܒ̈ܬܗ,,,ܒܪܝܒܛܒ̈ܬܗ,,,,ܒܪܝܒܛܒ̈ܬܗ
,,,,,,,ܘܐܦܠܐ,
,ܕܣܢܐܟܠܐ,,ܕܣܢܐܟܠܐ,ܕܣܢܐܟܠܐ,,,ܒܒܝܫܬܗܬܚܕܐ܂܂,ܕܣܢܐܟܠܐ
,ܬܩܨܦ܉ܘܐܦܒܒܝܫ̈ܬܗ,,ܬܚܣܡ܆,ܬܩܨܦ܆,,,,ܐܩܨܦ܆
,,,,ܘܐܦܠܐ,,,,ܘܐܦܠܐ
,,,ܘܒܒܝܫ̈ܬܗ,,,ܘܒܒܝܫ̈ܬܗ,,
,ܠܐܬܚܕܐ܀,,ܠܐܬܚܕܐ܀,ܒܒܝ̈ܫܬܗܬܚܕܐ܆,,ܠܐܬܚܕܐ܀,,ܒܒܝܬ̈ܬܗـܬܚܕܐ܂
,,,٢١܆,,,,,
,ܒܪܝ,ܒܪܝ,ܒܪܝ,ܒܪܝ,,ܒܪܝ,ܒܪܝ,ܒܪܝ
,ܠܐܬܬܩܪܒ,ܥܡ,ܥܡ,ܠܐܬܬܩܪܒ,,ܥܡ,ܠܐܬܬܩܪܒ,ܠܐܬܬܩܪܒ
,,ܕܠܐܡܬܚܡܨܠܚܡܠܐܬܐܟܘܠ܂ܒܪܝܐܢܚܙܐܐܢܬܣܢܐܟܕܢܦܝܠ܂,ܐܢܬܬܐ,ܠܐܢَܬܬܐ,,ܐܢܬܬܐ,ܠܐܢ̄ܬܬܐ,ܠܐܢ̄ܬܬܐ
,,,ܦܟܝܢܬܐ,ܠܚܘܫܬܢܝܬܐ܆,,ܦܟܢܝܬܐ,ܠܚܘܫܬܢܝܬܐ,ܠܚܘܫܬܢܝܬܐ܆
,,ܠܐ,ܠܐ,,,ܠܐ,,
,,ܬܗܠܒܗ܂ܕܠܡܐܢܩܘܡܘܢܦܪܥܟ܂܂ܒܪܝܒܛܒܬܗ̈ܕܣܢܐܟܠܐܬܗܘܐܚܣܡ܂ܘܒܒܝ̈ܫܬܗܠܐܬܚܕܐ܂ܒܪܝ,ܬܡܠܠ܆ܘܠܐܝܢܐ,,,ܬܡܠܠܣܟ܂,,
,ܠܐܢܬܬܐ,ܠܐܢܬܬܐ,,,,,,
,ܠܚܘܫܬܢܝܬܐ܉,ܠܫܢܝܬܐܘܦܟܚܬܐ,,,,,,
,ܘܠܐܝܕܐ,ܘܠܐܝܕܐ,,ܘܠܐܝܕܐ,,ܘܠܐܝܕܐ,ܘܠܐܝܕܐ,ܘܠܐܝܕܐ
,ܕܪܡ,ܕܪܡ,ܕܪܡ,ܕܪܡ,,ܕܪܡ,ܕܪܡ,ܕܪܡ
,ܩܠܗ܀,ܩܠܗܠܐ,ܩܠܗܠܐ,ܩܠܗ܆,,ܩܠܗܠܐ,ܩܠܗ܂܂,ܩܠܗ܂
,,ܬܬܩܪܒ܂ܡܛܠܕܫܘܦܪܗ,ܬܬܩܪܒ܆܂܂܂܂܂܂٢٢܆,,,ܬܬܩܪܒ,,
,ܒܪܝ,,,ܒܪܝ,,ܒܪܝ,ܒܪܝ,ܒܪܝ
,ܒܬܪܫܘܦܪܐ,,,ܫܘܦܪܗܕܐَܢܬܬܐ,,ܒܬܪܫܘܦܪܐ,ܒܬܪܫܘܦܪܐ,ܒܬܪܫܘܦܪܐ
,ܕܐܢܬܬܐ,ܕܐܢܬܬܐ,,,,ܕܐܢܬܬܐ,ܕܐܢ̄ܬܬܐ,ܕܐܢ̄ܬܬܐ
,ܠܐ,ܛܥܡܗ܂,,ܠܐ,,ܠܐ,ܠܐ,ܠܐ
,ܬܐܙܠ܉,,,ܬܐܙܠ,,ܬܐܙܠ܂,ܬܐܙܠ,ܬܐܙܠ܂
,ܘܠܐ,,,ܘܠܐ,,ܘܒܫܘܦܕܐܢܬܬܐܠܐܬܛܥܐܫܘܦܪܐ,ܘܠܐ,ܠܐ
,ܬܪܓܝܗܒܠܒܟ܂ܡܛܠܕܫܘܦܪܐ,,,ܬܪܓܗܒܠܒܟ܆ܡܛܠܕܫܘܦܪܗܕܐܢَܬܬܐ,,,ܬܪܓܝܗܒܠܒܟ܂ܡܛܠܕܫܘܦܪܐ,ܬܪܓܝܗܒܠܒܟ܂ܡܛܠܕܫܘܦܪܐ
,ܕܐܢܬܬܐ,,,,,ܕܐܢܬܬܐ,ܕܐܢ̄ܬܬܐܛܥܡܗ܂,ܕܐܢ̄ܬܬܐܛܥܡܗ܂
,ܛܥܡܗ܆,,,ܛܥܡܗ܆,,ܐܝܡܛܟܣܘܬܗ,,
,ܘܡܠܬܦܘܡܗ,ܘܡܠܬܦܘܡܗ,,ܘܡܠܬܦܘܡܗ,,ܘܡܠܬܦܘܡܗ,ܘܡܠܬܦܘܡܗ,ܘܡܠܬܦܘܡܗ
,ܗܕܪܗ܀,ܗܕܪܗ܂܂,,ܗܕܪܗ܆,,ܘܛܥܘ܀ܒܪܝܫܘܦܪܐܕܐܢܬܬܐܣܪܝܬܛܥܡܘܡܠܬܐ܂,ܗܕܪܗ܂܂,ܗܕܪܗ܂
,,,ܐܝܟܩܕܫܐ,,,ܐܝܟܩܕܫܐ,,
,,,ܕܕܗܒܐܒܐܕܢ̈ܝܗܕܚܙܝܪܬܐ܆,,,ܕܗܒܐܒܐܕܢܗܕܚܙܝܪܐ,,
,,,ܗܟܢܐ,,,ܗܟܢܐ,,
,,,ܐܝܬܝܗܐܢܬܬܐܫܦܝܪܬܐunclearܣܪܝܬܛܥܡܐܘܡܠܬܐ܀٢٣܆,,,ܐܝ܏ܬܘܐܝܬܘܗܝܫܘܦܪܐܕܐܢܬܬܐ܀,,
,ܒܪܝܐܢ,ܒܪܝܐܢ,ܒܪܝܐܢ,ܒܪܝܐܢ,,ܒܪܝܐܢ,ܒܪܝܐܢ,ܒܪܝܐܢ
,ܐܪܥܟ,ܐܪܥܟ,ܐܪܥܠܟܣܐܢܟ,ܐܪܥܟ,,ܐܪܥܠܟܣܐܢܟ,ܐܪܥܟ,ܐܪܥܢ
,ܣܢܐܟ,ܣܢܐܟ,ܒܒܝܫ܆ܐܪܢܝܗܝ,ܣܢܐܟ,,ܒܒܝܫ,ܣܢܐܟ,ܣܢܐܟ
,ܒܒܝܫܬܐ܉ܐܪܘܥܝܗܝܐܢܬܒܚܟܡ̱ܬܐ܀,ܒܒܝܫ܂,ܐܢܬ,ܒܒܝܫܬܐ܆,,ܐܢܬ,ܒܒܝܫܬܐ܂ܐܪܡ̱ܝܗܝ,ܒܒܝܫܬܐ܆
,,ܐܪܘܥ,ܒܛܒ܆ܘܒܚܟܡܬܐ,ܐܪܘܥ,,ܐܪܥܘܗܝܒܛܒܘܒܚܟܡܬܐ܂,,ܐܪܘܥܝܘܗܝ
,,ܐܢܬܒܛܒ܂܂ܒܪܝܐܢܚܙܐܐ[܂܂],ܡܠܠܥܡܗ܀,ܐܢَܬܒܚܟܡܬܐ܆,,ܡܠܠܥܡܗ܀,ܐܢ̄ܬ,ܐܢ̄ܬ
,ܒܪܝ,,܂܂܂܂܂܂٢٤܂ܒܪܝ܂,,,ܒܪܝ,ܒܚܟܡܬܐ܂܂,ܒܚܟ̱ܡܬܐ܂
,,,,ܒܪܝܐܢ,,,ܒܪܝܐܢ,ܒܪܝܐܢ
,,,ܚܟܝܡܐ,,,,,
,,,ܐܢ,,,,,
,ܢܦܠ,,,ܢܦܠ,,ܢܦܠ,ܢܦܠ,ܢܦܠ
,,,,,,ܚܟܝܡܐ,,
,,,ܢܦܠ,,,,,
,ܥܘܠܐܘܠܐ,,,ܥܘܠܐܘܠܐ,,,ܥܘܠܐܘܠܐ,ܥܘܠܐܘܠܐ
,ܩܐܡ܂,,ܘܡܬܟܪܗ܆ܦܫܝܩܠܗܠܐܣܝܐܕܢܥܨܒܝܘܗܝ܂,ܩܐܡ܆,,ܘܩܐܡ܂,ܩܐܡܡܐܢܐܠܐܡܬܬܙܝܥ܂,ܩܐܡ܂
,ܘܟܐܢܐܠܐ,,ܘܣܟܠܐ,ܘܟܐܢܐܠܐ,,ܘܣܟܠܐ,,ܘܟܐܢܐܠܐ
,ܡܬܬܙܝܥ܉,,ܕܢܦܠ܆ܠܝܬܣܡܐܕܢܥܨܘܒܠܚܒܪ̈ܬܗ܀٢٥܆ܒܪܝ܂,ܡܬܬܙܝܥ܆,,ܟܠܝܘܡܡܬܬܩܠ܀,,ܡܬܬܙܝܥ܆
,ܡܛܠ,,,ܡܛܠ,,,ܡܛܠ,ܡܛܠ
,ܕܐܠܗܥܡܗ܀,,,ܕܐܠܗܐܥܡܗ,,,ܕܐܠܗܐܥܡܗ,ܕܐܠܗܐܥܡܗ
,,,,ܗَܘ܆,,,ܗܘ܂܂,ܗܘ܂
,ܒܪܝ,,,ܒܪܝ,,ܒܪܝ,ܒܪܝ,ܒܪܝ
,ܒܪܟܡܢ,,ܒܪܟܡܢ,ܒܪܟܡܢ,,ܒܪܟܡܢ,ܒܪܟܡܢ,ܒܪܟܡܢ
,ܡܚ̈ܘܢ,,,ܡܚ̈ܘܢ,,ܡܚ̈ܘܬܐ,ܡܚܘܢ,ܡܚܘ̈ܢ
,,,ܡܚܘ̈ܬܐ,,,,,
,ܠܐ,,ܠܐ,ܠܐ,,ܠܐ,ܠܐ,ܠܐ
,ܬܟܠܐ܂,,ܬܟܠܐ܂,ܬܟܠܐ,,ܬܟܠܐ,ܬܟܠܐ,ܬܟܠܐ܂
,ܡܛܠ,,ܡܛܠ,ܡܛܠ,,ܡܛܠ,ܡܛܠ,ܡܛܠ
,,,,,,,,ܡܚܘ̈ܬܐ
,ܕܡܚܘ̈ܬܐ,,ܕܡܚܘ̈ܬܐ,ܕܡܚ̈ܘܬܐ,,ܕܡܚܘܬܐ,ܕܡܚ̈ܘ̈ܬ̈ܐ,
,ܠܛܠܝܐ,,ܠܛܠܝܐ܆,ܠܛܠܝܐ,,ܠܛܠܝܐ,ܠܛܠܝܐ,ܠܛܠܝܐ
,ܐܝܟܙܒܠܐ,,ܐܝܟܙܒܠܐ,ܐܝܟܙܒܠܐ,,ܐܝܟܙܒܠܐ,ܐܝܟܙܒܠܐ,ܐܝܟܙܒܠܐ
,ܠܦܪܕܝܣܐ܂,,ܠܐܪܥܐ܂,ܠܚܩܠܐ܆,,ܠܐܪܥܐ܂,ܠܦܪܕܝܣܐ܂,ܠܚܩܠܐ܇
,ܘܐܝܟ,,ܘܐܝܟ,ܘܐܝܟ,,ܘܐܝܟ,ܘܐܝܟ,ܘܐܝܟ
,ܐܣܪܐ,,ܐܣܪܐ,ܐܣܪܐ܆,,ܐܣܪܐ,ܐܣܪܐ,ܐܣܪܐ
,ܠܚܡܪܐ܂,,ܠܚܝܘܬܐ,,,ܠܚܝܘܬܐ,ܠܚܡܪ̈ܐ,
,ܐܘ,,,,,,ܐܘ,
,ܠܟܠ,,,ܠܟܠ,,,ܠܟܠ,ܠܟܠ
,ܚܝܘܬܐ܂,,,ܚܝܘܬܐ,,,ܚܝܘܬܐ,ܚܝܘܬܐ܂
,ܘܐܝܟ,,ܘܐܝܟ,ܘܐܝܟ,,ܘܐܝܟ,ܘܐܝܟ,ܘܐܝܟ
,ܚܒܠܐܒܪܓܠܗ,,ܙܓܡܐ,ܚܒܠܐܒܪܓܠܗ,,ܙܓܡܐ,ܚܒܠܐܒܪܓܠܗ,ܚܒܠܐܒܪܓܠܗ
,ܕܚܡܪܐ܀,,ܠܬܪܥܐ܆٢٦܆,ܕܚܡܪܐ܆,,ܠܬܪܥܐ܀,ܕܚܡܪܐ܂,ܕܚܡܪܐ܂
,ܒܪܝܟܒܘܫ,,ܒܪܝܪܕܝ,ܒܪܝܟܒܘܫ,,ܒܪܝܪܕܝ,ܒܪܝܟܒܘܫ,ܒܪܝܟܒܘܫ
,ܒܪܟ,,ܒܪܟ,ܒܪܟ,,ܒܪܟ,ܒܪܟ,ܒܪܟ
,,,ܘܢܢܝܚܟ܂,,,ܘܢܢܝܚܟ,,
,,,ܘܟܒܫ,,,ܘܟܒܫ,,
,,,ܡܬܢܬ̈ܗحٍالبَيهِܙܓܡܐܙܘܓܡܐ)(عارضةالباب,,,ܡܬܢܘܗ,,
,ܥܕܗܘ,,ܥܕܗܘ,ܥܕܗܘ,,ܥܕܗܘ,ܥܕܗܘ,ܥܕܗܘ
,ܛܠܝܐ܂,,ܛܠܐ܂,ܙܥܘܪ܂,,ܛܠܐ,ܙܥܘܪ,ܙܥܘܪ܂
,ܥܕܠܐ,,ܕܠܡܐ,ܥܕܠܐ,,ܕܠܡܐ,ܥܕܠܐ,ܥܕܠܐ
,ܢܥܫܢ,,ܢܥܫܢ,ܢܥܫܢ,,ܢܥܫܢ,ܢܥܫܢ,ܢܥܫܢ
,ܡܢܟ,,,ܡܢܟ,,,ܡܢܟ,ܡܢܟ
,ܘܢܡܪܕ,,ܘܢܡܪܕ,ܘܢܡܪܕ,,ܘܢܡܪܕ,ܘܢܡܪܕ,ܘܢܡܪܕ
,ܥܠܝܟ܂,,ܡܢܟ܂ܘܢܫܢܩܟ܂ܘܒܣܘܪ̈ܚܢܘܗܝ,ܥܠܝܟ܆,,ܥܠܝܟܘܢܫܢܩܟܒܣܘܪ̈ܚ܏ܢܘܒܣܘܪ̈ܚܢܘܗܝܘܬܬܢܟܦܒܟܢ̈܏ܘܫܒܟܢ̈ܘܫܬܐ,ܥܠܝܟ܂,ܥܠܝܟ܆
,ܘܒܟܠܣܘܪ̈ܚܢܘܗܝ,,,ܘܒܟܠܣܘܪ̈ܚܢܘܗܝ,,,ܘܒܟܠܣܘܪ̈ܚܢܘܗܝ,ܘܒܟܠܣܘܪ̈ܚܢܘܗܝ
,ܬܬܢܟܦ܀,,ܬܬܢܟܦ܂,ܬܬܢܟܦ,,,ܬܬܢܟܦ܂܂,ܬܬܢܟܦ܂
,,,ܘܒܟܢܘܫ̈ܬܐ,,,,,
,,,ܢܪܟܢܪܝܫܟ܀,,,ܢܪܟܢܪܝܫܟ܀,,
,ܒܪܝܩܢܝܬܘܪܐ,,٢٧܆,ܒܪܝܩܢܝܬܘܪܐ,,ܒܪܝܩܢܝܬܘܪܐ,ܒܪܝܩܢܝܬܘܪܐ,ܒܪܝܩܢܝܬܘܪܐ
,ܕܡܪܒܥ,,,ܕܬܪܒܥ,,ܡܪܒܥܐ܁ܦܚܡܪܐܕܦܪܣܢ܀ܒܪܝܠܐ,ܕܡܪܒܠܘܚܡܖܐܕܦܪܣܬܢ܂,ܕܬܪܒܥ܆
,ܘܚܡܪܐ,,,ܘܚܡܪܐ,,,,ܘܚܡܪܐ
,ܕܦܪܣܬܢ܉,,,ܕܦܪܣܬܢ܆,,,,ܕܦܪܣܬܢ܆
,ܘܠܐ,,,ܘܠܐ,,,ܘܠܐ,ܘܠܐ
,ܬܩܢܐ,,,ܬܩܢܐ,,ܬܩܢܐ,ܬܩܢܐ,ܬܩܢܐ
,ܥܒܕܐ,,,ܥܒܕܐ,,ܒܕܐ,ܥܒܕܐ,ܥܒܕܐ
,ܥܪܘܩܐ,,,ܥܪܘܩܐ܆,,ܥܪܘܩܐ,ܥܖܘܩܐ,ܥܪܘܩܐ
,ܘܐܡܬܐ,,,ܘܐܡܬܐ,,ܐܦܠܐܐܡܬܐ,ܘܐܡܬܐ,ܘܐܡܬܐ
,ܓܢܒܬܐ܂,,,ܓܢܒܬܐ܆,,ܓܢܒܬܐ܂,ܓܢܒܬܐ,ܓܢܒܬܐ܂
,ܥܠܕܠܐ,,,ܥܠܕܠܐ,,ܛܠܕܐܢܬܫܠܡܒܐܝ̈ܕܝܗܘܢܩܢܝܢܟܠܗ,ܥܠܕܠܐ,ܥܠܕܠܐ
,ܟܠ,,,ܟܠܡܕܡ,,,ܘܟܠ,ܟܠܡܕܡ
,ܡܕܡ,,,,,,ܡܕܡ,
,ܕܩܢܝܬ,,,ܕܩܢܝܬ,,,ܕܩܢܬ,ܕܩܢܝܬ
,ܡܘܒܕܝܢܠܗ,,,ܡܘܒܕܝܢܠܗ,,ܡܘܒܕܝܢܠܗ,ܡܘܒܕܝܢܠܗ,ܡܘܒܕܝܟܠܗܡܢܟ܂
,ܡܢܟ܀,,,ܡܢܟ܆,,ܡܢܟ܀,ܡܢ܂܂,
,ܒܪܝ,,ܒܪܝ,ܒܪܝܡܠܝ̈,,ܒܪܝ,ܒܪܝܡܠܝ̈,ܒܪܝܡܠܝ̈
,ܡ̈ܠܝ,,ܡ̈ܠܝ,ܐَܢܫ̈ܐܕܓܠ̈ܐܐܝܟܣܦܪ̈ܐܫܡ̈ܝܢܢ܆,,ܠܘܛܬܐ,,ܐܢܫ̈ܐ
,ܐ̄ܢܫܐ,,ܐܢ̈ܫܐ,,,,ܐ̄ܢܫܐ,
,ܕܓܠ̈ܐ܉,,ܕܓ̈ܠܐ,,,,ܕܓܠܐ܂,ܕܓ̈ܠܐ
,,,ܘܣܟ̈ܠܐ܆,,,,,
,ܐܝܟܨܦܪ̈ܐ,,ܐܝܟܨܦܪ̈ܐ,,,,ܐܝܟܨܦܪ̈ܐ,ܐܝܟܨܦܪ̈ܐ
,ܫܡܝ̈ܢܢ܂,,ܕܦܪ̈ܚܢܒܐܐܪܘܫܡܝ̈ܢܢ܆,,,,ܫܡܝܢܢ̈,ܫܡܝܢ̈ܟ܂
,ܘܡܢܕܠܝܬ,,ܘܡܢܕܠܝܬ,ܘܡܢܕܠܝܬ,,,ܘܡܢܕܠܝܬ,ܘܡܢܕܠܝܬ
,ܠܗ,,ܒܗ,ܠܗ,,,ܠܗ,ܠܗ
,ܠܒܐܐܟܠ,,ܠܒܐܐܟܠ,ܠܒܐܐܟܠ,,,ܠܒܐܐܟܠ,ܠܒܐܐܟܠ
,ܠܗܝܢ܀,,ܠܗܝܢ܂,ܠܗܝܢ܆,,,ܠܗܝܢ܂܂ܒܪܝܠܘܛܬܐ,ܠܗܝܢ܂
,ܒܪܝܠܘ̈ܛܬܐ,,ܘܕܠܐܩܢܐܒܘܝܢܐܡܬܬܦܝܣܠܡ̈ܠܝܗܘܢ܀٢٨܆ܒܪܝܠܘܛ̈ܬܗ,ܒܪܝܠܘ̈ܛܬܐ,,,,ܒܪܝܠܘܛ̈ܬܐ
,ܕܐܒܘܟ,,ܕܐܡܟ,ܕܐܒܘܟ,,ܕܐܡܟ,ܕܐܒܘܟ,ܕܐܒܘܟ
,ܘܕܐܡܟ,,ܘܐܒܘܟ,ܘܕܐܡܟ,,ܘܕܐܒܘܟܠܐܬܝܬܐܥܠܝܟ܂,ܘܕܑܡܟ,ܘܕܐܡܟ
,ܥܠܝܟ,,ܥܠܝܟ,ܥܠܝܟ,,,ܥܠܝܟ,ܥܠܝܟ
,ܠܐ,,ܠܐ,ܠܐ,,,ܠܐ,ܠܐܬܬܐ܂
,ܬܝܬܐ܉,,ܬܝܬܐ܂,ܬܝܬܐ܆,,,ܬܝܬܐ܂,
,ܕܠܡܐ,,ܕܠܡܐ,,,ܕܠܡܐ,ܒܛܒܬܐ̈ܕܒܢܝܟ̈ܠܐܬܚܕܐ܂܂ܒܪܝܒܪ,
,ܒܛܒ̈ܬܐ,,ܒܛܒ̈ܬܐ,,,ܒܛܒ̈ܬܐ,,ܒܛܒ̈ܬܐ
,ܕܒ̈ܢܝܟܠܐ,,ܕܒܢ̈ܝܟܠܐ,,,ܕܒ̈ܢܝܟܠܐ,,ܕܒܢ̈ܝܟܠܐ
,ܬܚܕܐ܀,,ܬܚܕܐ܂ܡܛܠ,,,ܬܚܕܐ,,ܬܟܪܐ܂ܒܪܝ
,,,ܡܢܕܡܨܚܐ,,,ܡܢܕܡܨܚܐ,,
,,,,,,ܠܐܒ܏ܘ,,
,,,ܠܐܒܘܗܝܘܠܐܡܗܡܘܬܐ,,,ܠܐܒܘܗܝܘܠܐܡܗܡܘܬܐ,,
,,,ܢܡܘܬ܆,,,ܡܘܬ܂,,
,,,ܘܠܐܠܗܐܡܪܓܙ܂ܘܡܢܕܡܝܩܪܠܐܒܘܗܝ,,,ܘܠܐܠܗܐܡܪܓܙ܂ܘܡܢܕܡܝܩܪܠܐܒܘܗܝ,,
,,,ܘܠܐܡܗ܆,,,ܘܠܐܡܗ,,
,,,ܢܣܓܘܢ,,,ܢܣܓܘܢ,,
,,,,,,ܚܝ̈܏ܘ,,
,,,ܚܝ̈ܘܗܝ,,,ܚܝ̈ܘܗܝ,,
,,,ܥܠܐܐܪܥܐ܂ܘܫܢܘܗ̈ܝ,,,ܥܠܐܪܥܐܘܫܢ̈ܘܗܝ,,
,,,ܒܛܒ̈ܬܐ,ܒܛܒ̈ܬܐ,,ܒܛܒ̈ܬܐ,,
,,,ܒܐܝܩܪܐ,ܕܒܢܝ̈ܟܠܐܬܟܪܐ,,ܘܒܐܝܩܪܐ,,
,,,ܢܫܠܡ܀,,,ܢܫܠܡ܀,,
,ܒܪܝ,,٢٩܆ܒܪܝ܂,ܒܪܝ,,ܒܪܝ,,
,ܒܐܘܪܚܐ,,,ܒܐܘܪܚܐ,,ܒܐܘܪܚܐ,ܒܐܘܪܚܐ,
,ܕܠܐܙܝܢܐܠܐ,,,ܕܠܐܙܝܢܐܠܐ,,ܕܠܐܙܝܢܐܠܐ,ܕܠܐܙܝܢܐܠܐ,ܕܠܐܙܝܢܐܠܐ
,ܬܐܙܠ܉,,,ܬܐܙܠ܆,,ܬܐܙܠ,ܬܐܙܠ,ܬܐܙܠ܂
,ܡܛܠܕܠܐܝܕܥ,,,ܡܛܠܕܠܐܝܕܥ,,ܡܛܠܕܠܐܝܕܥ,ܡܛܠܕܠܐܝܕܥ,ܡܛܠܕܠܐܝܕܥ
,ܐܢܬ,,,ܐܢَܬ,,ܐܝܟܐܐܪܠܒܥܠܒܒܟ܂ܘܐܙܕܗܒܐܘܪܚܐܡܛܠܕܣܓ̈ܐܝܢܒܗܒܥ̈ܠܕ܏ܒܒܥ̈ܠܕܒܒܐܓܣ̈ܐܟܡܝܢܝܢܒܗ܀ܒܪܝܗܕܝܪ,ܐܢ̄ܬ,ܐܢ̄ܬ
,ܐܡܬܝܐܪܥܠܟ,,,ܐܡܬܝܐܪܥܠܟ,,,ܐܡܬܝܐܪܥܠܟ,ܐܡܬܝܐܪܥܠܟ
,ܒܥܠܕܒܒܟ܀ܒܪܝܐܟܡܐ,,,ܒܥܠܕܒܒܟ܂,,,ܒܥܠܕܒܒܝܟ̈܂܂,ܒܥܠܕܒܒܟ
,,,,ܒܪܝܐܝܟܡܐ,,,ܒܪܝܐܝܟܡܐ,ܒܪܝܐܝܟܡܐ
,ܕܗܕܝܪ,,,ܕܗܕܝܪ,,,ܕܗܕܝܪ,ܕܗܕܝܪ
,ܐܝܠܢܐ,,,ܐܝܠܢܐ,,ܐܝܠܢܐ,ܐܝܠܢܐ,ܐܝܠܢܐ
,ܒܣܘܟܘ̈ܗܝ,,,ܒܣܘܟܘ̈ܗܝ,,ܒܐܒܗ,ܒܣܘܟܢܘܗܝ̈ܘܒܐܒܗ,ܒܣܘܟ̈ܘܗܝܘܒܐܒܗ܂ܘܒܢܘܗ̈ܝ܂
,ܘܒܐܒܗ܉,,,ܘܒܐܒܗ܆,,,,
,ܘܛܘܪܐ,,,ܘܛܘܪܐ,,ܘܛܘܪܐ,ܘܛܘܪܐ,
,ܕܣܥܝܪ,,,ܕܣܢܝܪܒܐܝܠܢ̈ܐ܆,,ܥܒܝܛܒ̈ܐܝܠܢܐ܂ܗܟܢܐ,ܕܣܥܝܪ,
,ܒܐܝ̈ܠܢܐ܂,,,,,,ܒܐܝܠܢ̈ܐ,
,ܗܟܢ,,,ܗܟܢ,,,ܗܟܢ,
,ܗܕܝܪܓܒܪܐ,,,ܗܕܝܪܓܒܪܐ,,ܗܕܝܪܓܒܪܐ,ܗܕܝܪܓܒܪܐ,
,ܒܐܢܬܬܗ,,,ܒܐܢَܬܬܐܘܒܢ̈ܘܗܝ܆,,ܒܐܢܬܬܗ,ܒܐܢ̄ܬܬܐܘܒܒܢܘܗܝ̈܂,
,ܘܒܒܢ̈ܘܗܝ܂,,,,,ܘܒܒ̈ܢ܏ܘ܁ܘܒ̈ܒܢܘܗܝ܁ܓܒܪܐܕܒܢ̈ܝܐܘܐܚ̈ܐ,,
,ܘܓܒܪܐ,,,ܘܓܒܪܐ,,,ܘܓܒܪܐ,ܘܓܒܪܐ
,ܕܐܚ̈ܐܘܐܢܬܬܐܘܒ̈ܢܝܐ,,,ܕܐܢَܬܬܐ,,,ܘܐܚܐܘܐܢ̄ܬܬܐܘܐܒ̈ܢܝܐ,ܕܐܢ̄ܬܬܐ
,,,,ܘܒܢ̈ܝܐ,,,,ܘܒܢ̈ܝܐ
,ܠܝܬ,,,ܠܝܬ,,ܠܝܬ,ܠܝܬ,ܠܝܬ
,ܠܗ܉,,,ܠܗ܆,,ܠܗ,ܠܗ,ܠܗ܂
,ܫܝܛܘܒܣܝܪ,,,ܫܝܛܘܒܣܐ,,ܫܝܛܘܒܣܝܪ,ܫܝܛܘܒܣܝܪ,ܫܝܛܘܒܣܐ
,ܩܕܡ,,,ܩܕܡ,,ܩܕܡ,ܩܕܡ,ܩܕܡ
,ܒܥܠܕܒܒܘ̈ܗܝ܂,,,ܒܥܠܕܒܒ̈ܐ܆,,ܣ̈ܐܢ܏ܘܣ̈ܐܢܘܗܝܒܥܠܡܐ܀,ܒܥܠܕܒܒܐ܂,ܒܥܠܕܒܒ̈ܐ܂
,ܘܕܡܐܠܐܝܠܢܐܕܥܠܝܕ,,,ܘܕܡܐܠܐܝܠܢܐܕܥܠܝܕ,,,ܘܕܡܐܠܐܝܠܢܐܕܥܠܝܕ,ܘܕܡܐܠܐܝܠܢܐܕܥܠܝܕ
,ܐܘܪܚܐ܂,,,ܐܘܪܚܐ܆,,,ܐܘܪܚܐ,ܐܘܪܚܐ
,ܕܟܠ,,,ܕܟܠ,,,ܕܟܠ,ܕܟܠ
,ܕܥܒܪ,,,ܕܥܒܕ,,,ܕܥܒܪ,ܕܥܪܪ
,ܡܢܗ,,,ܡܢܗ,,,ܡܢܗ,ܡܢܗ
,ܢܣܒ܂,,,ܢܣܒ܆,,,ܢܣܒ܂,ܢܣܒ܂
,ܘܟܠܗܚܝܘܬܐ,,,ܘܟܠܗܚܝܘܬܐ,,,ܘܟܠܝܗܚܘܝܐ,ܘܟܠܗܚܝܘܬܐ
,ܕܕܒܪܐ,,,ܕܕܒܪܐ,,,ܕܕܒܪܐ,ܕܕܒܪܐ
,,,,,,,unclear,ܛܪ̈ܦܘ܂ܗܝܡܬܪܐ܂
,ܛܪ̈ܦܘܗܝ,,,ܛܪ̈ܦܘܗܝ,,,ܛܪ̈ܦܘܗܝ,
,ܡܬܪܐ܀,,,ܡܬܪܐ܆,,,ܡܬܪܐ܂܂ܒܪܝܠܐܬܬܐܡܪܡܪܝܣܒܠܐܫܟܚܘܡ܂,
,ܒܪܝ,,,ܒܪܝ,,ܒܪܝ,,ܒܪܝ
,ܠܐܬܐܡܪܕܡܪܝܣܟܠ,,ܠܐܬܐܡܪܕܡܪܝܣܟܠ,ܠܐܬܐܡܪܕܡܪܝܣܟܠ,,ܠܐܬܐܡܪܕܡܪܝܣܟܠ,,ܠܐܬܐܡܪܕܡܪܝܣܟܠ
,,,بلهحمق܆,,,,,
,ܘܐܢܐ,,ܘܐܢܐ,ܘܐܢܐ,,ܘܐܢܐ,,ܘܐܢܐ
,ܚܟܝܡ܂,,ܚܟܝܡ܂,ܚܟܝܡ,,ܚܟܝܡ܇,,ܚܟܝܡ܂
,ܐܠܐ,,ܟܕ,ܐܠܐ,,,ܐܠܐ,ܐܠܐ
,ܠܒܘܟܝܗܝ,,,ܠܒܘܟܝܗܝ,,,ܠܒܘܟܝܗܒܡܘܡܘܗܝ̈ܘܬܚܟܡ܂܂,ܠܒܘܟܝܗܝ
,ܒܡܘܡܘ̈ܗܝ,,,ܒܡܘܡܘ̈ܗܝ,,,,ܒܡܘܡ̈ܘܗܝܘܬܬܚܟܡ܂
,ܘܬܬܪܚܡ܀,,,ܘܬܬܚܟܡ܇,,,,
,ܒܪܝܠܐ,,,ܒܪܝܠܐ,,,ܒܪܝܠܐ,ܒܪܝܠܐ
,ܬܚܫܘܒ,,,ܬܚܫܒ,,,ܬܚܫܘܒ,ܬܚܫܒ
,ܢܦܫܟ,,,ܢܦܫܟ,,,ܢܦ̮ܫܟ,ܢܦܫܟ
,ܚܟܝܡܐ܉ܟܕܐ̄ܚܪ̈ܢܐܠܐܚܫܒܝܢ,,,ܚܟܝܡܐ܆,,,ܚܟܝܡܐ܂,ܚܟܝܡܐ܂
,,,,,,,ܟܕ,
,,,ܐܚܪ̈ܢܐ,,,ܐܚܪ̈ܢܐ,ܐܚܪ̈ܢܐ,
,,,ܠܐ,,,,ܠܐ,
,,,ܢܫܒܚܘܢܟ܀,,,ܢܫܒܚܘܢܟ܀,ܚܫܒܟ,
,ܠܟ,,٣٠܆ܒܪܝ܁ܠܐܬܓܠܐܡ̈ܠܝܟ,,,,ܠܟ,
,ܚܟܝܡܐ܀,,,,,,ܚܟܝܡܐ܂܂,
,,,,ܒܪܝ,,ܒܪܝ,ܒܪܝ,ܒܪܝ
,ܠܐܬܕܓܠ,,,ܠܐܬܕܓܠ,,ܠܐܬܕܓܠ,ܠܐܬܕܓܠ,ܠܐܬܕܓܠ
,ܒܡ̈ܠܝܟ,,,ܒܡܠܝ̈ܟ,,ܒܡ̈ܠܝܟ,,ܒܡܠܝ̈ܟ
,ܩܕܡ,,ܩܕܡ,ܩܕܡ,,ܩܕܡ,ܩܕܡ,ܩܕܡ
,ܡܪܟܕܠܡܬܬܒܣܖ܂,,ܡܪܟ܂,ܡܪܟ܂,,ܡܪܟ܂,ܡܪܟ܂,ܡܪܟ܆
,,,,ܕܠܡܐܬܬܒܣܪ,,,ܕܠܡܐܬܬܒܣܪ,ܕܠܡܐܬܬܒܣܪ
,ܘܢܐܡܪܠܟܕܙܠܡܢܩܕܡ,,,ܘܢܐܡܪܠܟܕܙܠܡܢܩܕܡ,,,ܘܢܐܡܪܠܟܕܙܠܡܢܩܕܡ,ܘܢܐܡܪܠܟܕܙܠܡܢܩܕܡ
,ܥܝ̈ܢܝ܀,,,ܥܝܢܝ̈܆,,,ܥܝܢܝ̈܂܂,ܥܝܢ̈ܝ܂ܒܪܝܢܗܘܝ̈ܢܫܪܝܪ̈ܟܡܠ̈ܝܟ܆
,ܒܪܝܢܗܘ̈ܝܢ,,,ܒܪܝܢܗܘ̈ܝܢ,,,ܒܪܝܢܗܘ̈ܝܢ,
,ܫܪܝܪ̈ܢ,,,ܫܪܝܪ̈ܢ,,,ܫܪ̈ܝܪܢܡܠܝܟ̈,
,ܡ̈ܠܝܟ܉,,,ܡܠܝ̈ܟ܆,,,,
,ܕܢܐܡܪ,,,ܘܢܐܡܪ,,,ܕܢܐܡܪ,ܘܢܐܡܪ
,ܠܟܡܪܟܩܪܘܒܠܘܬܝ,,,ܠܟܡܪܟܩܪܘܒܠܘܬܝ,,,ܠܟܡܪܟܩܪܘܒܠܘܬܝ,ܠܟܡܪܟܩܪܘܒܠܘܬܝ
,ܘܬܚܐ܀,,,ܘܬܐ܆,,,ܘܬܐ܂܂,ܘܬܐ܂
,ܒܪܝܒܝܘܡ,,,ܒܪܝܒܝܘܡ,,,ܒܪܝܒܝܘܡ,ܒܪܝܒܝܘܡ
,ܒܝܫܬܟ܂,,,,,,ܒܝܫܬܟ,ܒܝܫܬܟ
,ܠܐܬܨܚܐ,,,ܠܐܬܨܚܐ,,,ܠܐܬܨܚܐ,ܠܐܬܨܚܐ
,ܠܐܠܗܐ܂,,,ܠܐܠܗܐ,,,ܠܐܠܗܐ,ܠܐܠܗܐ
,ܕܠܡܐ,,ܕܠܡܐ,,,ܕܠܡܐ,,܆
,ܟܕܢܫܡ̱ܥܟ,,ܬܬܒܣܐܡܢܥܒܕ̈ܘܗܝ܀܂܂܂܂܂܂٣١܆ܒܪܝ܂,ܕܠܡܐ,,ܬܬܒ܀ܒܪܝ,ܕܠܡܐ,ܕܠܡܐ
,,,ܒܝܘܡܐ,,,ܒܝܘܡܐ,ܟܕܢܫܡ̱ܢܟ,
,ܢܪܓܙ,,,,,,,
,,,,,,,ܢܪܓܙ,
,,,ܕܒܝܫ̈ܬܟ܆,,,ܕܒܝܫܬܟ,,
,,,ܠܐܠܗܐܠܐܬܠܘܛ܂ܕܠܡܐ,,,ܠܐܠܗܐܠܐܬܠܘܛ܂ܕܠܡܐ,ܥܠܝܟ܂܂,
,,,ܢܫܡܥ,ܢܫܡܥ,,ܢܫܡܥ,,ܢܫܡܥ
,,,ܡ̈ܠܝܟ,,,ܡ̈ܠܝܟ,,
,,,ܘܢܪܓܙ,ܘܢܪܓܙ,,ܘܢܪܓ,,ܘܢܪܓܙ
,ܥܠܝܟ܀,,ܥܠܝܟ܀,ܥܠܝܟ܆,,ܥܠܝܟ܀,,ܥܠܝܟ܂
,ܒܪܝ,,٣٢܆ܒܪܝ܂,ܒܪܝ,,ܒܪܝ,ܒܪܝ,ܒܪܝ
,ܠܥܒܕܟܛܒܡܢܚܒܪܗܠܐ,,ܥܒܕܟܩܕܡ,ܠܥܒܕܟܛܒܡܢܚܒܪܗܠܐ,,ܥܒܕܟܩܕܡ,ܠܥܒܕܟܛܒܡܢܚܒܪܗܠܐ,ܠܥܒܕܟܛܒܡܢܚܒܪܗܠܐ
,ܬܛܐܒ܂,,ܟܢܬܗ,ܬܛܐܒ,,ܚܒ,ܬܛܐܒ܂,ܬܛܐܒ܂
,,,ܠܐܬܪܚܡ܂,,,ܠܐܬܪܚܡ܂,,
,ܡܛܠܕܠܐܝܕܥ,,ܡܛܠܕܠܐܝܕܥ,ܡܛܠܕܠܐܝܕܥ,,ܡܛܠܕܠܐܝܕܥ,ܡܛܠܕܠܐܝܕܥ,ܡܛܠܕܠܐܝܕܥ
,ܐܢܬ,,ܐܢܬ,ܐܢَܬ,,ܐܢܬ,ܐܢ̄ܬ,ܐܢ̄ܬ
,ܐܝܢܐ,,ܐܝܢܐ,ܐܝܢܐ,,ܐܝ,ܐܝܢܐ,ܐܝܢܐ
,,,unclear,,,,,
,ܡܢܗܘܢ,,ܡܢܗܘܢ,ܡܢܗܘܢ,,ܡܢܗܘܢ,ܡܢܗܘܢ,ܡܢܗܘܢ
,ܡܬܒܥܐ,,ܡܬܒܥܐ,ܡܬܪܢܐ,,ܡܬܒܥܐ,ܡܬܒܥܐ,ܡܬܪܥܐ
,ܠܟ,,ܠܟ,ܠܟ,,ܠܟ,ܠܟ,ܠܟ
,ܠܚܪܬܐ܀,,ܠܚܪܬܐ܀,ܒܚܪܬܐ܆,,ܠܚܪܬܐ܀,ܠܚܪܬܐ,ܒܚܪܬܐ܂
,ܒܪܝܟܠܒܐ,,٣٣܆ܒܪܝ܂ܥܒܕܐ,ܒܪܝܟܠܒܐܕܫܒܩ,,unclearܐܚܠܐܠܫܢܟ,ܒܪܝܟܠܒܐܕܫܒܩ,ܒܪܝܟܠܒܐܕܫܒܩ
,ܕܫܒܩ,,ܕܫܒܩ,ܡܪܗ,,,ܡܪܗܝ,ܡܪܗ
,ܡܪܗܘܐܬܐܒܬܪܟܒܟܐ̈ܦܐܡܚܝܘܗܝ܀,,ܡܪ̈ܘܗܝܩܕܡܝ̈ܐܘܐܙܠܒܬܪܐܚܪ̈ܢܐܠܐܟܫܪ܀٣٤܆ܒܪܝ܂ܢܩܝܐܕܣܓܢܕܣ̈ܐܓܝܢܗ̈ܠܟܬܗ,ܘܐܬܐܒܬܪܟ,,,ܘܐܬܐܒܬܪܟ,ܘܐܬܐܒܬܪܟ
,,,,ܫܩܘܠ,,,ܟܠܟܐܦܐܡܚܘܗܝ܂܂ܒܪܝܓܙܖ̈ܐ,ܫܩܘܠ
,,,,ܟܐ̈ܦܐܡܚܝܘܗܝ܆,,,,ܒܐܦ̈ܐܡܚܘܗܝ܂
,ܒܪܝܓܙܪܐ,,,ܒܪܝܓܙܪܐ,,,,ܒܪܝܓܙܪܐ
,ܕܣܓܝ̈ܐܢ,,,ܕܣܓܝ̈ܐܢ,,,ܕܣܓܝܐ̈ܢ,ܕܣܓܝܐ̈ܢ
,ܐܘܪ̈ܚܬܗ܉,,,ܐܘܪ̈ܚܬܗ,,,ܐܘܪ̈ܚܬܗ܂ܡܝܬܐ,ܐܘܪ̈ܚܬܗ
,ܡܢܬܐ,,ܡܢܬܐ,ܡܢܬܐ,,,,ܡܢܬܐ
,ܕܕܐܒ̈ܐ,,ܕܕܐܒ̈ܐ,ܕܕܐܒ̈ܐ,,,ܕܕܐܒ̈ܐ,ܕܕܐܒ̈ܐ
,ܗܘܐ܀,,ܗܘܝܐ(مثلديبا)٣٥܆,ܐܝܬܘܗܝ܆,,,ܐܝܬܘܗܝ܂܂,ܐܝܬܘܗܝ܂
,ܒܪܝܕܘܢܕܝܢܐ,,ܒܪܝܕܘܢܕܝܢܐ,ܒܪܝܕܘܢܕܝܢܐ,,,ܒܪܝܕܘܢܕܝܢܐ,ܒܪܝܕܘܢܕܝܢܐ
,ܬܪܝܨܐ,,ܬܪܝܨܐ܂أحسنܕܣܝܒܘܬܐܕܢܝܚܐܬܕܒܪ܀٣٦܆ܒܪܝ܂ܐܚܠܐܠܫܢܟ܂,ܬܪܝܨܐ,,,ܬܪܝܨܐ܆,ܬܪܝܨܐ
,ܒܛܠܝܘܬܟ܉,,ܘܐܛܐܒ,ܒܛܠܝܘܬܟ,,ܘܐܛܐܒ,ܒܛܠܝܘܬܟ,ܒܛܠܝܘܬܟ܆
,ܕܒܣܝܒܘܬܟ,,,ܕܒܣܝܒܘܬܟ,,,ܘܒܣܝܒܘܬܟ,ܕܒܣܝܒܘܬܟ
,ܐܝܩܪܐܢܗܘܐ,,,ܐܝܩܪܐܢܗܘܐ,,,ܐܝܩܪܐܢܗܘܐ,ܐܝܩܪܐܢܗܘܐ
,ܠܟ܀,,,ܠܟ܆,,,ܠܟ܂܂,ܠܟ܂
,ܒܪܝܐܚܠܐܠܫܢܟ,,,ܒܪܝܐܚܠܐܠܫܢܟ,,,ܒܪܝܐܚܠܐܠܫܢܟ,ܒܪܝܐܚܠܐܠܫܢܟ
,ܘܐܛܥܡ,,,ܘܐܛܥܡ,,,ܘܐܛܠܡ,ܘܐܛܥܡ
,ܡܦܬܚ,,ܡܦܬܚ,ܡܦܬܚ,,ܡܦܬܚ,ܡܦܬܚ,ܡܦܬܚ
,ܦܘܡܟ܂,,ܦܘܡܟ܂,ܦܘܡܟ,,ܦܘܡ,ܦܘܡܟ,ܦܘܡܟ܂
,ܡܛܠܕܕܘܢܒܗ,,ܡܛܠܕܕܘܢܒܗ,ܡܛܠܕܕܘܢܒܗ,,ܡܛܠܕܕܘܢܒܗ,ܡܛܠܕܕܘܢܒܗ,ܡܛܠܕܕܘܢܒܗ
,,,ذث,,,,,
,ܕܟܠܒܐ,,ܕܟܠܒܐ,ܕܟܠܒܐ,,ܕܟܠܒܐ,ܕܟܠܒܐ,ܕܟܠܒܐ
,,,ܝܗܒܐ,,,ܝܗܒܐ,,
,,,ܠܗܠܚܡܐ܂,,,ܠܠܚܡܐ,,
,,,ܘܦܘܡܗ,,,ܘܦܘܡܗ,,
,ܝܗܒ,,ܝܗܒ,ܝܗܒ,,ܝܗܒ,ܝܗܒ,ܝܗܒ
,ܠܗܠܚܡܐܘܦܘܡܗ,,ܠܗ,ܠܗܠܚܡܐܘܦܘܡܗ,,ܠܗ,ܠܗܠܚܡܐܘܦܘܡܗ,ܠܗܠܚܡܐܘܦܘܡܗ
,ܡܚ̈ܘܢ܀,,ܡܚܘ̈ܬܐ܀٣٧܆ܒܪܝ܂,ܡܚ̈ܘܢ,,ܘܡܚ̈ܘܬܐ܀,ܡܚ̈ܘܢ܂܂ܒܪܝܠܕܬܫܒܘܩܠܚܒܪܟ܇,ܡܚܘ̈ܢ܂
,ܒܪܝ,,,ܒܪܝ,,ܒܪܝ,,ܒܪܝ
,ܠܐܬܫܒܘܩ,,ܠܐܬܫܒܘܩ,ܠܐܬܫܒܘܩ,,ܠܐܬܫܒܘܩ,,ܠܐܬܫܒܘܩ
,ܠܚܒܪܟ,,ܠܚܒܪܟ,ܠܚܒܪܛ,,ܠ,,ܠܚܒܪܟ
,ܕܕܪܟܥܠ,,ܕܕܪܟܥܠ,ܕܕܪܟܥܠ,,ܕܕܪܟܥܠ,ܕܕܪܟܥܠ,ܕܕܪܟܥܠ
,ܪܓܠܟ܉,,ܪܓܠܟ܂,ܪܓܠܟ܆,,ܪܓܠܟ,ܪܓܠܟ܂,ܪܓܠܟ܆
,ܕܕܠܡܐ,,ܕܠܡܐ,ܕܕܠܡܐ,,ܕܠܡܐ,ܕܕܠܡܐ,ܕܕܠܡܐ
,ܢܕܪܘܟ,,ܢܕܪܘܟ,ܢܕܪܘܟ,,ܢܕܪܘܟ,ܢܕܪܘܟ,ܢܕܪܘܟ
,,,ܐܦ,,,ܐܦ,,
,ܥܠ,,ܥܠ,ܥܠ,,ܥܠ,ܥܠ,ܥܠ
,ܨܘܪܟ܀,,ܨܘܪܐ܀٣٨܆ܒܪܝ܂,ܨܘܪܟ܆,,ܨܘܪܟ܀,ܨܘܪܟ܂܂,ܨܘܪܟ܂
,ܒܪܝ,,,ܒܪܝ,,ܒܪܝ,ܒܪܝ,ܒܪܝ
,ܡܚܝܠܓܒܪܐ,,ܡܚܝܠܓܒܪܐ,ܡܚܝܠܓܒܪܐ,,,ܡܚܝܠܓܒܪܐ,ܡܚܝܠܓܒܪܐ
,,,ܚܟܝܡܐܒܡ̈ܠܐܕܚܟܡܬܐ܂,ܚܟܝܡܐ,,,ܚܟܝܡܐ,ܚܟܝܡܐ
,ܒܡܠܬܐ,,,ܒܡܠܬܐ,,,ܒܡܠܬܐ,ܒܡܠܬܐ
,ܚܟܝܡܬܐ܉ܕܬܗܘܐ,,,ܚܟܝܡܬܐ܆,,,ܚܟܝܡܬܐ,ܚܟܝܡܬܐ܇
,,,ܘܬܗܘܐ,ܘܬܗܘܐ,,,ܘܬܗܘܐ,ܘܬܗܘܐ
,,,ܕܝܢ,,,,,
,ܒܠܒܗܐܝܟ,,ܒܠܒܗܐܝܟ,ܒܠܒܗܐܝܟ,,,ܒܠܒܗܐܝܟ,ܒܠܒܗܐܝܟ
,ܐܫܬܐ,,ܐܫܬܐ,ܐܫܬܐ,,,ܐܫܥܐܪܒܝܩܬܐ,ܐܫܬܐ
,ܕܒܩܝܛܐ܂ܕܐܢ,,ܕܩܝܩܬܐ܀٣٩܆ܒܪܝ܆,ܪܩܝܩܬܐ܆ܐܢ,,,,ܪܩܝܩܬܐ܂ܐܢ
,,,ܘܐܢ,,,,ܘܐܢ,
,ܬܡܚܐ,,ܬܡܚܐ,ܬܡܚܐ,,,ܬܡܚܐ,ܬܡܚܐ
,ܠܣܟܠܐ,,ܠܓܒܪܐܣܟܠܐ,ܠܓܒܪܐܣܟܠܐ,,,ܠܓܒܪܐܣܟܠܐ,ܠܓܒܪܐܣܟܠܐ
,,,ܚܘܛܪ̈ܐܣܓܝ̈ܐܬܐ܆ܠܐܡܬܚܟܡ܀٤٠܆ܒܪܝܠܐܬܠܦܠܣܟ̈ܠܐܡ̈ܠܐܕܚܟܡܬܐ܂ܡܛܠܕܐܝܟ,ܪ̈ܒܘ,,,ܪܒܘܚܘܛܪ̈ܝܟ,ܪܒܘܚܘܛܪ̈ܝܟ
,ܚܘܛܪ̈ܝܢ,ܐܢܫ,ܐܢܫ,ܚܘܛܪ̈ܝܢ,,,,
,ܣܓ̈ܝܐܢ,,ܕܡܕܒܩܚܨܦ̈ܐܐܝܬܘܗܝܗܘܕܡܠܦܠܣܟܠܐ܂ܘܡ̈ܠܝܟܫܕܐܠܗܝܢܐܝܟܕܒܪܘܚܐ܀٤١܆ܒܪܝ܆,ܠܐܝܕܥ܆,,,,
,ܠܐ,,ܐܢܡܫܕܪܐܢܬ,,,ܐܢܡܫܕܪܐܢܬ,ܠܐ,ܠܐ
,ܝܕܥ܀,,ܚܟܝܡܐܒܐܘܪܚܐ܆,,,ܚܟܝܡܐܢܬܒܐܘܪܚܐ,ܝܕܥ܂܂ܒܪܝܫܕܪ̈ܠܓܒܪ̈ܐܚܟܝܡ̈ܐ,ܝܕܥ܂
,ܒܪܝܫܕܪ,,ܠܐ,ܒܪܝܫܕܪ,,ܠܐ,,ܒܪܝܫܕܪ
,ܚܟܝܡܐܘܠܐܬܦܩܕܝܘܗܝ܂,,,ܠܓܒܪܐܕܠܐ,,,,ܠܓܒܪܐܕܠܐ
,,,ܬܣܓܐ,ܬܣܓܐ,,ܬܣܓܐ,ܬܣܓܐ,ܬܣܓܐ
,,,ܠܡܦܩܕܘܬܗ܁,ܠܡܦܩܕܘܬܗܘܢ܆,,ܠܡܦܩܕ܆,ܠܡܦܩܕܘܬܗܘܢ,ܠܡܦܩܕܘܬܗܘܢ܂
,ܘܐܢܣܟܠܐܡܫܕܪ,,ܘܐܢܣܟܠܐܡܫܕܪ,ܘܐܢܣܟܠܐܡܫܕܪ,,ܘܐܢܣܟܠܐܡܫܕܪ,ܘܐܢܣܟܠܐܡܫܕܪ,ܘܐܢܣܟܠܐܡܫܕܪ
,ܐܢܬ܉,,ܐܢܬ܆,ܐܢَܬ,,ܐܢܬ܂,ܐܢ̄ܬ܂ܐܢ̄ܬܒܢܦ̱ܫܟ,ܐܢ̈ܬ
,,,,ܒܢܦܫܟ,,,,ܒܢܦܫܟ
,,,,,,ܐܢܬ,,
,,,ܒܩܢܘܡܟ,,,ܒܩܢܘܡܟ,,
,ܙܠ,,ܙܠ,ܙܠ,,ܙܠ,ܙܠ,ܙܠ
,ܐܢܬ,,ܐܢܬ,,,,,
,,,,ܘܠܐ,,ܘܠܗܠܐܬܫܕܪ܀ܒܪܝ,ܘܠܐ,ܘܠܐ
,ܘܠܐܬܫܕܪܝܘܗܝ܀,,ܒܬܪܗ܀٤٢܆ܒܪܝ܂,ܬܫܕܪ܆,,,ܬܫܕܪ܆,ܬܫܕܪ܂
,ܒܪܝܢܣܐ,,ܐܠܦ,ܒܪܝܢܣܐ,,ܐܠܦ,ܒܪܝܢܣܐ,ܒܪܝܢܣܐ
,ܒܪܟ,,ܒܪܟ,ܠܚܒܪܟ,,ܒܪܟ,ܠܚܒܪܟ,ܠܚܒܪܟ
,ܒܠܚܡܐ,,ܝܘܠܦܢܐܘܡܪܕܘܬܐ܂ܘܐܠܦܝܗܝ,ܒܠܚܡܐ,,ܝܘܠܦܢܐܘܡܪܕܘܬܐ܂ܘܐܠܦܝܗܝ,ܒܠܚܡ̈ܐܘܡܝ̈ܐ܂,ܒܠܚܡܐ
,ܘܒ̈ܡܝܐ܂,,ܡܛܟܣܘܬܐ܂,ܘܚܡܪܐ,,ܛܟܣܘܬܐ,,ܘܚܡܪܐ܆
,ܘܗܝܕܝܢ,,ܘܗܝܕܝܢ,ܘܗܝܕܝܢܐܫܠܡ,,ܘܗܝܕܝܢ,ܘܗܝܕܝܢܐܫܠܡ,ܘܗܝܕܝܢܐܫܠܡ
,ܬܫܒܘܩ,,ܫܒܘܩ,,,ܫܒܘܩ,ܒܐܝܕܘܗ̈ܝܢܟܣܝܟ̈ܘܩܢܝܢ̈ܝܟ܂܂,
,ܒܐܝܕܘ̈ܗܝ,,ܒܐܝܕ̈ܘܗܝ,ܒܐܝܕܘ̈ܗܝ,,ܩ̈ܢܝܢܝܟܟܣܝܟܒܐܝܕ̈ܘܗܝ܀ܒܪܝ,,ܒܐܝܕ̈ܘܗܝ
,ܩܢ̈ܝܢܝܟܘܢܟܣܝ̈ܟ܀,,ܢܟܣ̈ܝܟ,ܢܟܣ̈ܝܟ,,,,ܢܟܣܝ̈ܟܘܩܢܝܢ̈ܝܟ܂
,,,ܘܩܢܝܢܟ܀٤٣܆ܒܪܝ܂ܡܢܡܫܬܘܬܐ܆ܩܕܡܝܐܦܛܪ܆,ܘܩܢܝܢ̈ܝܟ܀,,,,
,ܒܪܝܡܢܡܫܬܘܬܐ,,,ܒܪܝܡܢܡܫܬܘܬܐ,,,ܒܪܝܡܢܡܫܬܘܬܐ,ܒܪܝܡܢܡܫܬܘܬܐ
,ܩܕܡܝܐ,,,ܩܕܡܝܐ,,ܩܕܡܝܐ,ܩܕܡܝܬܐ,ܩܕܡܝܐ
,ܦܛܪ܉ܘܠܐܬܟܬܪܠܡܫܚܢ̈ܝܢ,,,ܦܘܩ܆,,ܘܩܡܢܡܫܬܘܬܐ܂,ܦܘܩ܂,ܦܘܩ܂
,,,ܘܠܐܬܩܘܐܠܡܡܫܚ,ܘܠܐܬܩܘܐܠܡܡܫܚ,,ܘܠܐܬܩܘܐܠܡܡܫܚ,ܘܠܐܬܩܘܐܠܡܡܫܚ,ܘܠܐܬܩܘܐܠܡܡܫܚ
,,,ܡܫܚܢ̈ܝܢܒܣܝܡܝܢ,ܡܫ̈ܚܐܒܣ̈ܝܡܐ܆,,ܫܚ̈ܢܝܢܒܣ̈ܝܡܝܢ܂,ܡܫܚܢ̈ܐ,ܡܫܚܢ̈ܐ
,ܒܣܝܡ̈ܐ܂,,,,,,ܒܣܝܡ̈ܐ܂,ܒܣܝܡ̈ܐ܂
,ܕܠܡܐ,,ܕܠܡܐ,ܕܠܡܐ,,ܕܠܡܐ,ܕܥܡܐ,ܕܠܡܐ
,ܢܗܘ̈ܝܢ,,ܢܗܘ̈ܝܢ,ܢܗܘܘܢ,,ܢܗ̈ܘܝܢ,ܢܗܘ̈ܝܢ,ܢܗܘܘܢ
,ܠܟ,,ܠܟ,ܠܟ,,ܠܟ,ܨܘ̈ܠܦܬܐ܂,ܠܟ
,,,ܨܘܠܦ̈ܬܐ,ܨܘ̈ܠܦܬܐ܆,,ܨܘ̈ܠܒܬܐ,,ܨܘܠܦܬ̈ܐ܂
,,,ܒܪܝܫܟ܀,,,ܒܪܝܫܟ܀,,
,,,٤٤܆ܒܪܝ܆,,,ܒܪܝ,,
,,,ܠܡܢ,,,ܠܡܢ,,
,,,ܕܘܘܕܐܘܠܡܢ,,,ܘܕܐܠܡܢ,,
,ܨܘ̈ܠܦܬܐ,,,,,ܨܘ̈ܠܦܬܐ,,
,ܒܪܫܟ܀,,,,,ܠܡܢ,,
,ܒܪܝܡܢ,,ܘܝܐ܂,ܒܪܝܡܢ,,ܘܝܐ܂,ܒܪܝܡܢ,ܒܪܝܡܢ
,,,ܘܠܡܢܨܘܠܦܬܐܘܡܨܘ̈ܬܐܘܚܪ̈ܝܢܐ܂ܐܠܐ,,,,,
,,,ܠܐܝܠܝܢܕܡܘܚܪܝܢ,,,ܠܐܝܠܝܢܕܡܘܚܪܝܢ,,
,,,ܘܠܡܣܓܐܝܘ,,,ܒܚܡܪܐܠܡܣܓܝܘ,,
,,,ܠܡܫܬܐܚܡܪܐ܂ܘܠܐܝܠܝܢ,,,ܠܡܫܬܐܚܡܪܐ܂ܘܠܐܝܠܝܢ,,
,,,ܕܡܥܩܒܝܢܐܝܟܐ,,,ܡܥܩܒܝܢ,,
,,,ܕܐܝܬܡܫܬܝܐ܀,,,ܕܐܝܬܡܫܬܝܐ܀,,
,,,܂܂܂܂܂܂܂٤٥܆ܒܪܝ܂,,,ܒܪܝ,,
,ܕܐܝܕܗܡܠܝܐ,,,ܕܐܝܕܗܡܠܝܐ,,ܕܐܝܕܗܡܠܝܐ,ܕܐܝܕܗܡܠܝܐ,ܕܐܝܕܗܡܠܝܐ
,ܡܬܩܪܐ,,,ܡܬܩܪܐ,,ܡܬܩܪܐ,ܡܬܩ̱ܪܐ,ܡܬ܂ܩܪܐ
,ܚܟܝܡܐܘܡܝܩܪܐ܂,,,ܚܟܝܡܐ܆,,ܚܟܡܐܝܬܪܐܒܥܠܡܐ܂,ܚܟܝܡܐ܂,ܚܟܝܡܐ܂
,ܘܡܢܕܐܝܕܗ,,,ܘܡܢܕܐܝܕܗ,,ܘܡܢܕܐܝܕܗ,ܘܡܢܕܐܝܕܗ,ܘܡܢܕܐܝܕܗ
,ܚܣܝܪܐ,,,ܣܦܝܩܐܡܬܩܪܐ,,ܦܝܩܐܘܠܐܩܢܐܡܕܡ,ܣܦܝܩܐܡܬܩܪܐ,ܣܦܝܩܐܡܬܩܪܐ
,ܡܬܩܪܐ,,,ܣܟܠܐ,,ܡܬܩܪܐ,ܣܟܠܐ,ܣܟܠܐ܂ܕܐܢܫܐܡܣܟ̈ܢܐܠܐܡܝܩܪܝܟܠܗ܂
,ܡܣܟܠܢܐܘܫܦܠܐ܀ܒܪܝܛܥܢܬܡܠܚܐܘܗܦܟܬܐܒܪܐ܂,,,ܕܐَܢܫܐܡܣܟܢܐ,,ܡܣܟܢܐܘܫܝܛܐܘܒܢܝܢܫܐ,ܕܐ̄ܢܫ̈ܐܠܐܡܩܪܝܢܠܗ܂܂,
,,,,ܠܐܡܝܩܪܝܢ,,ܠܐܡܝܩܪܝܢ,,
,,,,ܠܗ܆,,ܠܗ܀,,
,,,,ܒܪܝܐܟܠܬ,,ܒܪܝܐܟܠܬ,ܒܪܝܐܟܠܬ,ܒܪܝܐܟܠܬ
,,,,ܕܡܪܝܪ̈ܢ܆,,ܕܡܪܝܪܢ,ܕܡܪܝܪܢ,ܕܡܪܝܪ̈ܢ܆
,,,,ܘܒܠܥܬ,,ܘܒܠܥܬ,ܘܒܠܥܬ,ܘܒܠܥܬ
,,,,ܕܥܠܘܒܢ܇,,ܥܠܝܩܢ܂,ܕܥܠܘܩܝ̈ܢ,ܕܥܠܘܩ̈ܢ܆
,ܘܠܐܚܙܝܬ,,,ܘܠܐܐܫܟܚܬ,,ܘܠܐܚܙܝܬ,ܘܠܐܐܫܟܚܬ,ܘܠܐܐܫܟܚܬ
,ܕܝܩܝܪܡܢܚܘܒܬܐܕܢܦܪܘܥܐ̄ܢܫܟܕܠܐܝܙܦ܀,,,,,ܡܕܡ,,
,,,,ܕܡܪܝܪܡܢ,,ܕܡܪܝܪܡܢ,ܕܡܪܝܪܡܢ,ܕܡܪܝܪܡܢ
,,,,ܡܣܟܢܘܬܐ,,ܡܣܟܢܘܬܐ܀,ܡܣܟܢܘܬܐ܂܂,ܡܣܟܢܘܬܐ܂
,ܒܪܝ,,,ܒܪܝ,,ܒܪܝ,ܒܪܝ,ܒܪܝ
,ܛܥܢܬ,,ܛܥܢܬ,ܛܥܢܬ,,ܛܥܢܬ,ܛܥܢܬ,ܛܥܢܬ
,ܦܪܙܠܐ,,ܦܪܙܠܐ,,,ܦܪܙܠܐ,,
,,,,ܐܒܪܐ,,,ܐܒܪܐ,ܐܒܪܐ
,ܘܗܦܟܬ,,ܘܗܦܟܬ,ܘܐܗَܦܟܬܦܪܙܠܐ܆,,ܘܗܦܟܬ,ܘܐܚܦܟܬ,ܘܬܗܦܟܬܦܪܙܠܐ܂ܠܐ
,,,,,,,ܦܪܙܠܐ,
,ܟܐ̈ܦܐ܂ܘܠܐܝܩܪܘ,,ܟܐܦ̈ܐ,,,ܛܥܢܬ,,
ܐܒܪܐ,,,,,,ܐܒܪܐ,,
ܘܦܪܙܠܐܥܡ,,,ܘܠܐ,ܘܠܐ,,ܘܠܐ,ܘܠܐ,
,,,ܝܩܪ,ܝܩܪ,,ܐܝܩܪ,ܝܩܪ,ܝܩܪ
,ܥܠܝ,,ܥܠܝ,ܥܠܝܟ,,ܥܠܝ,ܥܠܝ,ܥܠܝ
,ܐܝܟ,,ܐܝܟ,ܐܝܟ,,ܐܝܟ,ܐܝܟ,ܐܝܟ
,ܓܒܪܐܕܝܬܒ,,ܓܒܪܐܕܝܬܒ,ܚܘܒܬܐ,,ܕܢܬܒ,ܚܘܒܬܐ,ܚܘܒܬܐ܂
,,,,ܕܢܚܘܒ,,,ܕܢܚܘܒ,ܕܢܚܘܒ
,,,,ܐَܢܫ܆,,ܐܢܫ,ܐ̄ܢܫ,ܐܢܫ
,ܒܝܬ,,ܒܝܬ,ܕܠܐܐܟܠܘܠܐ,,ܒܝܬ,ܕܠܐܐܟܠܘܠܐ,ܕܠܐܐܟܠܘܠܐ
,ܚܡܘܗܝ܀ܒܪܝܐܠܦ,,ܚܡܗ̈ܘܗܝ܀٤٦܆ܒܪܝ܂,ܐܫܬܝ܆,,ܚܡܘܗܝܘܢܓܚܟ܀,ܐܫܬܝ܂܂,ܐܫܬܝ܂ܒܪܝ
,,,,ܒܪܝ,,ܒܪܝ,ܒܪܝ,
,,,ܐܠܦܒܪܟ,ܐܠܦܒܪܟ,,ܐܠܦܒܪܟ,ܐܠܦܒܪܟ,ܐܠܦܒܪܟ
,ܟܦܢܐ,,ܟܦܢܐ,ܟܦܢܐ,,ܟܦܢܐ,ܟܦܢܐ,ܟܦܢܐ
,ܘܨܗܝܐ,,ܘܨܗܝܐ܂,ܘܨܗܝܐ,,ܘܨܗܝܐ,ܘܨܗܘܐ܂,ܘܨܗܝܐ܂
,ܠܒܪܟ܉,,,ܘܐܝܟ,,,ܘܐܝܟ,ܘܐܝܟ
,ܕܐܝܟ,,ܕܐܝܟ,,,ܕܐܝܟ,,
,ܕܚܙܝܐ,,ܕܚܙܝܐ,ܕܚܙܝܐ,,ܕܝ,ܕܚܙܝܐ,ܕܚܙܝܐ
,ܥܝܢܗ,,ܥܝܢܗ܆ܗܟܢܐ,ܥܝܢܗ,,ܥܝܢܗ,ܥܝܢܗ,ܥܝܢܗ
,,,,ܗܟܢ,,ܗܟܢ,ܗܟܢ,ܗܟܢ
,ܢܕܒܪ,,ܢܕܒܪ,ܢܕܒܪ,,ܢܕܒܪ,ܢܕܒܪ,ܢܕܒܪ
,ܒܝܬܗ܀,,ܒܝܬܗ܀,ܒܝܬܗ܆,,ܒܝܬܗ܀,ܒܝܬܗ܂܂,ܒܝܬܗ܂
,ܒܪܝ,,٤٧܆ܒܪܝ܂,ܒܪܝܛܒ,,ܒܪܝ,ܒܪܝ,ܒܪܝܛܒ
,ܛܒ,,ܛܒ,,,ܛ,ܛܒ,
,ܥܘܝܪ,,,,,,ܥܘܝܪ,
,ܡܢ,,,,,,,
,ܗܘ,,ܗܘ,,,ܗܘ,,
,ܕܥܘܝܪܒܠܒܗ܂,,,,,,,
,,,ܥܘܝܪ,ܥܘܝܪ,,ܥܘܝܪ,,ܥܘܝܪ
,ܥܘܝܪ,,,,,,,
,,,ܥܝܢ̈ܐ,ܥܝܢ̈ܐ,,ܥܝܢܐ,,ܥܝܢ̈ܐ
,,,ܡܢܥܘܝܪ,ܡܢܥܘܝܪ,,ܡܢܥܘܝܪ,,ܡܢܥܘܝܪ
,,,ܠܒܐ܂,ܠܒܐ܆,,ܠܒܐ܂,,ܠܒܐ܂
,,,ܡܛܠ,,,ܡܛ,,
,,,ܕܥܘܝܪ,,,ܕܥܘܝܪ,,
,ܥܝ̈ܢܐ,,ܥܝ̈ܢܐ,,,ܥܝܢܐ,ܥܝ̈ܢܐ,
,ܕܝܢ܉,,ܠܝܓܠܝܓܢܚܠܦ,,,ܠܝܓܠܝܓܢܚܠܦ,,
,,,ܐܘܖܚܐ,,,ܐܘܪܚ,,
,,,ܘܐܙܠ܂,,,ܘܐܙܠ܂,,
,,,,ܥܘܝܪ,,ܥܘܝܪ,,ܥܘܝܪ
,,,,ܥ̈ܝܢܐ,,,,ܥܝܢ̈ܐ
,,,,ܕܝܢ,,,ܕܝܢ,ܕܝܢ
,ܒܥܓܠ,,,ܒܥܓܠ,,,ܒܪܓܠ,ܒܥܓܠ
,ܝܠܦܐܘܪܚܐܘܐܙܠ,,,ܝܠܦܐܘܪܚܐܘܐܙܠ,,,ܝܠܦܐܘܪܚܐܘܐܙܠ,ܝܠܦܐܘܪܚܐܘܐܙܠ
,,,,ܒܗ,,,ܘܐܬܐ,ܒܗ
,ܒܗ܂,,,ܘܐܬܐ܆ܘܥܘܪ,,,ܒܗ܂,ܘܐܬܐ܂
,ܘܥܘܝܪ,,ܘܥܘܝܪ,,,,ܘܥܘܝܪ,ܘܥܘܝܪ
,ܠܒܐ,,ܠܒܐ܆,ܠܒܐ,,ܠܒܐ,ܠܒܐ,ܠܒܐ
,ܫܒܩ,,ܫܒܩ,ܫܒܩ,,ܫܒܩ,ܫܒܩ,ܫܒܩ
,ܐܘܪܚܐ,,ܐܘܪܚܐ,,,ܐܘܪܚܬܪܝܨܐ,ܐܘܪܚܐ,
,ܬܪܝܨܬܐ,,ܬܪܝܨܬܐ,ܬܪܝܨܬܐ,,,ܬܪܝܨܬܐ܂,ܬܪܝܨܬܐ
,ܘܐܙܠ,,ܘܐܙܠ,ܘܐܙܠ,,ܘܐܙܠ,ܘܐܙܠ,ܘܐܙܠ
,ܒܬܘܫܐ܀,,ܒܡܥܩܡܬܐ܀٤٨܆ܒܪܝ܂,ܒܡܥܩܡܬܐ܆,,ܒܡܥܩܘܥܬܐ܀ܒܪܝܛ,ܒܡܥܩܡܬܐ,ܒܡܥܩܡܬܐ܂
,ܒܪܝ,,,ܒܪܝ,,,ܒܪܝ,ܒܪܝ
,ܛܒ,,ܛܒ,ܛܒ,,,ܛܒ,ܛܒ
,ܪܚܡܐ,,ܪܚܡܐ,ܫܒܒܐ,,ܪܚܡܐ,ܫܒܒܐ,ܫܒܒܐ
,ܕܩܪܝܒ܂,,ܕܩܪܝܒ܆,ܕܩܪܝܒ,,ܕܩܪܝܒ,ܕܩܪܝܒ,ܕܩܪܝܒ
,ܡܢܐܚܐ,,ܡܢܐܚܐ,ܡܢܐܚܐ,,ܡܢܐܚܐ,ܡܢܐܚܐ,ܡܢܐܚܐ
,ܕܪܚܝܩ܂,,ܕܪܚܝܩ܀٤٩܆ܛܒܐ,ܕܪܚܝܩ܆,,ܕܪܚܝܩunclearܒܪܝܛܒܗܘܡܘܬܐ,ܕܪܚܩ܂ܛܒ,ܕܪܚܝܩ܂
,ܘܛܒ,,,ܘܛܒ,,,,ܘܛܒ
,ܫܡܐܛܒܐܡܢ,,,ܫܡܐܛܒܐܡܢ,,,ܫܡܐܛܒܐܡܢ,ܫܡܐܛܒܐܡܢ
,ܫܘܦܪܐܣܓܝܐܐ܂,,,ܫܘܦܪܐ܆,,,ܫܘܦܪܐ܂,ܫܘܦܪܐ܂
,ܡܛܠܕܫܡܐܛܒܐ,,,ܡܛܠܕܫܡܐܛܒܐ,,,ܡܛܠܕܫܡܐܛܒܐ,ܡܛܠܕܫܡܐܛܒܐ
,ܩܐ݂ܡܠܥܠܡ܂,,,ܩܐܡ܆,,,ܩܐܡ,ܩܐܡ܂
,ܘܫܘܦܪܐ,,,ܘܫܘܦܪܐ,,,ܘܫܘܦܪܐ,ܘܫܘܦܪܐ
,ܒܠܐܘܡܬܚܒܠ܀,,,ܡܬܚܒܠ܆ܒܪܝܛܒܗَܘ,,,ܡܬܚܒܠ܂܂ܒܪܝܛܒ,ܡܬܚܒܠ܂
,ܒܪܝܛܒܘ,,,,,,,ܒܪܝܛܒܘ
,ܡܘܬܐܡܢ,,,ܡܘܬܐܡܢ,,,ܡܘܬܐܡܢ,ܡܘܬܐܡܢ
,ܚܝ̈ܐ܉,,,ܚܝ̈ܐ,,,ܘܡܢܚܝܐ,ܚܝ̈ܐ
,,,,ܠܓܒܪܐܕܢܚܫܐܠܝܬܠܗ܆,,,,
,,,,ܘܛܒܩܠܐ,,,,
,,,,ܕܐܘ̈ܠܝܬܐ,,,,
,ܠܓܒܪܐ,,,ܠܓܒܪܐ,,ܠܓܒܪܐ,ܠܓܒܪܐ,ܠܓܒܪܐ
,ܕܢܝܚܐ,,,,,ܕܢܝܚܐ,,ܕܢܝܚܐ
,ܠܝܬܠܗ܂,,,,,ܠܝܠܗ܀ܒܪܝܛܒ,,ܠܝܬܠܗ܂
,,,,,,,,ܘܛܒܩܠܐ
,ܘܛܒܘ,,,,,,,
,ܩܠܐ,,,,,ܩܠܐ,,ܕܐܘܠܝܬ̈ܐܠܓܒܪܐ
,ܕܐܘܠ̈ܝܬܐܒܐܕ̈ܢܝܣܟܠܐ܉ܡܢܙܡܪܐ,,,,,ܕܐܘܠܝܬܐܒܐܕܢ̈ܐܢ̈ܫܐ,,
,,,,ܕܐܝܬܒܗ,,ܕܐܝܬܒܗ,ܕܐܝܬܒܗ,ܕܐܝܬܒܗ
,,,,ܠܒܐ܆,,ܠܒܐ܂,ܠܒܐ,ܠܒܐ܂
,,,,ܡܢ,,ܡܢ,ܡܢ,ܡܢ
,,,,ܩܠܐܕܙܡܪܐ,,ܩܠܙܡܪ,ܩܠܐܕܙܡܪܐ,ܩܠܐܕܙܡܪܐ
,ܘܚܕܘܬܐ܀,,,ܘܕܚܕܘܬܐ܆,,ܘܚܕܘܬܐ܀,ܡܢܚܕܘܬܐ܂܂ܒܪܝܛܒܐܗܝ,ܘܕܚܕܘܬܐ܂
,ܒܪܝܛܒܐ,,,ܛܒ,,ܛܒ,,ܒܪܝܛܒܐ
,,,,ܗَܝܟܪܟܐ,,,,ܗ̄ܝܒܪܟܐ
,ܟܪܥܐ,,ܟܪܥܐ,,,ܟܪܥܐ,ܟܪܥܐ,
,ܕܒܐܝܕܟ܉,,ܒܐܝܕܟ,ܕܐܝܕܟ,,ܕܒܐܝܕܟ,ܕܐܝܕܟ,ܕܐܝܕܟ
,,,,,,,,ܟܪܥܐ
,ܡܢ,,ܡܢ,,,ܡܢ,,
,ܙܦ̮ܬܐ,,,ܡܢ,,unclear,ܡܢ,ܡܢ
,,,ܘܙܐ,ܘܙܐ,,,ܘܙܐ,ܘܙܐ
,ܒܩܕܪܐ,,ܕܒܩܕܪܐ,ܒܩܕܪܐ,,ܕܒܩܕܪܐ,ܒܩܕܪܐ,ܒܩܕܪܐ
,ܕܐܚܪ̈ܢܐ܂,,ܕܐܚܪܢܐ܂,ܕܐَܚܪ̈ܢܐ܆ܒܪܝܛܒܐܗَܝ,,ܕܐܚܪܢܐ܀,ܕܐܚܪܢܐ܂܂,ܕܐܚܪ̈ܢܐ܂
,ܘܛܒܐ,,ܘܛܒܐ,,,ܒܪܝܛܒܐ,ܒܪܝܛܒܐ,ܒܪܝܛܒܐ
,,,,,,,ܗ̄ܝ,ܗ̄ܝ
,ܢܩܝܐ,,ܢܩܝܐ,ܢܩܝܐ,,ܢܩܝܐ,ܢܩܝܐ,ܢܩܝܐ
,ܕܩܪܝܒܐ܉ܡܢܬܘܪܬܐܕܪܚܝܩܐ܂,,ܕܩܪܝܒܐ,ܕܩܪܝܒܐ,,ܕ,ܕܩܪܝܒܐ,ܕܩܪܝܒܐ
,,,ܡܢܬܘܪܐ,ܡܢܬܘܪܐ,,ܡܢܬܘܪܐ,ܡܢܬܘܪܐ,ܡܢܬܘܪܐ
,,,ܕܪܚܝܩ܂,ܕܪܚܝܩ,,ܕܪܚܝܩ܀ܘܛܒ,ܕܪܚܝܩ܂,ܕܪܚܝܩ܂
,ܘܛܒܐ,,ܘܛܒܐ,ܘܛܒܐ,,,ܘܛܒܐ,ܛܒܐܗ̄ܝ
,ܚܕܐ,,,,,,,
,ܨܦܪܐ,,ܨܦܪܐ,ܨܦܪܐ,,ܨܦܪܐ,ܨܦܪܐ,ܨܦܪܐ
,ܕܒܐܝܕܟ܉,,ܒܐܝܕܟ,ܕܒܐܝܕܝ̈ܟ,,ܕܒܐܝ,ܕܒܐܝܕܟܡܢܐܠܦܝܢ,ܕܒܐܝܕ̈ܝܟ
,ܡܢܐܠܦ,,ܡܢܐܠܦ,ܡܢܐܠܦ,,ܡܢܐܠܦ,,ܡܢܐܠܦ
,ܕܦܪ̈ܚܢ܂ܘܛܒܐ,,ܨܦܪ̈ܝܢ,ܨܦܪ̈ܝܢ,,ܨܦܪ̈ܐܕܦܪ̈ܚܝܢܒܐܐܝܪ܀ܛܒ,ܨܦܪ̈ܝܢ,ܨܦܪ̈ܝܢ
,,,ܕܦܪ̈ܚܢ,ܕܦܪ̈ܚܢ,,,ܕܦܪܚܝܢܒܐܐܪ܂܂,ܕܦܪ̈ܝܟ
,,,ܒܐܐܪ܂,ܒܐܐܪ܆ܒܪܝܛܒܐܗَܝ,,,,ܒܐܐܪ܂
,,,ܘܛܒܬܐ,,,,ܒܪܝܛܒܐܗ̄ܝ,ܒܪܝܛܒܐܗ̄ܝ
,ܡܣܟܢܘܬܐ,,ܡܣܟܢܘܬܐ,ܡܣܟܢܘܬܐ,,ܡܣܟܢܘܬܐ,ܡܣܟܢܘܬܐ,ܡܣܟܢܘܬܐ
,ܕܡܟܢܫܐ܉,,ܕܡܟܢܫܐ܆,ܕܡܟܢܫܐ,,ܕܡܟܢܫܐ,ܕܡܟܢܫܐ,ܕܡܥܢܫܐ܁
,ܡܢܥܘܬܪܐ,,ܡܢܥܘܬܪܐ,ܡܢܥܘܬܪܐ,,ܡܢܥܘܬܪܐ,ܡܢܥܘܬܪܐ,ܡܢܥܘܬܪܐ
,ܕܡܒܕܪ܂,,ܣܓܝܐܐܕܡܒܕܪ܀,ܕܡܒܕܪܘܬܐ܆,,ܕܡܒܕܛܒ,ܕܡܒܕܪ܇,ܕܡܒܕܪܘܬܐ܂
,ܘܛܒ,,ܘܛܒ,ܘܛܒ,,,ܘܛܒ,ܘܛܒ
,ܡܐܢܐܕܥܡܪܐܕܥܠܝܟ܉ܡܢܒܘܨܐܘܫܐܪ̈ܝܐܕܐܚܪ̈ܢܐ܀,,ܬܥܠܐܕܚܝܡܢܐܪܝܐ,ܬܥܠܐܕܚܝܡܢܐܪܝܐ,,ܬܥܠܐܕܚܝܡܢܐܪܝܐ,ܬܥܠܐܕܚܝܡܢܐܪܝܐ,ܬܥܠܐܕܚܝܡܢܐܪܝܐ
,,,ܕܡܝܬܕܡܝٌܬ܀٥٠܆ܒܪܝ܂,ܕܡܝܬ܆,,ܕܡܝܝܬ܀ܒܪܝ,ܕܡܝܬ܂܂,ܕܡܝܬ܂
,ܒܪܝ,,,ܒܪܝ,,,ܒܪܝ,ܒܪܝ
,ܟܒܘܫ,,ܟܒܘܫ,ܟܒܘܫ,,,ܟܒܘܫ,ܟܒܘܫ
,ܡܠܬܐ,,ܡܠܬܐ,ܡܠܬܐ,,ܡܠܬܐ,ܡܠܬܐ,ܡܠܬܐ
,ܒܠܒܟ܂,,ܒܠܒܟ܂,ܒܠܒܟ,,ܒܠܒܟ܂,ܒܠܒܟ,ܒܠܒܐ
,ܘܢܛܐܒ,,ܘܢܛܐܒ,ܘܢܛܐܒ,,ܘܢܐܛܒ,ܘܢܛܐܒ,ܘܢܛܐܒ
,ܠܟ܂,,ܠܟ܂,ܠܟ܆,,ܠܟ܂,ܠܟܡܛܠܐܝܢ,ܠܟ܂
,,,ܘܠܐܬܓܠܐ,ܡܛܠܕܐܢ,,ܘܠܐܬܓܠܐ,,ܡܛܠܕܐܢ
,,,,,,,ܐܡܪܬ,
,,,,ܐܡܪܬ,,,,ܐܡܪܬ
,,,ܐܪܙܐ,,,ܪܐܙܐ,,
,,,ܕܚܒܪܟ܂,ܡܠܬܟ܆,,ܕܚܒܪܟ܂,,
,ܡܛܠ,,ܡܛܠ,,,ܡܛܠ,,
,ܕܡܐ,,,,,,,
,ܕܚܠܦܬ,,ܕܚܠܦܬ,,,ܕܚܠܦܬ,,
,ܡܠܬܟ,,ܡܠܬܐ܆,,,ܡܠܬܐ,,ܡܠܬܟ
,ܐܘܒܕܬܪܚܡܟ܀ܒܪܝ,,ܚܠܦܬ,,,ܚܠܦܬ,,ܚܠܦܬ
,,,ܚܒܪܟ܂,,,ܚܒܪܟ܀ܓܠܐܪܐܙܐ,,ܚܒܪܟ܂
,,,ܘܕܓܠܐܐܪܙܐ,ܒܪܝܠܐ,,,,ܒܪܝܠܐ
,,,ܣܟܠܐ,ܬܦܘܩ,,ܣܟܠܐ,,ܐܦܩ܂
,,,ܗَܘ܀٥١܆ܚܙܝ,,,ܗܘ܀ܒܪܝ,,
,ܠܐܬܦܘܩ,,ܠܐܬܦܘܩ,,,ܠܐܬܦܘܩ,,
,ܡܠܬܐ,,ܡܠܬܐ,ܡܠܬܐ,,ܬܐ,ܡܠܬܐ,ܡܠܬܐ
,ܡܢ,,ܡܢ,ܡܢ,,ܡܢ,ܡܢ,ܡܢ
,ܦܘܡܟ܂,,ܦܘܡܟ܆,ܦܘܡܟ܆,,ܦܘܡܟ,ܦܘܡܟ,ܦܘܡܟ܂
,ܥܕܡܐ,,ܥܕܡܐ,ܥܕܡܐ,,ܥܕܡܐ,ܥܕܡܐ,ܥܕܡܐ
,ܕܬܬܡܠܟ,,ܕܬܬܡܠܟ,ܕܬܗܦܟܝܗ,,ܕܬܬܡܠܟ,ܕܬܗܦܟܝܗ,ܕܐܗܦܟܝܗ
,ܒܓܘܠܒܟ܂,,ܒܠܒܟ܂,ܒܠܒܟ܆,,ܒܠܒܟ܂,ܒܠܒܟ܂,ܒܠܒܟ܂
,ܡܛܠܕܛܒܘ,,ܡܛܠ,ܡܛܠ,,ܛܠ,ܡܛܠܕܛܒܘ,ܡܛܠܕܛܒܘ
,,,ܕܛܒ,ܕܛܒ,,ܕܛܒ,,
,,,,,,,,ܓܒܪܐ
,ܠܓܒܪܐ,,ܠܓܒܪܐ,ܗَܘ,,ܠܓܒܪܐ,ܠܓܒܪܐ,
,,,,ܓܒܪܐ,,,,
,ܕܡܬܬܩܠ,,ܕܡܬܬܩܠ,ܕܡܬܬܩܠ,,ܕܡܬܬܩܠ,ܕܡܬܬܩܠ,ܕܡܬܬܩܠ
,ܒܠܒܗ܉ܘܠܐܡܬܬܩܠ,,ܒܪܓܠܗ܆,ܒܪܓܠܗ,,ܒܪܓܠܗ,ܕܪܓܠܗ,ܒܪܓܠܗ
,,,,,,ܛܒ,,
,,,ܡܢܡܢ,ܡܢܡܢ,,ܡܢܡܢ,ܡܢܡܢ,ܡܢܡܢ
,,,ܕܡܬܬܩܠ,ܕܡܬܬܩܠ,,ܕܡܬܬܩܠ,ܕܡܬܬ̱ܩܠܒܠܫܢܗ܂܂ܒܪܝܐܝܢ,ܕܡܬܬܩܠ
,ܒܠܫܢܗ܀,,ܒܠܫܢܗ܀,ܒܠܫܢܗ܆,,ܒܠܫܢܗ܀,,ܒܠܫܢܗ܂
,,,٥٢܆,,,ܒܪܝ,,
,ܒܪܝܐܢ,,ܒܪܝܐܢ,ܒܪܝܐܢ,,,,ܒܪܝܐܢ
,ܬܫܡܥܡܠܬܐ,,ܬܫܡܥܡܠܬܐ,ܬܫܡܥܡܠܬܐ,,,ܬܫܡܥܡܠܬܐ,ܬܫܡܥܡܠܬܐ
,ܒܝܫܬܐ܉,,ܡܢ,ܡܢ,,,ܡܢ,ܡܢ
,,,ܐܢܫ܆ܛܫܝܗ,ܐَܢܫܐܐܥܠܠܗܒܐܪܢܐ,,,ܐ̄ܢܫ܆,ܐܢܫܐܬܥܠܠܗ
,ܐܥܠܝܗ,,,,,,ܐܥܠܝܗ,
,ܒܐܪܥܐ,,ܒܐܪܥܐ,,,,ܒܐܪܥܐ,ܒܐܪܥܐ
,ܫܒܥܐܡ̈ܝܢ܀ܒܪܝܨܝܕܡܨܘܬܐ,,ܕܠܐܬܬܓܠܐܡܛܠ,ܐܡܝܢ,,,ܐܡܝܢ,ܬܡ̈ܝܟ
,,,,ܐܪܒܥ,,,ܐܪܒܥ,ܐܪܒܥ
,,,ܕܟܡܐ,ܕܟܡܐ,,,ܘܐܟܡܐ,ܕܟܡܐ
,,,ܕܬܕܪܘܟ,ܕܬܕܪܘܟ,,,ܕܬܕܪܘܟ,ܕܐܕܪܘܟ
,,,ܥܠܝܗ,ܫܠܝܗܬܘܒܕܝܗ܆ܒܪܝ,,,ܥܠܝܗ,ܥܠܝܗ
,,,ܬܩܒܪܝܗ܂٥٣܆ܒܪܝ܂,,,,ܬܘܒܕܝܗ܂܂ܒܪܝ,ܐܘܒܕ܂ܝܗ܂ܒܪܝ
,,,ܒܝܢܬ,ܒܝܢܬ,,ܒܝܢܬ,ܒܝܢܬ,ܒܝܢܬ
,,,ܐܝܠܝܢ,ܐܝܠܝܢ,,ܐܝܠܝܢ,ܐܝܠܝܢ,ܐܝܠܝܢܕܢܨܝܢܠܐܬܩܘܡ܂ܡܛܠܕܡܢܡܨܘܬܐܗܘܬ
,,,ܕܢܨܝܢ,ܕܢܨܝܢ,,ܕܢܨܝܢ,ܕܥܨܝܢ,
,ܠܐ,,ܠܐ,ܠܐ,,ܠܐ,ܠܐ,
,ܬܟܬܪ܂,,ܬܩܘܡ܂,ܬܩܘܡ܆,,ܬܩܘܡ܂,ܬܩܘܡ܂,
,ܡܛܠ,,ܡܛܠ,ܡܛܠ,,ܡܛܠ,ܡܛܠ,
,ܕܡܢ,,ܕܡܢ,ܕܡܢ,,ܠܢ,ܡܢ,
,,,ܓܘܚܟܐܗܘܝܐ,ܡܨܘܬܐܗܘܐ,,ܓܘܚܟܐܗܘܝܐ,ܡܨܘܬܐܗܘܐ,
,,,ܡܨܘܬܐ܆,ܕܝܢܐ܆,,ܡܨܘܬܐ,ܕܝܢܐ܂,ܕܝܢܐ܂
,,,ܘܡܢܡܨܘܬܐܗܘܐ,ܘܡܢܕܝܢܐ,,ܘܡܢܡܨܘܬܐܗܘܐ,ܘܕܝܢܐ,ܘܡܢܕܝܢܐ
,,,ܬܟܬܘܫܐ܆,ܗܘܐ,,ܬܘܫܐ,ܗܘܐ,ܗܘܐ
,,,ܘܡܢ,ܡܘܬܐ܆,,ܘܡܢ,ܡܘܬܐ,ܡܘܬܐ܂
,,,unclear,ܒܪܝܐܢܚܙܝܬ,,,ܒܪܝܐܢܚܙܝܬ,ܒܪܝܐܢܚܙܝܬ
,ܬܟܬܘܫܐܗܘܐܩܛܠܐ܀,,ܬܟܬܘܫܐܗܘܐܩܛܠܐ܀,ܐَܢܫܐ,,ܬܟܬܘܫܐܗܘܐܩܛܠܐ܀,ܐ̄ܢܫ,ܐܢܫܐ
,,,٥٤܆ܠܐ,ܕܩܫܝܫ,,,ܕܩܫܝܫ,ܕܩܫܝܫ
,,,,ܡܢܟ,,,ܡܢܟ,ܡܢܟ܇
,,,,ܩܕܡܘܗܝ,,,ܩܕܡܘܗܝ,ܩܕܡܘܗܝ
,,,,ܬܒ܆,,,ܬܒܘܐܠܗܘ,ܬܒ܂
,,,,ܘܐܢܗܘ,,,,ܘܐܢܗܘ
,,,,ܕܠܐܦܪܥ,,,ܕܠܐܦܪܥ,ܕܠܐܦܪܥ
,,,,ܠܟ܆,,,ܠܟ܂,ܠܟ܂
,,,,,,,ܐܠܗܐܦܪܥܠܟ܂܂,ܒܪܝܛܪܠܫܢܟܡܢܕܓܠܘܬܐܘܐܝܕ̈ܝܟ
,,,,ܒܪܝܛܪܠܫܢܟܡܢܕܓܠܘܬܐ,,,ܒܪܝܛܪܠܫܢܟܡܢܕܓܠܘܬܐ,
,,,,ܘܐܝܕܝ̈ܟ,,,ܘܐܝܕܝܟ̈,
,,,,ܡܢܓܢܒܘܬܐ,,,ܡܢܓܢܒܘܬܐ,ܡܢܓܢܒܘܬܐ
,,,,ܕܬܬܩܪܐ,,,ܕܬܬܩܪܚܟܝܡܐ܂܂,ܕܬܬܩܪܐ
,,,,ܚܟܝܡܐ܆,,,,ܚܟܝܡܐ܂
,,,,ܒܪܝܠܐܬܗܘܐܒܡܟܘܪܝܐ,,,ܒܪܝܠܐܬܗܘܐܒܡܟܘܪܝܐ,ܒܪܝܠܐܬܗܘܐܒܡܟܘܪܝܐ
,,,,ܕܐܢَܬܬܐ܆,,,ܕܐܢ̄ܬܬܐ,ܕܐܢ̄ܬܬܐ܂ܐܢܬܒܐܫܠܗܬܠܘܛܟ܂ܘܐܢܢܛܐܒܠܗܠܐܬܒܪܟܟ܂
,,,,ܐܢ,,,ܐܢ,
,,,,ܐܬܒܐܫ,,,ܐܬܐܒܫ,
,,,,ܠܗ,,,ܠܗ,
,,,,ܬܠܘܛܟ܆ܘܐܢܢܛܐܒܠܗܠܐܬܒܪܟܟ܆,,,ܬܠܘܛܟ܂ܘܐܢܢܛܟܒܠܗܬܒܪܟܟ܂܂ܒܪܝ,
,,,,ܒܪܝܟܠ,,,,ܒܪܝܟܠ
,,,,ܕܗܕܝܪ,,,ܕܗܕܝܪ,ܕܗܕܝܪ
,,,,ܒܠܒܘܫܗ,,,ܒܠܒܘܫܗ,ܒܠܒܘܫܗ
,,,,ܗܕܝܪ,,,ܗܕܝܪ,ܗܕܝܪ
,,,,ܒܡܠܬܗ܆,,,ܒܡܠܬܗ܂,ܒܡܠܬܗ܂
,,,,ܘܕܫܝܛܒܠܒܘܫܗܫܝܛܐܦ,,,ܘܕܫܝܛܒܠܒܘܫܗܫܝܛܐܦ,
,,,,ܒܡܠܬܗ܆,,,ܒܡܠܬܗ܂܂ܒܪܝ,
,,,,ܒܪܝܐܢܬܫܟܚ,,,,ܒܪܝܐܢܬܫܟܚ
,,,,ܐَܢܫ,,,,ܐ̄ܢܫ
,,,,ܡܕܡܩܕܡܨܠܡܐܕܨܝܪܡܢܬܗ,,,,ܡܕܡܩܕܡܨܠܡܐܕܨܝܪܡܢܬܗ
,,,,ܗܒܠܗ܆ܒܪܝܬܬܠܠܟܐܝܕܐܕܣܒܥܬ܆ܘܠܐ,,,,ܗܒܠܗ܂ܒܪܝ
,,,,ܬܬܠܠܟܐܝܕܐ,,,ܬܬܠܠܟܐܝܕܐ,ܬܬܠܠܟܐܝܕܐ
,,,,ܕܣܒܥܬ,,,ܕܣܒܥܬ,ܕܣܒܥܬ܂
,,,,ܘܠܐܬܬܠܠܟܐܝܕܐ,,,ܗܘܬܘܟܦܢܬ܂ܘܠܐܬܬܠܗܐܝܕܐܕܟܦܢܬܗܘܬܘܗܫܐܣܒܥܬ܂܂ܒܪܝܟܠܒܐܕܫܒܩܡܪܘܗܝܘܐܬܐܒܬܪܟܒܟܐܦܐܡܚܘܗܝ,ܘܠܐܬܬܠܠܟܐܝܕܐ
,,,,ܕܟܦܢܬ܆,,,,ܕܟܦܢܬ܂
,,,,ܒܪܝܟܠܒܐܕܫܒܩܡܪܗܘܐܬܐܒܬܪܟܒܟܐܦ̈ܐܪܓܘܡܝܗܝ܆,,,,ܒܪܝܟܠܒܐܕܫܒܩܡܪܗܘܐܬܐܒܬܪܟܒܟܐܦ̈ܐܪܓܘܡܝܗܝ܆
,,,,ܡܛܠܕܠܘܬܟܠܐ,,,ܡܛܠܕܠܘܬܟܠܐ,ܡܛܠܕܠܘܬܟܠܐ
,,,,ܥܡܪ܆ܒܪܝܢܡܚܝܟܓܒܪܐܚܟܝܡܐ,,,ܥܡܪ܂܂,ܥܡܪ܂
,,,,,,,ܒܪܝܢܡܚܟܓܒܪܐܚܟܝܡܐ,ܒܪܝܢܡܚܟܓܒܪܐܚܟܝܡܐ
,,,,ܚܘܛܪ̈ܐ,,,ܚܘܛܪܐܣܓܝܐܬܐ̈܂ܘܠܐܢܡܫܚܟܣܟܠܐܡܫܚܢ̈ܐܒܣܝܡܐ܂܂ܒܪܝܥܡܚܟܝܡܐ,ܚܘܛܪ̈ܐ
,,,,ܣܓܝ̈ܐܬܐ܆,,,,ܣܓܝܐܬ̈ܐ܆
,,,,ܘܠܐܢܡܫܚܟܣܟܠܐ,,,,ܘܠܐܢܡܫܚܟܣܟܠܐ
,,,,ܡܫ̈ܚܢܐܒܣܝ̈ܡܐ܆ܒܪܝܥܡܚܟ̈ܝܡܐ,,,,ܡܫܚ̈ܢܐܒܣܝܡ̈ܐ܂ܒܪܝܥܡܚܟܝܡ̈ܐܠܐܬܣܪܘܚ܂ܘܥܡܣܪܘܚܐܠܐܬܬܚܟܡ܂
,,,,ܠܐ,,,ܠܐ,
,,,,ܬܣܪܘܚ܆,,,ܬܣܪܘܚ܂ܥܡܣܪ̈ܘܚܐܠܐܬܬܚܟܡ܂܂ܒܪܝܐܝܬܡܣܢ̈ܐ܂܂܂ܒܪ̈ܓܠܝܟܕܪܕܪܐܕܘܫ܂ܘܠܒܒܠܟܐܘܪܚܐܠܒܢܝܟ̈܂܂ܒܪܝܒܪܥܬܝܪ̈ܐܐܟܠܚܘܝܐܘܐܡܪܝܢܠܐܣܝܘܬܐܐܟܠܘܒܪܡܣܟܝܢ̈ܐܬܘܒܐܟܠܠܗܘܐܡܪܝܢܠܟܦܢܗܐܟܠܠܗ܂܂,
,ܒܪܝ,,,,,ܒܪܝ,ܒܪܝ,
,ܟܠܕܠܐܕܐܢܕܝܢܐܬܪܝܨܐ܉ܡܪܓܙܠܐܠܗܐ܀ܒܪܝܐܬܪܚܩܡܢܪܚܡܗܕܐܒܘܟ܉ܕܠܡܐ,,,,,unclear,ܐܟܘܠܡܢܬܟ,
,,,ܬܩܘܡܒܚܪܝܢܐܠܘܩܒܠܡܢܕܥܫܝܢܡܢܟ܂,ܘܥܡ,,ܬܩܘܡܒܚܪܝܢܐܠܘܩܒܠܡܢܕܥܫܝܢܡܢܟ܂,ܘܥܡ,
,,,ܘܐܥܒܪܡܠܬܐ܂,ܣܪ̈ܘܚܐܠܐܬܬܚܟܡ܆,,unclearܐܥܒܪܡܠܬܐ,ܚܒܪܟܠܐܬܣܒܪ܂܂,
,,,ܘܦܣܘܩ,ܒܪܝܥܡܕܠܐ,,ܘܦܣܘܩ,,ܒܪܝܥܡܕܠܐ
,,,ܒܝܫܬܐ܂,,,ܒܝܫܬܐ,,
,,,ܘܙܟܝܠܒܝܫܬܐ,,,ܘܙܟܝܠܒܝܫܬܐ,,
,,,ܒܛܒܬܐ܂ܘܩܢܝ,,,ܒܛܒܬܐ܀,,
,,,,,,ܒܪܝ,ܒܪܝ,
,,,,,,ܩܢܝ,ܥܡ,
,,,ܠܟܠܒܐ,ܒܗܬ,,ܠܟܠܒܐ,ܒܗܬ,ܒܗܬ
,,,ܡܟܝܟܐ,,,ܟܐ,,ܡܢ
,,,ܘܢܓܝܪܘܬܪܘܚܐ,ܠܚܡܐܠܐ,,ܘܢܓܝܪܘܬܪܘܚܐ,ܠܚܡܐܠܐ,ܠܚܡܐܠܐ
,,,ܘܡܣܝܒܪܢܘܬܐܘܨܒܝܢܐܛܒܐ܆,ܬܐܟܘܠ܆,,ܘܡܣܝܒܪܢܘܬܐ܂ܨܒܝܢܐܛܒܐ܂,ܬܐܟܘܠ܂܂܂܂ܒܪܝܒܛܒܬܗܕܚܒܪܟܠܐܬܩܦܨ܂ܘܒܒܝܫܬܗܠܐܬܚܕܗ܂܂,ܬܐܟܘܠ܂
,,,ܘܚܪܬܐܕܗܠܝܢ,ܒܪܝܠܐܬܪܚܩܡܢ,,ܘܚܪܬܐܕܗܠܝܢ,ܒܪܝܠܐܬܪܚܩܡܢ,ܒܪܝܠܐܬܪܚܩܡܢ
,ܪܚܡܟ,,ܚ̈ܝܐ,ܪܚܡܟ,,ܚܝ̈ܐ,ܪܚܡܟ,ܪܚܡܟ
,ܠܐܡܛܐ,,ܘܢܝܚܐ,ܩܕܡܝܐ܆,,ܘܢܝܚܐ,ܩܕܡܝܐ,ܩܕܡܝܐ܂
,,,ܢܗܘܘܢ,ܕܠܡܐ,,ܢܗܘܢ,ܕܠܡܐ,ܕܠܡܐ
,ܠܟ܀,,ܠܟ܀,ܐَܚܪܢܐܠܐ,,ܠܟ܀,ܐܚܪܢܐܠܐ,ܐܚܪܢܐܠܐ
,ܒܪܝ,,٥٥܆ܒܪܝ܂,ܢܩܘܡ,,ܒܪܝ,ܐ̄ܢܩܘܡܒܕܘܟܬܗ܂܂ܒܪܝܠܓܢܬܗܕܕܝܢܢ̈,ܢܩܘܡ
,ܠܓܢܬܪܘܪ̈ܒܢܐ,,ܟܠܢܫ,ܒܕܘܟܬܗ܆,,ܟܠܢܫ,,ܒܕܘܟܬܗ܂
,ܠܐ,,,ܒܪܝܠܓܢܬܐܕܕܝܢܐܠܐܬܚܘܬ܆ܘܠܒܪܬ,,,ܠܐ,ܒܪܝܠܓܢܬܐܕܕܝܢܐܠܐܬܚܘܬ܆ܘܠܒܪܬ
,ܬܚܘܬ܉ܘܠܒ̈ܢܬܪܘܪ̈ܒܢܐ,,,ܪܝܫ̈ܐܠܐܬܡܟܘܪ܆,,,ܬܚܘܬܘܠܒܪܬܐܕܕܝܢ݁ܐ,ܕܝܢܐ
,ܠܐ,,,,,,ܠܐ,ܠܐ
,ܬܬܩܪܒ܀ܒܪܝܥܕܪܪܚܡܟܩܕܡܫܠܝܛܐ܉ܕܬܫܟܚܬܥܕܪܝܘܗܝܡܢܐܪܝܐ܀,,,,,,ܬܡܟܘܪ܂,ܬܡܟܘܪ܂
,,,,ܒܪܝܣܥܘܪܪܚܡܟ,,,ܒܪܝܣܥܘܪܪܚܡܟ,ܒܪܝܣܥܘܪܪܚܡܟ
,,,,ܒܡܠ̈ܐ,,,ܒܡ̈ܠܐ,ܒܡ̈ܠܐ
,,,,ܛܒ̈ܬܐ,,,ܛܒܬ̈ܐ,ܛܒ̈ܬܐ
,,,,ܩܕܡܫܠܝܛܐܘܐܡܪܠܡܥܕܝܘܬܗܡܢܦܘܡܗ,,,ܩܕܡܫܠܝܛܐܘܐܡܪܠܡܥܕܝܘܬܗܡܢܦܘܡܗ,ܩܕܡܫܠܝܛܐܘܐܡܪܠܡܥܕܝܘܬܗܡܢܦܘܡܗ
,,,,ܕܐܪܝܐ܆,,,ܕܐܪܝܐ܂܂,ܕܐܪܝܐ܂
,ܒܪܝܠܐܬܚܕܐܠܗ,,,ܒܪܝܠܐܬܚܕܐܠܗ,,,ܒܪܝܠܐܬܚܕܐܠܗ,ܒܪܝܠܐܬܚܕܐܠܗ
,ܠܒܥܠܕܒܒܟܟܕ,,,ܠܒܥܠܕܒܒܟ܆ܟܕܢܡܘܬ܆,,,ܠܒܥܠܕܒܒܟܟܕ,ܠܒܥܠܕܒܒܟܟܕ
,ܢܡܘܬ܀ܒܪܝܟܕܬܚܙܐܓܒܪܐ,,,,,,ܢܡܘܬ܂܂,ܟܕܢܡܘܬ܂
,ܕܩܫܝܫ,ܕܩܫܝܫ,ܕܩܫܝܫ,,,ܕܩܫܝܫ,,
,ܡܢܟ܉,ܡܢܟ,ܡܢܟ܆,,,ܡܢܟ,,
,ܩܘܡܡܢ,ܩܘܡܡܢ,ܝܩܪܝܘܗܝ܂ܘܩܘܡܡܢ,,,ܝܩܪܝܘܗܝ܂ܘܩܘܡܡܢ,,
,ܩܕܡܘܗܝ܀,ܩܕܡܘܗܝ,ܩܘܕܡܘܗܝ܂ܘܐܢܗܘܠܐ,,,ܩܘܕܡ܏ܘܩܘܕܡܘܗܝܘܐܢܗܘ,,
,ܒܪܝܐܢ,,ܦܪܥ,ܒܪܝܐܢ,,ܦܪܥ,ܒܪܝܐܢ,ܒܪܝܐܢ
,ܢܩܘܡܘܢܡܝ̈ܐܕܠܐܐܪܥܐ܂,,ܠܟ܆,ܢܩܘܡ,,ܠܟ,ܢܩܘܡ,ܢܩܘܡ
,,,ܐܠܗܐܦܪܥܠܟ܀,ܐَܢܫ,,ܐܠܗܐܦܪܥܠܟ܀,ܐܢܫ,ܐܢܫ
,ܘܢܦܪܚ,,,,,,,
,,,٥٦܆ܒܪܝ܂,ܕܠܐ,,ܒܪܝ,ܕܠܐ,ܕܠܐ
,,,ܛܪܠܫܢܟܡܢ,ܕܘܟܬܐ,,ܛܪܠܫܢܟܡܢ,ܕܘܟܬܐ܂ܢܦܪܚܕܠܐ,ܕܘܟܬܐ
,,,,ܘܢܦܪܚ,,,,ܘܢܦܪܚ
,,,ܕܓܠܘܬܐ܆ܘܐܝܕܝ̈ܟܡܢܓܢܒܘܬܐ܆,,,ܕܓܠܘܬܐܘܐܝܕ̈ܝܟ,,
,ܨܦܪܐܕܠܐ,,,ܨܦܪܐܕܠܐ,,,ܨܦܪܐܕܠܐ,ܨܦܪܐܕܠܐ
,ܓܦ̈ܐ܂,,,ܓܦ̈ܐ,,,ܓܦܐܘܥܕܚܘܪ,ܓܦ̈ܐ܂
,ܘܢܚܘܪ,,,ܘܢܚܘܪ,,,,ܘܢܚܘܪ
,ܢܥܒܐ,,,ܘܢܥܒܐ,,,ܢܥܒܐ,ܢܥܒܐ
,ܐܝܟ,,,ܐܝܟ,,,,ܐܝܟ
,ܬܠܓܐ܂,,,ܬܠܓܐ܆,,,ܬܠܓܐ܂,ܬܠܓܐ܂
,ܘܢܚܠܐ,,,ܘܢܚܠܐ,,,ܘܢܚܠܐ,ܘܢܚܠܐ
,ܡܪܝܪܐ,,,ܡܪܝܪܐ,,,ܡܪܝܪܐ,ܡܪܝܪܐ
,ܐܝܟ,,,ܐܝܟ,,,ܐܝܟ,ܐܝܟ
,ܕܒܫܐ܂,,,ܕܒܫܐ܆,,,ܕܒܫܐ,ܕܒܫܐ
,ܗܝܕܝܢܢܬܚܟܡ,,,ܗܝܕܝܢܢܬܚܟܡ,,,ܗܝܕܝܢܢܬܚܟܡ,ܗܝܕܝܢܢܬܚܟܡ
,ܣܟܠܐ܀,,,ܣܟܠܐ܆,,,ܣܟܠܐ܂܂,ܣܟܠܐ܂
,ܒܪܝܐܢܟܘܡܪܐ,,,ܒܪܝܐܢܟܘܡܪܐ,,,ܒܪܝܐܢܟܘܡܪܐ,ܒܪܝܐܢܟܘܡܪܐ
,ܐܢܬ,,,ܐܢَܬܕܐܠܗܐ܆,,,ܐܢܬ,ܐܢ̄ܬ
,ܕܐܠܗܐ܂,,,,,,ܕܐܠܗܐ,ܕܐܠܗܐ܂
,ܗܘܝܬܙܗܝܪ,,,ܗܘܝܬܙܗܝܪ,,,ܗܘܝܬܙܗܝܪ,ܗܘܝܬܙܗܝܪ
,ܡܢܗ܂,,,ܡܢܗ܆,,,ܡܢܗܛܒ܂,ܡܢܗ܂
,ܘܒܕܟܝܘܬܐ,,,ܘܒܕܟܝܘܬܐ,,,ܘܒܕܟܝܘܬܐ,ܘܒܕܟܝܘܬܐ
,ܥܘܠ,,,ܗܘܝܬ,,,ܗܘܝܬ,ܗܘܝܬ
,,,,ܥܐܠ,,,ܥܐܠ,ܥܐܠ
,ܩܕܡܘܗܝ܂,,,ܩܕܡܘܗܝ܆,,,ܩܕܡܗܝ܂܂,ܩܕܡܘܗܝ܂
,ܘܡܢܩܕܡܘܗܝܠܐܬܥܢܕ܀ܒܪܝܡܢ,,,ܒܪܝܓܒܪܐ,,,ܒܪܝܓܒܪܐ,ܒܪܝܓܒܪܐ
,ܕܐܠܗܐܐܛܐܒ,,,ܕܐܠܗܐܐܛܐܒ,,,ܕܐܠܗܐܐܛܐܒ,ܕܐܠܗܐܐܛܐܒ
,ܠܗ܉ܘܐܦܐܢܬܝܩܪܝܗܝ܀,,,ܠܗ܆,,,ܠܗ,ܠܗ܂ܐܦ
,,,,ܕܐܦ,,,ܕܐܦ,
,,,,ܐܢَܬ,,,ܐܢ̄ܬ,ܐܢ̄ܬ
,,,,ܝܩܝܪܐ,,,ܝܩܝܪ܂܂܂ܬܗܘܐ܂܂,ܝܩܝܪܐ
,,,,ܬܗܘܐ܆,,,,ܬܗܘܐ܂
,ܒܪܝܠܐ,,,ܒܪܝܠܐ,,,ܒܪܝܠܐ,ܒܪܝܠܐ
,ܬܕܘܢ,,,ܬܟܘܢ,,,ܬܕܘܢ,ܬܕܘܢ
,ܥܡ,,,ܥܡ,,,ܥܡ,ܥܡ
,ܐ̄ܢܫ,,,ܐَܢܫܒܝܘܡܗ܆,,,ܐ̄ܢܫ,ܐܢܫܒܝܘܡܗ
,ܒܝܘܡܗ܉,,,,,,ܒܝܘܡܗ,
,ܘܠܐܬܩܘܡ,,,ܘܠܐܬܩܘܡ,,,ܘܠܐܬܩܘܡ,ܘܠܐܬܩܘܡ
,ܠܘܩܒܠ,,,ܩܕܡ,,,ܠܘܩܒܠ,ܠܘܩܒܠ
,ܢܗܪܐ,,,ܢܗܪܐ,,,ܥܗܪ̈ܐܒܡܐܬܝܬܗ܂܂,ܢܗܪܐ
,ܒܡܠܐܗ܀,,,ܒܡܐܬܝܬܗ܆ܒܪܝܥܝ̈ܢܐ,,,,ܒܡܐܬܝܬܗ܂ܒܪܝܥܝܢ̈ܐ
,ܒܪܝܥܝܢܗ,,,,,,ܒܪܝܥܝܢܗ,
,ܕܒܪܢܫܐܐܝܟܡܒܘܥܐ,,,ܕܒܪܢܫܐܐܝܟܡܒܘܥܐ,,,ܕܒܪܢܫܐܐܝܟܡܒܘܥܐ,ܕܒܪܢܫܐܐܝܟܡܒܘܥܐ
,ܕܡܝ̈ܐ܉,,,ܐܢܝܢ,,,ܗ̄ܝܕܠܐ,ܐܢ̈ܝܢ
,ܘܠܐ,,,ܘܠܐ,,,,ܘܠܐ
,ܣܒܥܐ,,,ܣܒ̈ܥܢ,,,ܣܒܥܐ,ܣܒܥܟ
,ܢܟ̈ܣܐ,,,,,,,
,ܥܕܡܐ,,,ܥܕܡܐ,,,,ܥܕܡܐ
,ܕܡܠܝܐܥܦܪܐ܀ܒܪܝܐܢܨܒܐܐܢܬܕܬܗܘܐܚܟܝܡ܉ܟܠܝܦܘܡܟܡܢܕܓܠܘܬܐ܂ܘܐܝܕܟܡܢ,,,ܕܡܬܡܠܝܢ,,,,ܕܡܬܡܠܝܢ
,ܓܢܒܘܬܐ܂,,,ܥܦܪܐ܆ܒܪܝܨܝܕܐܝܠܝܢܕܢܨܝܢܠܐܬܩܘܡܡܛܠܕܡܢܓܘܚܟܐ,,ܓܢܒܘܬܐ܂,,ܥܦܪܐ܂ܒܪܝܨܝܕܐܝܠܝܢܕܢܨܝܢܠܐܬܩܘܡ܂ܡܛܠܕܡܢܓܘܚܟܐܗܘܝܐ
,ܘܬܗܘܐ,,ܘܬܬܩܪܐ,,,ܘܬܬܩܪܐ,,
,ܚܟܝܡܐ܀ܒܪܝ,,ܚܟܝܡܐ܂٥٧܆ܒܪܝ܂ܒܡܟܘܪ̈ܝܝ,,,ܚܟܝܡܐ܀ܒܪܝ,,
,ܒܡܟܘܪܝܐܕܐܢܬܬܐܠܐܬܗܘܐ܂,,,,,ܒܡܟܘܪ̈ܝ,,
,,,ܐܢܬܬܐܠܐ,,,ܐܢܬܬܐܠܐ,,
,,,ܬܬܡܨܥ܂,,,ܬܬܡܨܥ܁,,
,ܡܛܠܕܐܢ,,ܡܛܠܕܐܢ,,,ܡܛܠܕܐܢ,,
,ܢܒܐܫܠܗܬܠܘܛܟ܂ܘܐܢ,,,,,ܢܐܛܒ,,
,ܢܛܐܒ,,ܢܛܐܒ,,,,,
,ܠܗ,,ܠܗ܆,,,ܠܗ,,
,ܠܐ,,ܠܐ,,,ܠܐ,,
,ܬܬܕܟܪܟ܀ܒܪܝܕܗܕܝܪܒܠܒܘܫܗ܉,,ܬܬܕܟܪܟ܂,,,ܬܕܟܪܟ܂,,
,,,ܘܐܢ,,,ܘܐܢ,,
,,,unclearܢܒܐܫ,,,ܢܐܒܫ,,
,,,ܠܗܬܠܘܛܟ܀,,,ܠܗܬܠܘܛܟ܀,,
,,,܂܂܂܂܂٥٨܆ܒܪܝ܂ܕܫܒܩܒܝܬܡܪ̈ܘܗܝܩܕܡ̈ܝܐ,,,ܒܪܝܟܠܕܗܕܪܒܠܒܘܫܗ,,
,ܗܕܝܪܐܦܒܡܠܬܗ܂ܘܕܫܝܛ,,,,,ܗܕܝܪܐܦܒܡܠܬܗ܂ܘܕܫܝܛ,,
,ܒܠܒܘܫܗ܉,,,,,ܒܠܒܘܫܗ܀,,
,ܫܝܛ,,,,,ܫܝܛ,,
,ܐܦ,,,,,ܘܒܣܐ,,
,ܒܡܠܬܗ܀ܒܪܝ,,,,,ܒܡܠܬܗ܀ܒܪܝ,,
,ܐܢܬܫܟܚܫܟܚܬܐܩܕܡܨܠܡܐ܉ܡܢܬܗܩܪܒܠܗ܀ܒܪܝܬܬܠܐܝܕܐܕܣܒܥܐܗ̄ܘܬܘܟܦܢܬ܉ܘܠܐܗܝܕܟܦܢܐܗ̄ܘܬܘܣܒܥܬ܀ܒܪܝܒܐܢܬܬܐܕܫܦܝܪܐܠܐܢܚܘܪ̈ܢܥܝ̈ܢܝܟ܉ܘܠܐܬܬܒܩܐܒܫܘܦܪܐܕܠܐܕܝܠܟ܂,,,,,ܟܠܒܕܫܒܩܡܪ̈ܘܗܝܩܕ̈ܡܝܐ,,
,,,ܘܐܬܐ,,,ܘܐܬܐ,,
,,,ܒܬܪܟ܂,,,ܒܬܪܟunclear,,
,,,ܒܟܠܟܐܦ̈ܐ,,,ܒܟܠܟܐܦ̈ܐ,,
,,,ܡܚܝܗܝ܆,,,ܡܚܝܗܝ,,
,ܡܛܠ,,ܡܛܠ,,,ܡܛܠ,,
,ܕܣܓܝ̈ܐܐܐܒܕܘܒܫܘܦܪܐܕܐܢܬܬܐ܂ܘܪܚܡ̱ܬܗܐܝܟܢܘܪܐܕܝܩܕܐ܀ܒܪܝ,,ܕܠܘܬܟܠܐ,,,ܕܠܘܬ,,
,,,ܥܡܪ܀,,,ܥܡܪ܀,,
,,,٥٩܆ܒܪܝ܂,,,ܒܪܝܢܡܚܟܓܒܪܐܚܟܝܡ,,
,ܢܡܚܝܟ,,ܢܡܚܝܟ,,,,,
ܓܒܪܐ,,,ܓܒܪܐ,,,,,
ܚܟܝܡܐ,ܚܟܝܡܐ,,ܚܟܝܡܐ,,,,,
ܐܘܠܡܐܟܠܘܠܡܫܬܐܥܡܓܒܪܐܣܟܠܐ,ܚܘܛܪ̈ܝܢܣܓܝ̈ܐܢ܉,,ܚܘܛܪ̈ܐ,,,ܚܘܛܪ̈ܐ,,
,,,ܣܓܝ̈ܐܐ܆,,,ܣܓ̈ܝܐܬܐ܂,,
,ܘܠܐܢܡܫܚܟܣܟܠܐ,,ܘܠܐܢܡܫܚܟܣܟܠܐ,,,ܘܠܐܢܡܫܚܟܣܟܠܐ,,
,ܡܫܚܐ,,ܡܫܚܐ,,,ܒܡܫܚܐ,,
,ܡܒܣܡܐ܀ܒܪܝܠܐܬܪܗܛܪܓܠܟܠܘܬܪܚܡܟ܂ܕܠܐܢܣܒܥܡܢܟܘܢܣܢܝܟ܀ܒܪܝܠܐܬܣܝܡܥܙܩܬܐܕܕܗܒܐܒܐܝܕܟ܉,,ܒܣܝܡܐ܀,,,ܒܣܝܡܐ܀,,
,,,ܡ̈ܠܝܟܘܘܪܐܕܐܡܪܚܝܩܪܚܟܝܡܐܠܢܕܢܒܪܚܬܗܟܕܡܢܒܬܪܛܠܘܡܝܗܟܕܐܫܬܠܡܒܐܝܕ̈ܘܗܝ٦,,,ܒܪܝܣܥܘܪܪܚܡܟܩܕܡܫܠܝܛܐܘܩܕܡܒܢܝ̈ܢܫܐ܂ܟܡܐܕܡܫܟܚܐܢܬܐܬܦܪܣܠܡܘܪܒܘܬܗ܀ܒܪܝܥܝܢܗܕܒܪܢܫܐܐܝܟܡܒܘܥܐܗܝܕܡ̈ܝܐ܂ܠܐܣܒܥܐܢܟ̈ܣܐ,,
,ܟܕ,,,,,,,
,,,ܟܕ,,,,,
,ܠܝܬܠܟ܂ܕܠܐܢܓܚܟܘܢܒܟܣܟ̈ܠܐ܀,,,,,ܥܕܡܐܕܡܬܡܠܝܐ,ܥܕܡܐܕܡܬܡܠܝܐ,
,,,ܗܦܟܚܝܩܪܠܘܬܦܪܥܘܢܢܦܩܣܢܚܪܝܒܠܐܘܪܥܗ܂܂܂ܘܫܐܠܗܡܕܡܕܨܒܐ܂܂܂ܐܡܪܦܩܘܕܕܝܗܒܝܢܠܝܠܢܕܢܒܪܝ܂܂ܗܝܕܝܢܕܒܪܗܠܒܝܬܗܘܐܣܪܗܒܟܠܒܬܐܕܦܪܙܠܐ܂ܘܐܥܠܐܝܕ̈ܘܗܝܒܙܩܙܩ̈ܬܐ܂ܘܩܘܠܪܐܐܪܝܡܒܨܘܪܗܘܥܠܟܬܦܬܗܡܚܝܗܝ܂܂ܘܣܡܗܒܦܪܘܣܬܕܐܕܬܪܥܐܕܕܪܬܐ܂܂܂܂ܘܦܩܕܠܛܠܝܗܕܢܟܬܘܒܒܦܢܩܝܬܐܟܠܡܕܡܕܐܡܪܠܗܠܢܕܢ܂,,,ܥܦܪܐ,ܥܦܪܐ܂܂ܒܪܝܨܝܕܐܝܠܝܢܕܢܨܬܢܠܐܬܩܘܡ܂܂ܒܪܝܡܛܠܕܡܢܓܘܢܚܐ,
,,,,ܗܘܝܐ,,,ܗܘܝܐ,
,,,,ܡܠܬܐ,,,ܡܠܬܐ,ܡܠܬܐ
,,,,ܕܡܨܘܬܐ܆,,,ܕܡܨܘܬܐ,ܕܡܨܘܬܐ܂
,,,,ܘܡܢܡܨܘܬܐܗܘܐܬܟܬܘܫܐܘܡܢܬܟܬܘܫܐܗܘܐ,,,ܘܡܢܡܨܘܬܐܗܘܐܬܟܬܘܫܐܘܡܢܬܟܬܘܫܐܗܘܐ,ܘܡܢܡܨܘܬܐܗܘܐܬܟܬܘܫܐܘܡܢܬܟܬܘܫܐܗܘܐ
,,,,ܩܛܠܐ܆,,,ܩܛܠܐ܂܂,ܩܛܠܐ܀
