430,syr. 434,syr. 611,syr. 612
ܫܠܡܘܡܬ̈ܠܐܕܐܚܝܩܪܚܟܝܡܐ܀ܐܢܐܟܝܬ,omisit,ܗܟܢܗܪܟܐܩܦܣ,ܗܟܢܗܪܟܐܩܦܣ
ܐܚܝܩܪ,,ܐܚܝܩܪ,ܐܚܝܩܪ
ܣܒܪܬܟܠܡܐ,,ܡ̈ܠܐ,ܡ̈ܠܐ
,,ܕܚܟܡ̱ܬܗ,ܕܚܟ̱ܡܬܗܗܟܢܗܪܟܐܩܦܣ
,,ܕܡܠܦܗ̄ܘܐ,ܕܡܠܦܗ̄ܘܐ
,,ܠܢܕܢ܆,ܠܢܕܢ
,,܀ܗܝܕܝܢܐܢܐܐܚܝܩܪܡܢܒܬܪܗܢܐܝܘܠܦܢܐ,܀ܗܝܕܝܢܐܢܐܐܚܝܩܪܡܢܒܬܪܗܢܐܝܘܠܦܢܐ
ܕܐܠܦܬ,,ܕܐܠܦܬ,ܕܐܠܦܬ
ܠܢܐܕܢ,,ܠܢܕܢ,ܠܢܕܢ
ܒܪܚܬܝ,,ܒܪܚܬܝ,ܒܪܚܬܝ
ܢܛܝܪܠܘܬܟܘܐܬܪܫܡܥܠܠܘܚܝ̈ܠܒܗ܁ܘܣܓܝܝܬܪܡܢܗ܂ܘܗܘ̤ܐܚܕܕܘܟܬܝܠܘܬܣܢܚܪܝܒ,,ܣܒܪܗ̄ܘܝܬܕܟܠܗܝܘܠܦܢܐܗܢܐܢܐܚܕܝܘܗܝܒܠܒܗ܂ܘܢܩܘܡܒܬܪܥ,ܣܒܪܗ̄ܘܝܬܕܟܠܗܝܘܠܦܢܐܗܢܐܢܐܚܕܝܘܗܝܒܠܒܗ܂ܘܢܩܘܡܒܬܪܥ
ܡܠܟܐ,,ܡܠܟܐ,ܡܠܟܐ
ܘܢܫܡܫܝܘܗܝ܂ܘܠܐܝܕܥܬܕܟܠܡܐܕܐܠܦܬܗܠܐܝܬܪ,,ܘܢܗܘܐܠܝ,ܘܢܗܘܐܠܝ
ܡܢܗ,,ܡܢܗ,ܡܢܗ
ܡܕܡ܂,,ܚܕܘܬܐܘܗܢܝܐܘܬ,ܚܕܘܬܐܘܗܢܝܐܘܬ
,,ܚܝ̈ܐ܂,ܚܝ̈ܐ܁
,,ܒܪܡܕܝܢܒܗܦܟܐܥܒܕ,ܒܪܡܕܝܢܒܗܦܟܐܥܒܕ
ܘܠܐܫܡܥ,,ܘܠܐܫܡܥ,ܘܠܐܫܡܥ
ܡܠܬܝܟܠܟܠܗ܂,,ܐܢܝ̈ܢ,ܐܢܝܢ
,,ܡܠܝ̈,ܡܠܝ̈
ܐܠܐ,,ܐܠܐ,ܐܠܐ
ܒܣܪܒܗ̇ܘܫܛܗ̇܂,,ܪܕܐܐܢܝ̈ܢܐܝܟ,ܪܕܐܐܢܝ̈ܢܐܝܟ
,,ܕܒܪܘܚܐ܂,ܕܒܪܘܚܐ܆
,,ܘܗܦܟ,ܘܗܦܟ
ܘܐܡܪ,,ܘܐܡܪ,ܘܐܡܪ
ܐܚܝܩܪ,,ܕܐܚܝܩܪ,ܐܚܝܩܪ
ܥܠܒܫ̈ܢܝܐܘܒܛܠܡܕܥܗ܂ܘܫܪܝܫܛܘܪܐܡܒܕܕܩܢܝܘܬܝܘܡܙܘܢܝܘܡܚܐ,,ܐܒܝܣܐܒܠܗ܂ܘܐܗܦܟܗܪܥܝܢܗ܂ܘܐܩܦܢܕܢܒܪܝܥܠ,ܐܒܝܣܐܒܠܗ܂ܘܐܗܦܟܗܪܥܝܢܗ܂ܘܐܩܦܢܕܢܒܪܝܥܠ
,,ܢܟ̈ܣܝܘܩܢܝ̈ܢܝ܂,ܢܟܣܝ̈ܘܩܢܝܢܝ̈܂
,,ܡܒܕܪܘܠܐܚܐܣ,ܡܒܕܪܘܠܐܚܐܣ
ܥܒܕܝ̈,,ܥܒܕܝ̈,ܥܒܕܝ̈
ܘܐܡܗܬܝ܂ܘܡܙܒܢܣܘܣܝܬܝܘܟܘܕܢ̈ܘܬܝܘܟܠܡܐܕܫܦܝܪܒܥܝܢܘ̈ܗܝܥܒܕ܂ܟܕ,,ܟܫܝܪ̈ܐܘܡܢܓܕ,ܟܫܝܪ̈ܐܘܡܢܓܕ
,,ܗ̄ܘ̣ܐ,ܗ̄ܘܐ
,,ܠܗܘܢܩܕܡܝ܂ܘܐܦ,ܠܗܘܢܩܕܡܝ܂ܘܐܦ
,,ܪ̈ܓܫܝܘܟܘܕ̈ܢܝܬ݂ܝ,ܪ̈ܟܫܝܘܟܘܕܢܝܬ݂̈ܝ
,,ܡܩܛܠܘܡܙܒܢ܂ܘܟܕܕܝܢ,ܡܩܛܠܘܡܙܒܢ܂ܘܟܕܕܝܢ
ܚܙܝܬ,,ܚܙܝܬ,ܚܙܝܬ
ܗܠܝܢܘܕܠܝܬܠܗܚܘܣܢܐܥܠܡܕܡܕܩܢܐܐ̄ܢܐܘܥܠܐ̄ܢܫܝ̈ܒܝܬܝ܂,,ܗܟܢ,ܗܟܢ
,,ܥܒܝܕ̈ܬܗ܂,ܥܒܝܕܬ̈ܗ܂
ܐܡܪܬܠܗ,,ܐܡܪܬܠܗ,ܐܡܪܬܠܗ
ܠܐܬܩܪܘܒܠܩܢܝܘܬܝ܂ܘܠܐܬܥܝܩܐ̄ܢܫܝ̈ܒܝܬܝܘܥܒܕܝ̈܂ܟܡܐܕܐܝܬܝܒܚܝ̈ܐ,,ܕܠܢܟܣܝ̈ܒܪܝ,ܕܠܢܟܣܝ̈ܒܪܝ
ܠܐ,,ܠܐ,ܠܐ
,,ܬܩܪܘܒ܂ܐܡܝܪ,ܬܩܪܘܒ܂ܐܡܝܪ
,,ܒܡܬ̈ܠܐ܂,ܒܡܬܠܐ܂
,,ܕܐܝܕܐܕܠܐܩܢܝܬܥܝܢܐܠܐܚܣܬ܂,ܕܐܝܕܐܕܠܐܩܢܝܬܥܝܢܐܠܐܚܣܬ܂
,,ܘܚ̇ܘܝܬ,ܘܚܘܝܬ
,,ܐܢܝ̈ܢܗܠܝܢ,ܐܢܝ̈ܢܗܠܝܢ
,,ܠܡܪܝ,ܠܡܖܝ
,,ܡܠܟܐ܂ܘܦܩܕܕܠܐ,ܡܠܟܐ܂ܘܦܩܕܕܠܐ
ܐ̄ܢܫ,,ܐ̄ܢܫ,ܐ̄ܢܫ
ܢܫܬܠܛܥܠܩܢܝܢܝ܂ܗܝܕܝܢܐܢܐܐܚܝܩܪܢܣܒܬܠܘܬܝܐܚܐܕܢܐܕܢܢܒܘܙܪܕܢܘܐܝܬܝܬܗܠܒܝܬܝ܂ܕܐܠܦܝܘܗܝܘܢܐܚܘܕܕܘܟܬܗܕܐܚܘܗܝ܂ܘܟܕܚܙܝܗܝܢܐܕܢܠܐܚܘܗܝ,,ܢܬܩܪܒܠܩܢܝܢܘ̈ܗܝܕܐܚܝܩܪܣܦܪܐܟܡܐ,ܢܬܩܪܒܠܩܢܝܢܘ̈ܗܝܕܐܚܝܩܪܣܦܪܐܟܡܐ
,,ܕܒܚ̈ܝܐ,ܕܒܚܝ̈ܐ
,,ܐܝܬܘܗܝ܂ܒܬܪܟܢܢܣܒܐܚܝܩܪ,ܐܝܬܘܗܝ܂ܒܬܪܟܢܢܣܒܐܚܝܩܪ
,,ܠܢܒܘܙܪܕܢ,ܢܒܘܙܪܕܢ
,,ܐܚܘܗܝܕܢܕܢ,ܐܚܘܗܝܕܢܕܢ
,,ܕܢܪܒܝܘܗܝ,ܕܢܐܪܒܝܗܝ
,,ܒܒܝܬܗ܂,ܒܒܝܬܗ܂
,,ܗ̇ܝܕܝܢ,ܗܝܕܝܢ
,,ܟܕܚܙܐܢܕܢܕܢܣܒܬܠܢܒܘܙܪܕܢܘܐܩܝܡܬܗܩܕܡܝ,ܟܕܚܙܐܢܕܢܕܢܣܒܬܠܢܒܘܙܪܕܢܘܐܩܝܡܬܗܩܕܡܝ
ܒܒܝܬܐ,,ܒܒܝܬܐ,ܒܒܝܬܐ
ܚܣܡܒܗܘܐܬܚܡܬܘܪܓܙܛܒ܂ܘܫܪܝܪܫܐܟܕܐܡܪܗܘܝܐܚܝܩܪܫܢܐܘܐܒܕܬܚܟܡܬܗ܂ܘܒܛܠܡܕܥܗܡܛܠܕܐܫܠܡܩܢܝܢܗܘܒܝܬܗ,,ܐܬܒܐܫܠܗ܂ܘܩܨܦܟܕܣܡܢܕܢܒܬܪܥܝܬܗܡ̈ܠܐܕܒܝܫܘܬܐ܂ܠܗܕܐܐܡܪܗܟܢܐ܂ܐܚܝܩܪܐܒܝܣܐܒ,ܐܬܒܐܫܠܗ܂ܘܩܨܦܟܕܣܡܢܕܢܒܬܪܥܝܬܗܡ̈ܠܐܕܒܝܫܘܬܐ܂ܠܗܕܐܐܡܪܗܟܢܐ܂ܐܚܝܩܪܐܒܝܣܐܒ
,,,ܠܗ
,,ܘܚܟܡ̱ܬܗܥܒܪܬ܂ܘܡܠܘܗ̈ܝܫܛ̈ܝ܂ܕܠܡܐܢܟܣܘ̈ܗܝ,ܘܚܟܡ̱ܬܗܥܒܪܬ܂ܘܡܠܘܗ̈ܝܫܛ̈ܝ܂ܕܠܡܐܢܟܣܘ̈ܗܝ
ܠܐܚܝ,,ܠܐܚܝ,ܠܐܚܝ
ܢܒܘܙܪܕܢܛܠܝܐܙܥܘܪܐܕܠܐܡܕܥܘܕܠܐܬܪܥܝܬܐ܂ܘܛܪܕܢܝܠܝܡ̣ܢ,,ܢܬܠ܂ܘܠܝܢܪܚܩܡܢ,ܢܬܠ܂ܘܠܝܢܪܚܩܡܢ
ܒܝܬܗ܂,,ܒܝܬܗ܂,ܒܝܬܗ܂
ܘܟܕܫܡܥܬܗܠܝܢܐܡܪܬ,,ܘܫܡܥܐܚܝܩܪܡܠܘܗ̈ܝܕܢܕܢ܂ܗܝܕܝܢܐܬܚܫܒ,ܘܫܡܥܐܚܝܩܪܡܠܘܗ̈ܝܕܢܕܢ܂ܗܝܕܝܢܐܬܚܫܒ
,,ܘܗܟܢܐ,ܘܗܟܢ
,,ܐܡܪܠܢܕܢ܂,ܐܡܪܠܢܕܢ܂
ܚܒܠܝܗ̇,,ܚܒܠܝܗ̇,ܚܒܠܝܗ̇
ܠܚܟܡܬܝܐܝܟܢܐܐܫܬܛܬܠܘܬ,,ܠܚܟܡ̱ܬܝ܂ܐܝܟܢܦܟܗܬܠܘܬܟ܂ܘܟܕܫܡܥ,ܠܚܟܡ̱ܬܝ܂ܐܝܟܢܦܟܗܬܠܘܬܟ܂ܘܟܕܫܡܥ
ܒܪܝ,,ܒܪܝ,ܒܪܝ
ܢܐܕܢ܂,,ܢܕܢ,ܢܕܢ܂
,,ܣܓܝ,ܣܓܝ
,,ܕܓܙ,ܪܓܙ
,,ܘܒܝܫܬܐܒܠܒܗܥܬܕܥܠܝ܂,ܘܒܝܫܬܐܒܠܒܗܥܬܕܥܠܝ܂
ܘܐܙܠ,,ܘܐܙܠ,ܘܐܙܠ
ܟܕܪܓܝܙܠܬܪܥܐܕܡܠܟܐܡܪܝ܂ܘܝܬܒܘܟܬܒ,,ܠܗܠܬܪܥܡܠܟܐܕܢܝܬܐܠܥܒܕܐܒܝܫܬܐܕܠܒܗ܂,ܠܗܠܬܪܥܡܠܟܐܕܢܝܬܐܠܥܒܕܐܒܝܫܬܐܕܠܒܗ܂
ܟܕ,,ܟܕ,ܟܕ
ܡܩܛܪܓܠܝܘܪܫܐܘܒܕܠܟܕܒܬ̈ܐ܂ܘܟܬܒܬܪܬܝܢ,,ܟܬܒܡ̣ܢܦܘܡܐܚܝܩܪ,ܟܬܒܡ̣ܢܦܘܡܐܚܝܩܪ
ܐܓܪ̈ܬܐ,,ܐܓܪ̈ܬܐ,ܐܓܪ̈ܬܐ
,,ܕܒܝܫܬܐ܂,ܒܝ̈ܫܬܐ܂
,,ܘܐܙܠܠܬܪܥܡܠܟܐܕܢܚܘܐܐܢܝ̈ܢ܂,ܘܐܙܠܠܬܪܥܡܠܟܐܕܢܚܘܐܐܢܝ̈ܢ܂
,,ܘܬܪ̈ܬܝܢ,ܘܬܪܬܝܢ
,,ܐܓܪ̈ܬܐܕܟ̣ܬܒ,ܐܓܪ̈ܬܐܕܟ̣ܬܒ
ܠܡܠܟ̈ܐ,,ܠܡ̈ܠܟܐܒܥܠܕܒ̈ܒܘܗܝ,ܠܡܠܟ̈ܐ
ܒܥܠܕܒܒ̈ܐ,,,ܒܥܠܕܒܒܘ̈ܗܝ
ܕܣܢܚܪܝܒ,,ܕܣܢܚܪܝܒ,ܕܣܢܚܪܝܒ
ܘܣܢܐܘ̈ܗܝ܂ܐܓܪܬܐܚܕܐܠܐܟܝܫ,,ܘܕܣܪܚܕܘܡ,ܘܣܪܚܕܘܡ
,,ܡ̣ܢ,ܡ̣ܢ
,,ܦܘܡ,ܦܘܡܝ
,,ܗܟܢ,ܗܟܢ
,,ܐܝܬܝܗܘܢ,ܐܝܬܝܗܝܢ
,,ܗ̄ܘܝ܂ܚܕܐܡܛܠ,ܗ̄ܘܝ܂ܚܕܐܡܛܠ
ܡܠܟܐ,,ܡܠܟܐ,ܡܠܟܐ
,,ܕܦܪܣܘܕܥܝܠܡܐܟܝܫ,ܕܦܪܣܘܕܥܝܠܡܐܟܝܫ
ܒܪ,,ܒܪ,ܒܪ
ܫܢܚܠܝܡܡܠܟܐܕܡܕܝܘܦܪܣ܂ܘܟܬܒ,,,
,,*,
,,ܣܡܚܠܝܡ܂,ܣܡܚܠܝܡ܂
,,,*
,,ܗܟܢܐ,
,,,ܗܟܢܐ܀
,,ܟܬܒ,ܟܬܒ
ܒܗ̇,,ܒܗ̇,ܒܗ̇
ܗܟܢܐ܂ܡ̣ܢܣܢܚܪܝܒܡܠܟܐܘܡ̣ܢ,,ܡ̣ܢ,ܡ̣ܢ
ܐܚܝܩܪ,,ܐܚܝܩܪ,ܐܚܝܩܪ
ܣܛܪܦܗܘܢܘܛܪܗ܆ܫܠܡܐܘܩܘܒܠܐܝ̈ܕܝܐ܂ܐܘܡܠܟܐܡܝܩܪܐܒܫܥܬܐܕܝܢܕܬܡܛܐܐܓܪܬܐܠܐܝܕܝ̈ܟܩܘܡܬܐܠܝܓܐܝܬܒܠܥܕܬܘܚܪܬܐ܆ܠܘܬܝܠܐܬܘܪܘܐܫܠܡ,,ܣܦܪܐܘܥܙܩܬܐܕܣܪܚܕܘܡ,ܣܦܪܐܘܥܙܩܬܐܕܣܪܚܕܘܡ
,,ܡܠܟܐ܂,ܡܠܟܐ܂܂
,,ܫܠܡ,ܫܠܡ
ܠܟ,,ܠܟ,ܠܟ
ܡܠܟ̇ܘܬܐ܂ܕܠܐܩܪܒܐܘܕܠܐܥܡܠܐ܂ܘܟܬܒܐܓܪܬܐܐ̄ܚܪܝܬܐܒܫܡܐܕܝܠܝܐܢܐܐܚܝܩܪܠܘܬܦܪܥܘܢܡܠܟܐܕܡܨܪܝܢ܂ܘܗܟܢܟܬܒܒܗ̇܂ܫܠܡܐܢܡܠܟܒܝܢܝ̈ܘܠܟܐܘ̇,,,
ܡܠܟܐ,,ܡܠܟܐ,ܡܠܟܐ
ܡܩܠܣܐ܂ܒܥܕܢܐܕܬܡܛܐܩܪܛܝܣܐ,,ܕܦܪܣܘܕܥܝܠܡ܂,ܕܦܪܣ܂ܕܥܝܠܡ
,,ܟܕܐܓܪܬܐ,ܟܕܐܓܪܬܐ
ܗܕܐ,,ܗܕܐ,ܗܕܐ
ܠܐܝܕܟܥܒܕܥܡܝܛܝܒܘܬܐ,,ܬܩܒܠ܂ܒܥܓܠܦܘܩ,ܬܩܒܠ܂ܒܥܓܠܦܘܩ
ܘܬܐ,,ܘܬܐ,ܘܬܐ
ܠܘܬܝܒܥܣܪܝܢܘܚܡܫܐܒܝܪܚܐܐܒ܂,,ܠܐܬܘܪ܂,ܠܐܬܘܪ܂
ܘܐܢܐ,,ܘܐܢܐ,ܘܐܢܐ
ܡܓܥܠܐ̄ܢܐܠܟܠܐܬܘܪܘܢܝܢܘܐܘܐܫܠܡܠܟܡܠܟܘܬܗ̇,,ܡܫܠܡܐ̄ܢܐܠܗ̇ܒܐܝܕܝ̈ܟܕܠܐܩܪܒܐܘܕܠܐܩܐܪܣܐ܂ܘܡܠܟܘܬܗܬܐܚܘܕ,ܡܫܠܡܐ̄ܢܐܠܗ̇ܒܐܝܕܝ̈ܟܕܠܐܩܪܒܐܘܕܠܐܩܐܪܣܐ܂ܘܡܠܟܘܬܗܬܐܚܘܕ
ܕܠܐ,,ܕܠܐ,ܕܠܐ
ܩܐܪܣܐܘܕܠܐܥܡܠܐ܂,,ܟܠܝܢܐ܂,ܟܠܝܢܐ܇܀
,,ܘܬܘܒܐܓܪܬܐܐ̄ܚܪܬܐܒܫܡܝܠܦܪܥܘܢܡܠܟܐܕܡܨܪܝܢ܂ܘܗܟܢܐܟܬܒܒܗ܂ܟܕܕܝܢܐܓܪܬܐܬܡܛܐܠܘܬܟ܂ܦܘܩܠܐܘܪܥܝܠܦܩܥܬܐܕܒܬܝܡܢܐ܂ܒܝܘܡܥܣܪܝܢܘܚܡܫܐ,ܘܬܘܒܐܓܪܬܐܐ̄ܚܪܬܐܒܫܡܝܠܦܪܥܘܢܡܠܟܐܕܡܨܪܝܢ܂ܘܗܟܢܐܟܬܒܒܗ܂ܟܕܕܝܢܐܓܪܬܐܬܡܛܐܠܘܬܟ܂ܦܘܩܠܐܘܪܥܝܠܦܩܥܬܐܕܒܬܝܡܢܐ܂ܒܝܘܡܥܣܪܝܢܘܚܡܫܐ
,,ܒܐܒܝܪܚܐ܂,ܒܝܪܚܐ܂܂ܐܒ܂܂
,,ܘܐܢܐܐܥܠܟ,ܘܐܢܐܐܥܠܟ
,,ܠܢܝܢܘ̈ܐ܂,ܠܢܝܢܘܐ܂
,,ܘܬܐܚܘܕܒܗܡܠܟܘܬܐܕܠܐܩܪܒܐ܂,ܘܬܐܚܘܕܒܗܡܠܟܘܬܐܕܠܐܩܪܒܐ܂
ܘܕܡܝ,,ܘܕܡܝ,ܘܕܡܝ
ܟܝܪܬܐܝܕܗܠܕܝܠܝ܂ܘܚܬܡܐܓܪ̈ܬܐܒܚܬܡܗܘܐܪܡܝ,,ܐܢܝ̈ܢ,ܐܢܝ̈ܢ
,,ܟܬܝܒ̈ܬܐܠܟܬܝܒ̈ܬܝ,ܟܬ̈ܝܒܬܐܠܟܬܝܒܬ̈ܝ
,,ܘܛܒܥܐܢܝܢ,ܘܛܒܥܐܢܝܢ
,,ܒܥܙܩ̈ܬܝ,ܒܥܙܩܬܝܕܝܠܝ
,,ܘܫܕܪ,ܘܫܕܪ
ܐܢܝܢ,,ܐܢܝ̈ܢ,ܐܢܝܢ
ܒܒܝܬܡܠܟܐܐܝܟܢܐܕܢܬܚܙ̈ܝܢܡ̣ܢܐ̄ܢܫܝ̈ܡܠܟܐ܂ܘܟܬܒ,,ܒܚܕܡܢܬܘܢܘ̈ܗܝܕܡܠܟܐ܂ܒܬܪܟܢ,ܒܚܕܡܢܬܘܢܘ̈ܗܝܕܡܠܟܐ܂ܒܬܪܟܢ
ܬܘܒ,,ܬܘܒ,ܬܘܒ
,,ܟܬܒ,ܟܬܒ
ܐܓܪܬܐ,,,
,,ܐܓܪܬܐ,ܐܓܪܬܐ
ܐ̄ܚܪܝܬܐܒܫܡܣܢܚܪܝܒܡܠܟܐܡܪܝ܂ܘܫܕܪܗܠܘܬܝܘܗܟܢܟܬܒܒܗ̇܂,,,
,,ܐ̄ܚܪܬܐ,ܐ̄ܚܪܬܐ
ܡ̣ܢ,,ܡ̣ܢ,ܡ̣ܢ
ܣܢܚܪܝܒ,,ܦܘܡ,ܦܘܡ
ܡܠܟܐ,,ܡܠܟܐ,ܡܠܟܐ
ܠܐܚܝܩܪܣܛܪܦܝܘܢܛܪܐ̄ܪ̈ܙܝ,,ܠܘܬܝ܂ܡܢܣܪܚܕܘܡ܂ܠܐܚܝܩܪܣܦܪܐܕܡܪܝ,ܠܘܬܝ܂ܡܢܣܪܚܕܘܡ܂ܠܐܚܝܩܪܣܦܪܐܕܡܪܝ
ܫܠܡ܂,,ܫܠܡ܂,ܫܠܡ܂
ܒܫܥܬܐܕܬܡܛܐ,,ܟܕ,ܟܕ
ܐܓܪܬܐܗܕܐ,,ܐܓܪܬܐܗܕܐ,ܐܓܪܬܐܗܕܐ
ܠܐܝܕܟ,,ܬܩܪܐ܂,ܬܩܪܐ܂
ܟܢܫ,,ܟܢܫ,ܟܢܫ
ܚܝ̈ܠܘܬܐܕܠܘܬܟܘܦܘܩܠܐܘܪܥܝܠܛܘܪܨܚܘ܂ܘܩܕܡܝܢܝܠܦܩܥܬܐܕܢܣܪܝܢ܂ܒܥܣܪܝܢ,,ܚܝܠܐܟܠܗܠܛܘܪܐ,ܚܝܠܐܟܠܗܠܛܘܪܐ
,,ܕܨܚܘ܆,ܕܨܚܘ
ܘܚܡܫܐ,,,
ܕܝܪܚܐܐܒ܂ܘܟܕܬܚܙܘܢܕܩܪܒܬܠܟܘܢܦܩܘܕܠܚܝ̈ܠܘܬܐܢܩܘܡܘܢܠܩܘܒܠܝ,,ܘܡ̣ܢܬܡ̇ܢܦܘܩܠܦܩܥܬ,ܘܡ̣ܢܬܡ̇ܢܦܘܩܠܦܩܥܬ
,,ܢܫܪܝܢ܂,ܢܫܪ̈ܝܢ܂
,,ܒܝܘܡܥܣܪܝܢ,ܒܝܘܡܥܣܪܝܢ
,,ܘܚܡܫܐ,
,,ܒܝܪܚܐܐܒ܂ܘܡܐܕܚܙܐܐܢ̄ܬܠܝܕܡܬܩܪܒܐ̄ܢܐ,ܒܝܪܚܐܐܒ܂ܘܡܐܕܚܙܐܐܢ̄ܬܠܝܕܡܬܩܪܒܐ̄ܢܐ
,,ܠܘܬܟ܂,ܠܘܬܟ܇
,,ܣܕܘܪܚܝܠܐ,ܣܕܘܪܚܝܠܐ
,,ܠܘܩܒܠܝ,ܠܘܩܒܠ
ܐܝܟ,,ܐܝܟ,ܐܝܟ
ܗܢܘܢܕܒܥܝܢܕܢܡܚܘܢܩܪܒܐܕܫܘܐܠܫܝܛܘܬܐ,,ܓܒܪܐܕܥܬܝܕܠܩܪܒܐ܂ܡܛܠ,ܓܒܪܐܕܥܬܝܕܠܩܪܒܐ܂ܡܛܠ
,,ܕܐܝܙܓ̈ܕܐ,ܕܐܝܙܓܕ̈ܐ
,,ܕܦܪܥܘܢܡܠܟܐܕܡܨܪܝܢܐܬܘܠܘܬܝ܂ܕܢܕܥܘܢܡܢܐܚܝܠܐܐܝܬܠܝ܂ܘܕܐܝܟܐܝܟܐܐܢܘܢ,ܕܦܪܥܘܢܡܠܟܐܕܡܨܪܝܢܐܬܘܠܘܬܝ܂ܕܢܕܥܘܢܡܢܐܚܝܠܐܐܝܬܠܝ܂ܘܕܐܝܟܐܝܟܐܐܢܘܢ
,,ܚܝܠܘܬ̈ܝ܂,ܚܝܠܘܬܝ܀
,,ܟܕܝܗ̄ܒܢܕܢܒܪܝܠܡܠܟܐܐܓܪܬܐܚܕܐܡܢܗܝܢܐܝܟܗܘ,ܟܕܝܗ̄ܒܢܕܢܒܪܝܠܡܠܟܐܐܓܪܬܐܚܕܐܡܢܗܝܢܐܝܟܗܘ
,,ܕܡܫܟܚܘܗܐܫܟܚܗ̇܂,ܕܡܫܟܚܘܐܫ̱ܟܚܗ̇܂
,,ܘܢܣܒܗܘܩܪܐܩܕܡ,ܘܢܣܒܗܘܩܪܐܩܕܡ
,,ܡܪܝܡܠܟܐ,ܡܠܟܐܡܪܝ
,,ܣܪܚܕܘܡ܂ܘܟܕܫܡܥܣܓܝܪܓܙ,ܣܪܚܕܘܡ܂ܘܟܕܫܡܥܣܓܝܪܓܙ
ܥܠ,,ܥܠ,ܥܠ
ܕܐܫܝܚ,,ܐܚܝܩܪܣܦܪܐܘܗܟܢܐܐܡܪ܂ܐܘܢܐܠܗܐܡܢܐܚܛܝܬܠܗܠܐܚܝܩܪ܂ܕܗܟܢܐܨܒܐܕܢܥܒܕܠܝ܂,ܐܚܝܩܪܣܦܪܐܘܗܟܢܐܐܡܪ܂ܐܘܢܐܠܗܐܡܢܐܚܛܝܬܠܗܠܐܚܝܩܪ܂ܕܗܟܢܐܨܒܐܕܢܥܒܕܠܝ܂
,,ܗ̇ܝܕܝܢ,ܗܝܕܝܢ
,,ܥܢܐܢܕܢܘܐܡܪܠܡܠܟܐ܂ܠܐܬܪܓܙ,ܥܢܐܢܕܢܘܐܡܪܠܡܠܟܐ܂ܠܐܬܪܓܙ
,,ܘܬܬܟܡܪ,ܘܬܬܟܡܪ܂
,,ܡܪܝܡܠܟܐ܂ܢܐܙܠܗܫܐܢܦܘܩܠܦܩܥܬ,ܡܪܝܡܠܟܐ܂ܢܐܙܠܗܫܐܢܦܘܩܠܦܩܥܬ
,,ܢܫܪܝܢ,ܢܫܪ̈ܝܢ
,,ܐܝܟܕܟܬܝܒܒܗܕܐܐܓܪܬܐ܂ܘܕܡܢܬܡܢܝܕܥܝܢܢܫܪܪܐܕܗܠܝܢ܂ܘܟܠܕܦܩܕܐܢ̄ܬܢܗܘܐ܂ܟܕܕܝܢܦܩܕܡܠܟܐܕܢܬܛܝܒܘܢܕܢܣܩܘܢܠܦܩܥܬܐܕܢܚܙܘܢܫܪܪܐܕܝܠܗܕܣܘܥܪܢܐ܂,ܐܝܟܕܟܬܝܒܒܗܕܐܐܓܪܬܐ܂ܘܕܡܢܬܡܢܝܕܥܝܢܢܫܪܪܐܕܗܠܝܢ܂ܘܟܠܕܦܩܕܐܢ̄ܬܢܗܘܐ܂ܟܕܕܝܢܦܩܕܡܠܟܐܕܢܬܛܝܒܘܢܕܢܣܩܘܢܠܦܩܥܬܐܕܢܚܙܘܢܫܪܪܐܕܝܠܗܕܣܘܥܪܢܐ܂
,,ܗܝ̇ܕܝܢ,ܗܝܕܝܢ
,,ܩܡܢܕܢܒܪܝܥܡܡܪܝܡܠܟܐܣܪܚܕܘܡܘܐܬܘ,ܩܡܢܕܢܒܪܝܥܡܡܪܝܡܠܟܐܣܪܚܕܘܡܘܐܬܘ
,,ܘܐܫܟܚܘܢܢܝ,ܘܐܫ̱ܟܚܘܢܢܝ
,,ܘܠܚܝܠܐܕܥܡܝܒܦܩܥܬ,ܘܠܚܝܠܐܕܥܡܝܒܦܩܥܬ
,,ܢܫܪ̈ܝܢ܂,ܢܫܪܝܢ܂
,,ܘܟܕܚܙܝܬܗܕܐܬܐ,ܘܟܕܚܙܝܬܗܕܐܬܐ
,,ܠܘܩܒܠܝ܂,ܠܘܩܒܠ܂
,,ܣܕܪܬܠܩܘܒܠܗܚܝܠܐܐܝܟܕܠܩܪܒܐܥܠܬܘܟܠܢܐܕܐܓܪܬܐܗܝܕܫܕܪܠܝܢܕܢܒܪܝ܂ܗܝܕܝܢܟܕܡܠܟܐܚܙܐܡܢܝܗܟ̣ܢ,ܣܕܪܬܠܩܘܒܠܗܚܝܠܐܐܝܟܕܠܩܪܒܐܥܠܬܘܟܠܢܐܕܐܓܪܬܐܗܝܕܫܕܪܠܝܢܕܢܒܪܝ܂ܗܝܕܝܢܟܕܡܠܟܐܚܙܐܡܢܝܗܟ̣ܢ
,,ܐܬܟ̇ܡܪܘ,ܐܬܟܡܪ
,,ܐܦܘ̈ܗܝܘܗܦܟܒܝܕܡܠܟܗܕܢܕܢܒܪܝܟܕܐܡܪܠܗ܂ܐܘܡܪܝܡܠܟܐܙܠܠܒܝܬܟܒܢܝܚܐ܂ܘܐܢܐܠܐܚܝܩܪܐܚܕܐ̄ܢܐܠܗܟܕܐܣܝܪ,ܐܦܘ̈ܗܝܘܗܦܟܒܝܕܡܠܟܗܕܢܕܢܒܪܝܟܕܐܡܪܠܗ܂ܐܘܡܪܝܡܠܟܐܙܠܠܒܝܬܟܒܢܝܚܐ܂ܘܐܢܐܠܐܚܝܩܪܐܚܕܐ̄ܢܐܠܗܟܕܐܣܝܪ
,,ܒܣܘ̈ܛܡܐ,ܒܣܘܛܡ̈ܐ
,,ܘܒܫܫ̈ܠܬܐܘܡܫܠܡܐ̄ܢܐܠܗ,ܘܒܫܫ̈ܠܬܐܘܡܫܠܡܐ̄ܢܐܠܗ
,,ܒܐܝܕ̈ܝܟ܂,ܒܐܝܕܝ̈ܟ܂
ܥܠ,,ܥܠ,ܥܠ
ܡܪܘܬܟ܂ܘܐܙܕܠܠܬܒܥܝܢܘ̈ܗܝ܂ܗܝܕܝܢܡܠܟܐ,,ܕܥܒܕܒܝܫܬܐܥܡܟ܂ܟܕ,ܕܥܒܕܒܝܫܬܐܥܡܟ܂ܟܕ
ܗܦܟ,,ܗܦܟ,ܗܦܟ
ܠܒܝܬܐܘܗܘ̤,,ܢܕܢܡܢܠܘܬܡܠܟܐ,ܢܕܢܡܢܠܘܬܡܠܟܐ
ܐܬܐܠܘܬܝܘܐܡܪ,,ܐܬܐܠܘܬܝܘܐܡܪ,ܐܬܐܠܘܬܝܘܐܡܪ
ܠܝ,,ܠܝ܂,ܠܝ܂
ܒܐܠܗܐ,,ܒܐܠܗܐ,ܒܐܠܗܐ
ܣܓܝܚܕܝܒܟܡܠܟܐܣܢܚܪܝܒܘܫܒܚܟܡܛܠ,,ܕܝܠܟܐܒܝܝܡܐܐ̄ܢܐܠܟ܂ܒܗܕܐܥܒܝܕܬܐ,ܕܝܠܟܐܒܝܝܡܐܐ̄ܢܐܠܟ܂ܒܗܕܐܥܒܝܕܬܐ
ܕܥܒܕܬ,,ܕܥܒܕܬ,ܕܥܒܕܬ܆
ܐܟܡܐܕܟܬܒܠܟܒܐܓܪܬܐ܂ܘܗܫܐܫܕܪܢܝܠܘܬܟܢܬܛܝܒܐܢܐܘܐܢ̄ܬܩܕܡܘܗܝܠܚܘܕܐܝܬ܂ܡܛܠܗܕܐܦܩܘܕܠܚܝܠܘ̈ܬܐܕܢܗܦܟܘܢܠܒܬܝ̈ܗܘܢ܂ܗܝܕܝܢܦܩܕܬܠܚܝ̈ܠܘܬܐܕܢܐܙܠ̄ܘܢܟܠܐ̄ܢܫܠܒܝܬܗܘܐܬܝܢ,,,
,,ܛܒ,
,,ܣܓܝ,ܣܓܝ
,,,ܛܒ
,,ܩܠܣܟ܂ܘܪܡܪܡܟ,
,,,ܩܠܣܟܘܪܡ̱ܪܡܟ
,,ܡܠܟܐܣܪܚܕܘܡܥܠܕܫܡܠܝܬܦܘܩܕܢܐܓܪܬܗ܂ܗܫܐܕܝܢܫܠܚܢܝܒܬܪܟܕܢܬܛܝܒ,ܡܠܟܐܣܪܚܕܘܡܥܠܕܫܡܠܝܬܦܘܩܕܢܐܓܪܬܗ܂ܗܫܐܕܝܢܫܠܚܢܝܒܬܪܟܕܢܬܛܝܒ
,,ܒܠܚܘܕ̈ܝܢܠܘܬܗ܂,ܒܠܚܘܕܝܢܠܘܬܗ܇
,,ܘܐܪܦܐܠܚܝܠܐܟܠܚܕܕܢܐܙܠܠܒܝܬܗ܂ܟܢܐܪܦܝܬ,ܘܐܪܦܐܠܚܝܠܐܟܠܚܕܕܢܐܙܠܠܒܝܬܗ܂ܟܢܐܪܦܝܬ
ܐܢܐ,,ܐܢܐ,ܐܢܐ
ܘܢܐܕܢ,,ܚܝܠܐ,ܠܚܝܠܐ
,,ܘܐܬܝܬܥܡܢܕܢ,ܘܐܬܝܬܥܡܢܕܢ
ܠܘܬ,,ܠܘܬ,ܠܘܬ
ܡܠܟܐ܆ܘܐܡܪܬܠܗܫܠܡܐ܂,,ܡܠܟܐ܂ܘܫܠܡܬܥܠܘܗܝ܂,ܡܠܟܐ܂ܘܫܠܡܬܥܠܘܗܝ܂
ܘܟܕ,,ܘܟܕ,ܘܟܕ
,,ܗܟܝܠ,
ܚܙܢܝܐܡܪ,,ܚܙܢܝܐܡܪ,ܚܙܢܝܐܡܪ
ܠܝ,,ܠܝ܂,ܠܝ܂
ܐܬܝܬ,,ܐܬܝܬ,ܐܬܝܬ
ܐܘ̇,,,
ܐܚܝܩܪ,,ܐܚܝܩܪ,
ܢܘܛܪܝܘܡܕܒܪܢܐܕܡܠܟܘܬܝ܂ܕܐܢ̄ܬܚܒܝܒܗ̄ܘܝܬܥܠܝܘܕܐܡܪܬ,,ܣܦܪܐܕܝܠܝܘܡܕܒܪ,ܣܦܪܐܕܝܠܝܘܡܕܒܪ
,,ܡܠܟܘܬܝ܂,ܒܝܬܝܘܡܠܟܘܬܝ܂
,,ܐܢ̄ܬܘܗܘܕܪܚܝܡܥܠܝ܂,ܐܢ̄ܬܘܗܘܕܪܚܝܡܥܠܝ܂
,,ܐܡ̇ܪܢܐ,ܐܡܪܐ̄ܢܐ
ܠܟܙܠ,,ܠܟܙܠ,ܠܟܙܠ
ܢܘܚܒܒܝܬܟܡܛܠܣܝܒܘܬܟ܂ܐܢ̄ܬܚܠܦܗܕܐܗܦܟܬ,,ܠܒܝܬܐ,ܠܒܝܬܟ
,,ܘܠܐܣܟܬܬܚܙܐܩܕܡܝ܂ܗܫܐܕܝܢܗܦܟܬ̤,ܘܠܐܣܟܬܬܚܙܐܩܕܡܝ܂ܗܫܐܕܝܢܗܦܟܬ̤
,,ܪܚܡ̱ܬܟ,ܪܚܡܬܟ
,,ܠܣܢܐ̱ܬܐ܂,ܠܣܢܐ̱ܬܐ܂
ܘܗܘܝܬ,,ܘܗܘܝܬ,ܘܗܘܝܬ
ܥܡ,,ܠܟܡ̣ܢ,ܠܟܡ̣ܢ
ܒܥܠܕܒܒܝ̈܂,,ܒܥܠܕܒܒ̈ܝ܂,ܒܥܠܕܒܒܝ̈܂
ܘܐܦܩܘܝܗَܒ,,ܟܢܐܦܩ,ܟܢܐܦܩ
,,ܘܝܗ̄ܒܠܝ,ܘܝܗ̄ܒ
ܠܝ,,,ܠܝ
ܐܓܪ̈ܬܐ,,ܐܓܪ̈ܬܐ,ܐܓܪ̈ܬܐ
ܗܢܝܢ,,ܗܢܘܢ,ܗܢܝܢ
ܕܟܬܒܢܐܕܢܡ̣ܢܦܪܨܘܦܘܕܡܝ,,ܕܢܕܢܒܪܝܟܬܒ,ܕܢܕܢܒܪܝܟܬܒ
,,ܡ̣ܢ,ܡܢ
,,ܠܫܢܝܘܐܝܟ,ܠܫܢܝܘܐܝܟ
ܟܝܪܬ,,ܟܝܪܬ,ܟܝܪܬ
ܐܝܕܗܠܕܝܠܝ܂ܘܕܚ̣ܬܝ̈ܡܢ,,ܐܝܕ̈ܝ,ܐܝܕܝ̈
,,ܕܚܬܡ,ܕܚܬܡ
,,ܗ̄ܘ̣ܐܐܢܝ̈ܢ,ܗ̄ܘܐܐܢܝܢ
ܒܚܬܡܝ܂ܘܟܕܩܪܝܬ,,ܒܚܬܡܝ܂ܘܟܕܩܪܝܬ,ܒܚܬܡܝ܂ܘܟܕܩܪܝܬ
ܐܢܝܢ,,ܐܢܝ̈ܢ,ܐܢܝܢ
ܐܬܪܗܒܬ,,ܐܬܪܗܒܬ,ܐܬܪܗܒܬ
ܘܓܪ̈ܡܝܟ݁ܠܗܘܢܐܬܦܩܥܘ܂ܘܠܫܢܝܐܬܐܣܪ܂ܘܒܥܝܬܕܐܡܠܠܚܕܐ,,ܘܦܫܬܒܪܥܠܐ,ܘܦܫܬܒܪܥܠܐ
,,ܘܕܚܠܬܐ,ܘܕܚ̱ܠܬܐ
,,ܘܐܬܐ̱ܣܪܠܫܢܝ܂ܘܟܕܨܒܝܬܠܡܡܠܠܘ,ܘܐܬܐ̱ܣܪܠܫܢܝ܂ܘܟܕܨܒܝܬܠܡܡܠܠܘ
ܡܠܬܐ,,ܡܠܬܐ,ܡܠܬܐ
ܕܚܟܡܬܐܠܐܐܬܡܨܝܬ܂ܗܝܕܝܢܦܥܪܠܝܦܘܡܗܥܠܝܢܐܕܢܘܐܡܪܦܘܩ,,ܚܕܐܡ̣ܢ,ܚܕܐܡ̣ܢ
,,ܡ̈ܠܝ,ܡܠܝ̈
,,ܚܟܡ̱̈ܬܐܘܠܐ,ܚܟܡ̱̈ܬܐܘܠܐ
,,ܐܫܟܚܬ܂,ܐܫܟܚܝܬ܂
,,ܗܝܕܝܢܐܙܥܩܥܠܝܢܕܢܘܐܡܪܠܝ܂ܐܬܦܫܚ,ܗܝܕܝܢܐܙܥܩܥܠܝܢܕܢܘܐܡܪܠܝ܂ܐܬܦܫܚ
ܡ̣ܢܩܕܡܡܠܟܐܐܘܣܒܐܣܟܠܐ,,ܡ̣ܢܩܕܡܡܠܟܐܐܘܣܒܐܣܟܠܐ,ܡ̣ܢܩܕܡܡܠܟܐܐܘܣܒܐܣܟܠܐ
ܐܘ̇ܣܒܐܒܝܫܐ܂,,ܐܘܒܝܫܓܕܐ,ܐܘܒܝܫܓܕܐ
ܘܗܒܐܝܕܝ̈ܟ,,ܘܗܒܐܝܕܝ̈ܟ,ܘܗܒܐܝܕܝ̈ܟ
ܕܢܬܐܣܪ̈ܢ܂ܘܦܩܕܘܐܝܬܝܣܘܛ̈ܡܐܘܐܣܪܕ̈ܓܠܝܘܐܪܡܝܫ̈ܫܠܬܐܒܐܝܕܝ̈܂ܘܐܦܡܠܟܐܐܗܦܟܦܪܨܘܦܗܡܢܝ܂ܘܐܬܚܡܬܛܒܘܐܡܪ,,ܐܣܘܪ̈ܐ,ܠܐܣܘܪ̈ܐ
,,ܘܪ̈ܓܠܝܟ,ܘܪ̈ܓܠܝܟ
,,ܠܣܘܛ̈ܡܐ܂ܒܬܪܟܢܡܠܟܐ,ܠܣܘܛܡ̈ܐ܂ܒܬܪܟܢ
,,ܐܦܢܝܐܦܘ̈ܗܝܡܢܝܒܚܡܬܐܕܠܐܡܬܡܠܠܐ܂ܘܦܩܕ,ܐܦܢܝܐܦܘ̈ܗܝܡܢܝܒܚܡܬܐܕܠܐܡܬܡܠܠܐ܂ܘܦܩܕ
ܠܐܣܦܘܩܠܛܪܐܕܫܡܗ,,ܠܐܣܦܘܩܠܛܪܐܕܫܡܗ,ܠܐܣܦܘܩܠܛܪܐܕܫܡܗ
ܝܒܘܣܡܝܟܡܣܟܢܝܟܬܝ܂,,ܝܒܘܣܡܝܟܡܣܟܝܢܟܬܝ,ܝܒܘܣܡܝܟܡܣܟܝܢܟܬܝ܂
,,ܘܐܡܪ܂,ܘܐܡܪ܂
ܩܘܡ,,ܩܘܡ,ܩܘܡ
ܕܒܪ,,ܣܒ,ܣܒ
ܐܚܝܩܪܘܙܠܩܛܘܠܝܗܝ܂ܘܐܪܚܩܪܫܗ,,ܐܚܝܩܪܘܙܠܩܛܘܠܝܗܝ܂ܘܐܪܚܩܪܫܗ,ܐܚܝܩܪܘܙܠܩܛܘܠܝܗܝ܂ܘܐܪܚܩܪܫܗ
ܡ̣ܢ,,ܡܢ,ܡܢ
ܫܠܕܗܡܐܐ,,ܫܠܕܗܡܐܐ,ܫܠܕܗܡܐܐ
ܐܡܝ̈ܢ܂,,ܐܡܝ̈ܢ܂,ܐܡܝܢ܂ܗܝܕܝܢ
ܗܝܕܝܢܐܢܐܐܚܝܩܪܩܒܠܬܐܪܥܐܩܕܡܡܠܟܐ,,ܗ̇ܝܕܝܢ,
,,ܣܓܕܬܠܡܠܟܐܐܢܐܐܚܝܩܪ,ܣܓܕܬܠܡܠܟܐܐܢܐܐܚܝܩܪ
ܘܐܡܪܬ,,ܘܐܡܪܬ,ܘܐܡܪܬ
ܬܚܐܡܪܝܡܠܟܐܠܥܠܡ܂ܡܟܝܠܕܦܩܕܬܒܩܛܠܝ܂ܘܬܗܘܐܢܦ̮ܫܝܚܠܦܚܝܝ̈ܟܡܘܗܒܬܐ܂,,ܠܗ܂ܬܚܐܡܪܝܡܠܟܐܠܥܠܡܕܨܒܝܬ,ܠܗ܂ܬܚܐܡܪܝܡܠܟܐܠܥܠܡܕܨܒܝܬ
,,ܩܛܠܝ,ܩܛܠܝ܇
ܒܪܡ,,,
ܚܕܐܝܕܥܢܐܕܠܝܬܠܝܚܛܝܬܐܘܠܐܣܘܪܚܢܐܡܕܡ܂ܐܠܐܚܕܐܫܐܠܢܐܡܢܟ,,ܢܗܘܐܦܘܩܕܢܟ܂ܡܛܠܕܠܝܬܠܝܣܘܪܚܢܐܐܝܟ,ܢܗܘܐܦܘܩܕܢܟ܂ܡܛܠܕܠܝܬܠܝܣܘܪܚܢܐܐܝܟ
,,ܕܝܕܥܢܐ܂,ܕܝܕܥܐ̄ܢܐ܂
,,ܒܪܡ,ܒܪܡ
,,ܡܦܝܣܢܐ,ܡܦܝܣܢܐ
,,ܡ̣ܢ,ܡܢ
ܡܪܝܡܠܟܐ,,ܡܪܝܡܠܟܐ,ܡܪܝܡܠܟܐ
ܕܒܬܪܥܐܕܒܝܬܝܬܦܩܘܕܕܢܩܛܠܢܝܘܢܬܝܗܒ,,ܕܒܬܪܥܒܝܬܝܢܗܘܐܩܛܠܝ܂ܘܐܦ,ܕܒܬܪܥܒܝܬܝܢܗܘܐܩܛܠܝ܂ܘܐܦ
ܦܓܪܝ,,ܦܓܪܝ,ܦܓܪܝ
ܠܥܒ̈ܕܝܕܢܩܒܪܘܢܗ܂,,ܢܬܝܗܒ,ܢܬܝܗܒ
,,ܠܥܒܕ̈ܝ,ܠܥܒܕܝ̈
,,ܐܝܟܕܢܩܒܪܘܢܢܝ܂,ܐܝܟܕܢܩܒܪܘܢܢܝ܂
ܗܝܕܝܢ,,ܗ̇ܝܕܝܢ,ܗܝܕܝܢ
ܐܡܪܡܠܟܐܠܐܣܦܘܩܠܛܪܐܙܠ,,ܐܡܪܡܠܟܐܠܐܣܦܘܩܠܛܪܐܙܠ,ܐܡܪܡܠܟܐܠܐܣܦܘܩܠܛܪܐܙܠ
ܘܛܘܠܝܗܩܕܡܬܪܥܐܕܒܝܬܗܘܗܒ݂ܦܓ݂ܪܗܠܐ̄ܢܫܘ̈ܗܝܕܢܩܒܪܘܢܗ܂,,ܐܟܡܐܕܐܡܪܐܚܝܩܪܥܒܕܩܠܝܠܐܝܬ܂,ܐܟܡܐܕܐܡܪܐܚܝܩܪܥܒܕܩܠܝܠܐܝܬ܂
ܒܬܪ,,ܒܬܪܟܢ,ܒܬܪ
ܗܕܐܐܢܐܐܚܝܩܪܟܕܢܦܩܬ,,,ܟܢ
,,ܢܦܩܢܢ,ܢܦܩܢܢ
ܡ̣ܢܩܕܡܡܠܟܐ,,ܡ̣ܢܩܕܡܡܠܟܐ,ܡ̣ܢܩܕܡܡܠܟܐ
ܫܕܪܬܠܘܬܫܘܬܦܬܝܘܦܩܕܬ,,ܟܠܢ܂ܘܫܠܚܬ,ܟܠܢ܂ܘܫܠܚܬ
,,ܠܐܢ̄ܬ݁ܬܝ,ܠܐܢ̄ܬܬܝ
,,ܐܫܦܓܢܐܐܝܟܢܐ,ܐܫܦܓܢܐܐܝܟܢܐ
ܕܬܦܘܩܠܐܘܪܥܝ,,ܕܬܦܘܩܠܐܘܪܥܝ,ܕܬܦܘܩܠܐܘܪܥܝ
ܟܕܐܝܬܥܡܗ,,ܥܡ,ܥܡ
ܐܠܦ,,ܐܠܦ,ܐܠܦ
ܒܢܬ̈ܐܒܬ̈ܘܠܬܐ܂ܘܠܒ̈ܝܫܢܙܚܘܪ̈ܝܬܐܘܐܪ̈ܓܘܢܐ܂ܕܢܪ̈ܩܕܢ,,ܥܠܝܡ̈ܬܐ܂,ܥܠܝܡ̈ܬܐ܂
,,ܒܠܒܘܫ̈ܐ,ܒܠܒܘ̈ܫܐ
,,ܪ̈ܓܝܓܐ,ܪ̈ܓܝܓܐ
,,ܘܗܕܝܪ̈ܐ܂,ܘܗܕܝܪ̈ܐ܇
,,ܐܝܟ,ܐܝܟ
,,ܕܢܝܠܠܘܢ,ܕܢܝܠ̱ܠܘܢ
,,ܘܢܒܟܘܢ,ܘܢܒܟܘܢ
ܥܠܝܩܕܡ,,ܥܠܝܩܕܡ,ܥܠܝܩܕܡ
ܡܘܬܐ܂ܘܐܢ̄ܬܘ̄ܐܫܘܬܦܬܝܐܫܦܓܢܐܗܦܘܟܝ,,ܕܐܡܘܬ܂ܘܠܒܪܬܙܘܓܝܥܗܝܕܬܐܕܬܗܦܘܟ,ܕܐܡܘܬ܂ܘܠܒܪܬܙܘܓܝܥܗܝܕܬܐܕܬܗܦܘܟ
ܠܒܝܬܐ,,ܠܒܝܬܐ,ܠܒܝܬܐ
ܘܛܝܒܝܦܬܘܪܐܠܐܣܦܘܩܠܛܪܐܘܐܝܠܝܢܕܥܡܗ܂ܘܣܝܡܠܗܘܢܫܟܪܐܘܚܡܪ̈ܢܐܣܘܓܐܐܘܫܡܫܝܐܢܘܢ܂ܘܐܝܟܕܐܡܪܬ,,ܘܬܛܝܒܝܡܐܟܠܐܘܡܫܬܝܐܥܠܦܬܘܪ̈ܐܕܙܢܝ̈ܢܙܢܝ̈ܢ܂ܘܬܣܝܡܝܠܟܠܗܘܢ,ܘܬܛܝܒܝܡܐܟܠܐܘܡܫܬܝܐܥܠܦܬܘܪ̈ܐܕܙܢܝ̈ܢܙܢܝ̈ܢ܂ܘܬܣܝܡܝܠܟܠܗܘܢ
,,ܡܫܡܫ̈ܢܐ,ܡܫܡܫܢ̈ܐ
,,ܕܡܠܟܐܘܐܣܦܘܩܠܛܪܐܚܡܪܐܛܒܐܘܥܬܝܩܐ,ܕܡܠܟܐܘܐܣܦܘܩܠܛܪܐܚܡܪܐܛܒܐܘܥܬܝܩܐ
,,ܒܐܝܕ̈ܝܗ܂,ܒܐܝܕܝ̈ܗ܂
,,ܗܝܕܝܢܐܫܦܓܢܐܐܢ̄ܬܬܝܡܪܬܝܕܥܬܐܪܒܬܐ,ܗܝܕܝܢܐܫܦܓܢܐܐܢ̄ܬܬܝܡܪܬܝܕܥܬܐܪܒܬܐ
,,ܘܣܟܘܠܬܢܝܬܐ܂,ܘܣܟܘܠܬܢܝܬܐ܇
ܥܒܕܬ,,ܥܒܕܬ,ܥܒܕܬ
ܒܕܚܟܝܡܬܐܗ̄ܘܬܣܓܝ܂,,ܐܟܡܐ,ܐܟܡܐ
,,ܕܦܩܕܬܗ̇܂,ܕܦܩܕܬܗ܂
ܘܟܕܐܟܠܘܘܐܫܬܝܘ,,ܘܟܕܐܟܠܘܘܐܫܬܝܘ,ܘܟܕܐܟܠܘܘܐܫܬܝܘ
ܘܪܘܝܘ܂ܘܗܝܡܫܡܫܐܠܗܘܢ܂ܘܕܡܟܘܟܠܢܫܒܕܘܟܬܗ܂ܗܝܕܝܢܐܢܐ,,,ܘܪܘܝܘ
,,ܫܟܒܘ,ܫܟܒܘ
,,ܒܕܘܟܝ̈ܬܗܘܢ܂ܗ̇ܝܕܝܢ,ܒܕܘܟܝܬܗܘܢ܂ܗܝܕܝܢ
,,ܐܢܐܐܚܝܩܪ,ܐܢܐܐܚܝܩܪ
ܐܡܪܬ,,ܐܡܪܬ,ܐܡܪܬ
ܠܐܣܦܘܩܠܛܪܐ,,ܠܐܣܦܘܩܠܛܪܐ,ܠܐܣܦܘܩܠܛܪܐ
ܐܪܝܡ,,ܬܠܝ,ܬܠܝ
ܚܝܪܟ,,ܚܝܪܟ,ܚܝܪܟ
ܠܥܠܘܐܬܕܟܪ,,ܠܘܬܐܠܗܐܒܪܘܝܐ,ܠܘܬܐܠܗܐܒܪܘܝܐ
,,ܕܫܡܝܐ܂,ܕܫܡܝܐܘܕܐܪܥܐ܂
,,ܘܥܗܘܕ,ܘܥܗܘܕ
ܠܚܡܐ,,ܠܚܡܐ,ܠܚܡܐ
,,ܘܡܝ̈ܐ,
ܕܐܟܠܢܢ,,ܕܐܟܠܢܢ,ܕܐܟܠܢܢ
ܥܡܚܕܕ̈ܐ܂ܘܕܥܕܠܝܬܠܝܚܛܝܬܐܡܕܡ܆ܐܠܐܢܐܕܢܢܟܠܢܝ܂ܘܐܢ̄ܬ,,ܫܘܝܐܝܬ܂,ܫܘܝܐܝܬ܂
,,ܘܝܕܥܢܐ,ܘܝܕܥܐ̄ܢܐ
,,ܓܝܪܕܣܘܪܚܢܐܘܚܛܝܬܐܠܝܬܠܝ܂ܘܢܕܢܐܨܛܢܥܥܠܝܘܫܕܠܢܝ܂ܐܢ̄ܬܕܝܢ,ܓܝܪܕܣܘܪܚܢܐܘܚܛܝܬܐܠܝܬܠܝ܂ܘܢܕܢܐܨܛܢܥܥܠܝܘܫܕܠܢܝ܂ܐܢ̄ܬܕܝܢ
ܠܐܬܥܘܠ,,ܠܐܬܥܘܠ,ܠܐܬܥܘܠ
ܒܗܕܐܚܛܝܬܐ,,ܒܚܛܝܬܐܕܝܠܗ,ܒܚܛܝܬܐܕܝܠܗ
ܘܬܩܛܠܢܝ,,ܘܬܩܛܠܢܝ,ܘܬܩܛܠܢܝ
ܕܛܠܝܡܐ̄ܢܐ܆ܘܐܝܬܐ,,ܛܠܝܡܐܝܬ܂ܗܘܝܬܓܝܪܡܬܕܟܪܘܡܝܬܐ,ܛܠܝܡܐܝܬ܂ܗܘܝܬܓܝܪܡܬܕܟܪܘܡܝܬܐ
ܥܠܒܠܟܝܘܡܐܕܪܓܙܥܠܝܟ,,ܥܠܒܠܟܝܘܡܐܕܪܓܙܥܠܝܟ,ܥܠܒܠܟܝܘܡܐܕܪܓܙܥܠܝܟ
ܣܪܚܕܘܡ,,ܣܢܚܪܝܒ,ܣܢܚܪܝܒ
ܐܒܘܗܝ,,ܐܒܘܗܝ,ܐܒܘܗܝ
ܕܗܢܐܡܠܟܐ܂ܘܦܩܕܢܝ,,ܕܡܠܟܐ,ܕܡܠܟܐ
,,ܗܢܐ܂,ܗܢܐ܇
,,ܘܦܩܕ,ܘܦܩܕ
ܕܐܩܛܠܟ܂ܘܟܕ,,ܕܐܩܛܠܟ܂ܘܟܕ,ܕܐܩܛܠܟ܂ܘܟܕ
,,ܕܝܢ,ܕܝܢ
ܝܕܥܬܕܠܝܬܠܟ,,ܝܕܥܬܕܠܝܬܠܟ,ܝܕܥܬܕܠܝܬܠܟ
ܣܘܪܚܢܐ,,ܣܘܪܚܢ܂,ܣܘܪܚܢ܇
ܛܫܝܬܟܘܠܐ,,ܛܫܝܬܟܘܠܐ,ܛܫܝܬܟܘܠܐ
ܩܛܠܬܟ܂ܥܕܡܐ,,ܩܛܠܬܟ܂ܥܕܡܐ,ܩܛܠܬܟ܂ܥܕܡܐ
ܕܢܚ,,ܕܫܠܝ,ܕܫܠܝ
ܪܘܓܙܗ,,ܪܘܓܙܗ,ܪܘܓܙܗ
ܘܐܨܛܒܝܒܟ܂ܘܦܩܕܘܐܩܝܡܬܟܩܕܡܘܗܝ܂ܘܩܒܠܬܡܢܗ,,ܕܡܠܟܐܘܐܬܕܟܪ,ܕܡܠܟܐܘܐܬܕܟܪ
,,ܛܒܬ̈ܟ܂,ܛܒ̈ܬܟ܂
ܡܘܗ̈ܒܬܐ,,,
ܪܘܪ̈ܒܬܐ܂ܐܦ,,ܘܦܩܕܘܛܝܒܬܟ,ܘܦܩܕܘܛܝܒܬܟ
,,ܩܕܡ܏ܘ܆ܩܕܡܘܗܝ܆,ܩܕܡܘܗܝ܇
,,ܘܐܛܐܒܠܟܘܝܗ̄ܒܠܟ,ܘܐܛܐܒܠܟܘܝܗ̄ܒܠܟ
,,ܡܘܗ̈ܒܬܐ,
,,,ܡܘܗ̱̈ܒܬܐܣܓܝܐܬܐ̈܂
,,ܣ̈ܓܝܐܐ܂,
,,ܘܐܦ,ܘܐܦ
ܐܢ̄ܬ,,ܐܢ̄ܬ,ܐܢ̄ܬ
ܦܪܘܥܝܢܝܦܘܪܥܢܐܕܦܪܥܘܬܟ܂ܘܐܝܟ,,ܬܘܒܗܫܐܛܫܢܝ܂ܘܦܪܘܥܝܢܝܐܟܡܐ,ܬܘܒܗܫܐܛܫܢܝ܂ܘܦܪܘܥܝܢܝܐܟܡܐ
ܕܥܒܕܬ,,ܕܥܒܕܬ,ܕܥܒܕܬ
ܥܒܕܥܡܝ܂ܘܛܫܢܝܒܕܘܟܬܐܡܕܡ܂,,ܥܡܟ܂,ܥܡܟ܂
ܘܗܐܐܝܬܠܝܥܒܕܐ,,ܘܗܐܐܝܬܠܝܥܒܕܐ,ܘܗܐܐܝܬܠܝܥܒܕܐ
ܫܘܐܠܡܘܬܐܕܐܣܟܠܒܣܓܝ̈ܐܬܐܘܗܐ,,ܚܝܒܐ,ܚܝܒܐ
ܪܡܐ,,ܪܡܐ,ܪܡܐ
ܒܝܬܐܣܝܪ̈ܐ܂,,ܒܚܒܘܫܝܐ,ܒܚܒܘܫܝܐ
ܘܫܡܗܡܕܝܦܪ܂,,ܘܫܡܗܡܕܝܦܪ܂,ܘܫܡܗܡܕܝܦܪ܂
,,ܘܚܝܒܠܩܛܠܐܡܛܠ,ܘܚܝܒܠܩܛܠܐܡܛܠ
,,ܒܝܫ̈ܬܗ܂,ܒܝܫܬܗ̈܂
ܐܦܩܝܗܝ,,ܐܦܩܝܗܝ,ܐܦܩܝܗܝ
ܘܐܠܒܫܝܗܝܠܒܘܫܝ܂ܘܦܩܘܕܠܐܝܠܝܢ,,ܗܫܐܘܢܠܒܫܠܒܘܫܝ̈܂ܘܐܦܩܠܓܒܪ̈ܐ,ܗܫܐܘܢܠܒܫܠܒܘܫܝ̈܂ܘܐܦܩܠܓܒܪ̈ܐ
ܕܥܡܟ,,ܕܥܡܟ,ܕܥܡܟ
ܕܢܬܛܝܒܘܢ,,ܗܠܝܢܪ̈ܘܝܐ܂ܘܢܩܛܠܘܢܝܗܝ,ܗܠܝܢܪ̈ܘܝܐ܂ܘܢܩܛܠܘܢܝܗܝ
ܟܕ,,ܟܕ,ܟܕ
ܪܘܐܝܢ܂ܘܡܬܩܛܠܘܠܐ,,ܠܐ,ܠܐ
ܝܕܥܝܢ,,ܝܕܥܝܢ,ܝܕܥܝܢ
ܡ̇ܢܐܬܘܛܠ܂,,ܠܡ̇ܢܩܛܠܘ܂,ܠܡ̇ܢܩܛܠܘ܂
ܘܐܪܚܩܪܫܗܡ̣ܢܫܠܕܗܡܐܐ,,ܘܐܪܚܩܪܫܗܡ̣ܢܫܠܕܗܡܐܐ,ܘܐܪܚܩܪܫܗܡ̣ܢܫܠܕܗܡܐܐ
ܐܡ̈ܝܢ܂,,ܐܡܝ̈ܢ܂,ܐܡܝܢ܂
ܘܗܒܦܓܪܗ,,ܘܗܒܦܓܪܗ,ܘܗܒܦܓܪܗ
ܕܢܬܩܒܪ܂,,ܕܢܩܒܪܘܢܝܗܝ܂,ܕܢܩܒܪܘܢܝܗܝ܂
ܘܢܦܘܩܛܒܐܒܐܬܘܪ,,ܘܢܦܘܩܛܒܐܒܐܬܘܪ,ܘܢܦܘܩܛܒܐܒܐܬܘܪ
ܘܢܝܢܘܐ܂,,ܘܢܝܢܘ̈ܐ,ܘܢܝܢܘܐ
ܕܐܚܝܩܪܐܬܩܛܠ܂ܗܝܕܝܢ,,ܕܐܚܝܩܪܐܬܩܛܠ܂ܗܝܕܝܢ,ܕܐܚܝܩܪܐܬܩܛܠ܂ܗܝܕܝܢ
ܩܡ,,,
ܐܣܦܘܩܠܛܪܐ,,ܐܣܦܘܩܠܛܪܐ,ܐܣܦܘܩܠܛܪܐ
ܘܥܡܗܐܢ̄ܬܬܝܘܥܒܕܘ,,ܘܐܫܦܓܢܐܒܪܬܙܘܓܝܥܒܕܘ,ܘܐܫܦܓܢܐܒܪܬܙܘܓܝܥܒܕܘ
ܠܝܕܘܟܬܐ,,ܠܝܕܘܟܬܐ,ܠܝܕܘܟܬܐ
ܡܛܫܝܬܐܬܚܝܬܐܪܥܐ܂ܒܝܬܐ,,ܟܣܝܬܐܬܚܝܬܐܪܥܐ,ܟܣܝܬܐܬܚܝܬܐܪܥܐ
ܕܐܘܪܟܗܐܪܒܥܣܪ̈ܐ,,ܕܐܘܪܟܗܐܪܒܥܣܪ̈ܐ,ܕܐܘܪܟܗܐܪܒܥܣܪ̈ܐ
ܐܡܝ̈ܢ܂,,ܐܡ̈ܝܢ܂,ܐܡ̈ܝܢ܂
ܘܦܬܝܗ,,ܘܦܬܝܗ̇,ܘܦܬܝܗ
ܐܡܝ̈ܢܫܒܥܐ܂,,ܫܒܥ܂ܘܗܝ,ܫܒܥ܂ܘܗܝ
ܬܚܝܬ,,ܬܚܝܬ,ܬܚܝܬ
ܐܣܟܘܦܬܐ,,ܐܣܟܘܦܬܐ,ܐܣܟܦܬܐ
ܕܒܝܬܝ܂,,ܕܬܪܥܐ܂,ܕܬܪܥܐ܂
ܘܐܥܠܘܢܝ,,ܘܐܥܠܘܢܝ,ܘܐܥܠܘܢܝ
ܠܬܡܢ,,ܘܛܫܝܘܢܝܒܗ܂,ܘܛܫܝܘܢܝܒܗ܂
ܘܣܡܘ,,ܘܣܡܘ,ܘܣܡܘ
ܠܝܠܚܡܐ,,,
ܘܡ̈ܝܐ,,,
ܠܘܬܝ,,ܠܘܬܝ,ܠܘܬܝ
ܘܫܒܩܘܢܝܟܕܛܡܝܪܐ̄ܢܐܬܚܝܬܐܪܥܐܘܢܦܩܘ܂ܘܥܒܕܡܕܡܕܡ̣ܢܠܥܠܐܡܝܪ܂ܘܐܘܕܥܘܠܡܠܟܐ,,ܠܚܡܐ,ܠܚܡܐ
,,ܘܡ̈ܝܐ,
,,,ܘܡܝ̈ܐ
,,ܘܟܢܫܒܩܘܢܝܘܐܙܠܘܐܘܕܥܘܠܡܠܟܐ܂,ܘܟܢܫܒܩܘܢܝܘܐܙܠܘܐܘܕܥܘܠܡܠܟܐ܂
ܕܐܬܩܛܠܐܚܝܩܪܐܝܟܦܘܩܕܢܟ܂ܘܟܕ,,ܕܐܬܩܛܠܐܚܝܩܪܐܝܟܦܘܩܕܢܟ܂ܘܟܕ,ܕܐܬܩܛܠܐܚܝܩܪܐܝܟܦܘܩܕܢܟ܂ܘܟܕ
ܢܦܩ̣,,ܢܦܩ,ܢܦܩ
ܛܒܐ,,ܛܒܐ,ܛܒܐ
ܕܩܛܠܝ,,,
ܒܐܬܘܪ,,ܒܐܬܘܪ,ܒܐܬܘܪ
ܘܢܝܢܘܐܐܪܩܕܘܥܠܝܘܒܟܘܘܐܡܪܘܘܝܠܢܥܠܝܟܐܘ̇ܐܚܝܩܪ܂ܟܬܘܒܐ,,ܘܢܝܢ̈ܘܐ܂,ܘܢܝܢܘܐ܂
,,ܐܝܠܠܘܥܠܝܘܐܡܪܘ܂ܚܒܠܝܟܐܚܝܩܪܣܦܪܐ,ܐܝܠܠܘܥܠܝܘܐܡܪܘ܂ܚܒܠܝܟܐܚܝܩܪܣܦܪܐ
ܡܗܝܪܐ,,ܡܗܝܪܐ,ܡܗܝܪܐ
ܘܚܟܝܡܐܛܪܩܐ܂ܘܫܪܐܐܘܚ̈ܕܢ܂ܘܝܠܢܥܠܝܟܡ̣ܢܐܝܟܐܠܢܐ̄ܚܪܢܐܐܟܘܬܟܕܢܩܘܡܒܕܘܟܬܟ܂ܒܬܪܗܠܝܢܩܪܐܡܠܟܐܠܢܐܕܢܘܐܡܪܠܗܙܠ,,ܘܝܕܥ,ܘܝܕܥ
,,ܟܣܝ̈ܬܐ܂,ܟܣܝܬ̈ܐ܂
,,ܡܢܘܢܩܘܡܐܟܘܬܟ܂,ܡܢܘܢܩܘܡܐܟܘܬܟ܂
,,ܗ̇ܝܕܝܢ,ܗܝܕܝܢ
,,ܩܪܐܡܠܟܐܣܪܚܕܘܡܠܢܕܢܘܐܡܪܠܗ܂ܙܠܠܟܘܥܒܕܒܝܬܒܟܬܐܠܐܒܘܟܐܚܝܩܪܐܝܟܥܝܕܐ,ܩܪܐܡܠܟܐܣܪܚܕܘܡܠܢܕܢܘܐܡܪܠܗ܂ܙܠܠܟܘܥܒܕܒܝܬܒܟܬܐܠܐܒܘܟܐܚܝܩܪܐܝܟܥܝܕܐ
,,ܕܐܢ̈ܫܐ܂ܘܢܦ̣ܩ,ܕܑ̄ܢܫ̈ܐ܂ܘܢܦܩ
,,ܢܕܢܘܐܬܐܠܒܝܬܐܘܠܐܣܟ,ܢܕܢܘܐܬܐܠܒܝܬܐܘܠܐܣܟ
ܥܒܕܒܝܬ,,ܥܒܕܒܝܬ,ܥܒܕܒܝܬ
ܒܟ̈ܐܕܚܠܟܘܒܟܝܥܠܘܗܝ܂ܘܟܕܐܬܐܢܐܕܢܣܟܠܐܘܩܫܐܠܒܐ܂ܠܐܒܟܐܘܐܦܠܐܐܝܬܝܕܘܟܪܢܝܥܠܦܘܡܗ܂,,ܒܟܬܐ܂,ܒܟܬܐ܁
ܐܠܐܟܢܫܠܗ,,ܐܠܐܟܢܫܠܗ,ܐܠܐܟܢܫܠܗ
ܐ̄ܢܫܐܥܘ̈ܠܐܘܓܝܪ̈ܐ,,ܐ̄ܢܫ̈ܐܒܝܫ̈ܐܘܐܣܘ̈ܛܐ܂,ܐ̄ܢܫ̈ܐܒܝܫ̈ܐܘܐܣܘ̈ܛܐ܂
ܘܫܪܝܘܐܟܠܝܢ,,ܘܫܪܝܘܐܟܠܝܢ,ܘܫܪܝܘܐܟܠܝܢ
,,,ܐܟܠ
ܘܫܬܝܢ,,ܘܫܬܝܢ,ܘܫܬܝܢ
ܘܪܩܕܝܢ܂,,ܘܪܩܕܝܢܘܙܡܪܝܢ܂,ܘܪܩܕܝܢܘܙܡܪܝܢ܂
ܘܫܪܝ,,ܘܫܪܝ,ܘܫܪܝ
ܢܐܕܢܡܚܐܥܒܕܝ̈ܘܐܡ̈ܗܬܝܘܡܫܠܚܠܗܘܢܥܪ̈ܛܠܝܐ܂ܘܐܦܠܐܡ̣ܢܐܢَܬܬܝ,,ܢܕܢܐܚܕ,ܢܕܢܐܚܕ
,,ܐܡܗ̈ܬܝ,ܐܡܗܬ̈ܝ
,,ܘܡܥܪܛܠ,ܘܡܥܪܛܠ
,,ܠܗܘܢ,ܠܗܝܢ
,,ܘܬܒܥ,ܘܬܒܥ
,,ܡܢܗܘܢܒܝܫ̈ܬܐ܂,ܡܢܗܝܢܒܝܫܬ̈ܐ܂
,,ܥܕܡܐܠܒܪܬܙܘܓܝܕܪܒܝܬܗܐܝܟܝܠܕܗ̇ܠܐ,ܥܕܡܐܠܒܪܬܙܘܓܝܕܪܒܝܬܗܐܝܟܝܠܕܗ̇ܠܐ
ܒܗܬ,,ܒܗܬ,ܒܗܬ
ܗܝܕܐܝܟܒܪܗܕܒܝܬܗ܂,,ܡܢܗ̇܂,ܡܢܗ܆
ܐܠܐܨܒܐ,,ܐܠܐܨܒܐ,ܐܠܐܨܒܐ
ܕܢܦܪܣܝܗ܂_ܘܐܢܐܛܠܝܡܐܫܡܥܢܐܡܘܪ̈ܡܪܐܕܝܠܗܘܢܘܒܟܐܐ̄ܢܐܒܚܫܐ܂ܘܒܬܪ,,ܕܢܦܪܣܝܗܘܢܕܡܟܥܡܗ̇܂ܐܢܐܐܚܝܩܪܡ̣ܢܬܚܝܬܐܪܥܐܫܡܥܬܩܠܓܥܬܗܘܢܕܒܢܝ̈ܒܝܬܐܡ̣ܢܩܕܡܢܕܢܒܪܝ܂ܘܫܪܝܬܠܡܨܠܝܘܩܕܡܐܠܗܐܘܠܡܬܟܫܦܘܡܛܠܬܗܘܢ܂ܘܫܡܥܐܠܗܐ,ܕܢܦܪܣܝܗܘܢܕܡܟܥܡܗ̇܂ܐܢܐܐܚܝܩܪܡ̣ܢܬܚܝܬܐܪܥܐܫܡܥܬܩܠܓܥܬܗܘܢܕܒܢܝ̈ܒܝܬܐܡ̣ܢܩܕܡܢܕܢܒܪܝ܂ܘܫܪܝܬܠܡܨܠܝܘܩܕܡܐܠܗܐܘܠܡܬܟܫܦܘܡܛܠܬܗܘܢ܂ܘܫܡܥܐܠܗܐ
,,ܬܢܚ̈ܬܝ,ܬܢܚܬ̈ܝ
,,ܕܡ̣ܢܥܘܡܩܝ̈ܗܕܐܪܥܐ܂ܘܫܕܪܒܬܪ,ܕܡ̣ܢܥܘܡܩܝ̈ܗܕܐܪܥܐ܂ܘܫܕܪܒܬܪ
ܩܠܝܠܝܘ̈ܡܬܐ,,ܩܠܝܠܝܘ̈ܡܬܐ,ܩܠܝܠܝܘ̈ܡܬܐ
ܐܬܐ,,ܠܝܒܘܣܡܟܡܣܟܝܢܟܬܝunclear,ܠܝܒܘܣܡܝܟܡܣܟܝܢܟܬܝ
ܠܘܬܝ,,ܠܘܬܝ,ܠܘܬܝ
ܝܒܘܣܡܝܟܘܫܐܠܒܫܠܡܝ܆,,ܘܒܝܐܢܝ,ܘܒܝܐܢܝ
ܘܡܠܐ,,ܘܡܠܐ,ܘܡܠܐ
ܒܠܒܝ܆,,ܒܠܒܝ܂,ܒܠܒܝ܂
ܘܐܝܬܝܠܝܠܚܡܐ,,ܘܐܝܬܝܠܝܠܚܡܐ,ܘܐܝܬܝܠܝܠܚܡܐ
ܘܡ̈ܝܐ܂,,ܘܡܝ̈ܐ܂,ܘܡܝ̈ܐ܂
ܘܟܕ,,ܘܟܕ,ܘܟܕ
ܢܦܩܐܡܪܬܠܗܒܥܘܐܦܡ̣ܢܐܠܗ̈ܐܕܐܓܗܐܘܐܦܘܩ,,ܒܥܐܠܡܐܙܠܐܦܝܣܬܗܕܢܨܠܐܠܐܠܗܐܕܢܦܪܩܢܝ,ܒܥܐܠܡܐܙܠܐܦܝܣܬܗܕܢܨܠܐܠܐܠܗܐܕܢܦܪܩܢܝ
ܡ̣ܢܕܘܟܬܐܗܕܐ܂,,ܡ̣ܢܕܘܟܬܐܗܕܐ܂,ܡ̣ܢܕܘܟܬܐܗܕܐ܂
ܦܢܝܐܠܗ̈ܐܡܦܨܝܢܠܟ܂ܘܒܬܪܟܢ,,ܘܨܠܝܘܐܡܪ܂ܐܘܐܠܗܐܡܪܚܡܢܐܘܡܫܒܚܐ܂ܐܬܕܟܪܠܐܚܝܩܪܕܡܣܒܪ,ܘܨܠܝܘܐܡܪ܂ܐܘܐܠܗܐܡܪܚܡܢܐܘܡܫܒܚܐ܂ܐܬܕܟܪܠܐܚܝܩܪܕܡܣܒܪ
,,ܕܡܣܒܪ,
,,ܒܟܘܦܨܝܗܝܡ̣ܢܗܢܐܚܒܘܫܝܐ܂ܟܕܕܝܢ,ܒܟܘܦܨܝܗܝܡ̣ܢܗܢܐܚܒܘܫܝܐ܂ܟܕܕܝܢ
ܫܡܥ,,ܫܡܥ,ܫܡܥ
ܦܪܥܘܢܡܠܟܐܕܡܨܪܝܢ,,ܦܪܥܘܢ,ܦܪܥܘܢ
ܕܐܬܩܛܠܐܚܝܩܪ,,ܕܐܬܩܛܠܐܚܝܩܪ,ܕܐܬܩܛܠܐܚܝܩܪ
ܚܟܝܡܐܛܪܩܐ܂ܘܫܪܐܐܘܚ̈ܕܢܚܕܝ,,ܚܟܝܡܐ܂,ܚܟܝܡܐ܂
ܚܕܘܬܐ,,ܚܕܘܬܐ,ܚܕܘܬܐ
ܪܒܬܐ܂,,ܪܒܬܐܚܕܝ܂,ܪܒܬܐܚܕܝ܂
ܘܟܬܒ,,ܘܟܬܒ,ܘܟܬܒ
ܐܓܪܬܐ,,ܐܓܪܬܐ,܇ܐܓܪܬܐ܇
ܘܫܕܪܘܐܡܪ܂,,ܘܫܕܪܘܐܡܪ܂,ܘܫܕܪܘܐܡܪ܂
ܡ̣ܢ,,ܡ̣ܢ,ܡܢ
ܦܪܥܘܢܡܠܟܐܕܡܨܪܝܢ܂ܠܣܢܚܪܝܒܡܠܟܐܬܘܪܘܢܝܢܘܐܫܠܡ̈ܐܘܪܘܡܪ̈ܡܐ܂ܬܗܘܐ,,ܦܪܥܘܢܡܠܟܐܕܡܨܪܝܢܠܣܪܚܕܘܡܡܠܟܐܕܐܬܘܪ,ܦܪܥܘܢܡܠܟܐܕܡܨܪܝܢܠܣܪܚܕܘܡܡܠܟܐܕܐܬܘܪ
,,ܘܢܝܢ̈ܘܐ܂ܫܠܡܐ,ܘܢܝܢܘܐ܂
,,ܘܢܝܚܐ܂ܗܘܝܬ,ܘܢܝܚܐ܂ܗܘܝܬ
ܝܕܥܐܘܡܠܟܐ,,ܝܕܥܐܘܡܠܟܐ,ܝܕܥܐܘܡܠܟܐ
ܡܝܩܪܐܐܬܕܓܪܓܬ,,ܕܐܬܪܓܪܓܬ,ܕܐܬܪܓܪܓܬ
ܕܐܒܢܐܠܝܒܝܪܬܐܒܝܬܫܡܝܐܠܐܪܥܐ܂,,ܕܐܒܢܐܠܝܒܝܪܬܐܒܝܬܫܡܝܐܠܐܪܥܐ܂,ܕܐܒܢܐܠܝܒܝܪܬܐܒܝܬܫܡܝܐܠܐܪܥܐ܂
ܘܒܥܐ,,ܘܨܒܐ,ܘܨܒܐ
ܐ̄ܢܐ,,ܐܢܐ,ܐ̄ܢܐ
,,ܓܝܪ,ܓܝܪ
ܕܬܫܕܪܠܝܡ̣ܢ,,ܕܬܫܕܪܠܝܡ̣ܢ,ܕܬܫܕܪܠܝܡ̣ܢ
ܠܘܬܟܐܪܕܟܠܐܕܝܕܥܒܢܐܒܝܪܬܐܐܝܟܕܒܥܬܘܢܕܥ,,ܨܐܕܝܟܓܒܪܐܒܢܝܐܕܢܒܢܝܗ̇ܐܟܡܐܕܨܒܐܐ̄ܢܐ܂ܘܕܢܕܥ,ܨܐܕܝܟܓܒܪܐܒܢܝܐܕܢܒܢܝܗ̇ܐܟܡܐܕܨܒܐܐ̄ܢܐ܂ܘܕܢܕܥ
ܢܓܝܒܢܝܥܠܟܠ,,ܢܓܝܒܢܝܥܠܟܠ,ܢܓܝܒܢܝܥܠܟܠ
ܫܘܐܠܐܕܡܫܐܠܢܐܠܗ܂,,ܫܘܐܠܐ܂ܘܐܢܬܫܟܚܬܫܕܪܠܝܓܒܪܐܗܟܢܐ܂,ܫܘܐܠܐ܂ܘܐܢܬܫܟܚܬܫܕܪܠܝܓܒܪܐܗܟܢܐ܂
,,ܫܩܠܐ,ܫܩܠܝܗ
,,ܕܡܨܪܝܢܘܟܠܗܘܢܐܬܪ̈ܘܬܗ̇ܕܬܠܬܫܢܝ̈ܢܡܫܕܪܐ̄ܢܐܠܟ܂,ܕܡܨܪܝܢܘܟܠܗܘܢܐܬܪ̈ܘܬܗ̇ܕܬܠܬܫܢܝ̈ܢܡܫܕܪܐ̄ܢܐܠܟ܂
ܘܐܢ,,ܘܐܢ,ܘܐܢ
ܫܕܪܬܓܒܪܐܕܢܒܢܐܒܝܪܬܐܘܢܥܒܕܗܘܡܐܕܐܡܪܠܗ܂ܢܫܬܕܪܠܟܫܩܠܐܕܡܨܪܝܢܘܟܠܗܐܘܚܕܢܐܕܝܠܗ̇ܥܕܡܐܠܬܠܬܫܢ̈ܝܢ܂ܘܐܠܐ,,ܠܐ,ܠܐ
,,ܡܫܬܟܚ,
,,ܗܟܢ,ܗܟܢ
,,ܓܒܪܐ܂,ܓܒܪܐ܇
ܫܕܪ,,ܫܕܪ,ܫܕܪ
ܠܢ,,,
ܥܡ,,ܥܡ,ܥܡ
ܐܓܪܬܢܫܩ̈ܠܐ,,ܐܝܙܓܕܢܕܠܘܬܟܫܩܠܐܕܬܠܬ,ܐܝܙܓܕܢܕܠܘܬܟܫܩܠܐܕܬܠܬ
ܕܐܬܘܪ,,,
,,ܫܢ̈ܝܢ,ܫܢ̈ܝܢ
,,ܕܐܬܘܪ,ܕܐܬܘܪ
ܘܢܝܢܘܐܬܠܬ,,,
ܫܢ̈ܝܢ,,,
,,ܘܢܝܢ̈ܘܐ܀,ܘܢܝܢܘܐ܂܂
ܘܟܕܡܛܬ,,ܟܕܕܝܢܩܪܐܡܠܟܐܣܪܚܕܘܡ,ܟܕܕܝܢܩܪܐܡܠܟܐܣܪܚܕܘܡ
ܐܓܪܬܐ,,ܐܓܪܬܐ,ܐܓܪܬܐ
ܘܩܪܐܘܗ̇ܩܕܡܡܠܟܐܣܢܚܪܝܒ܂ܩܪܐ,,ܗܕܐ܂ܟܢܫ,ܗܕܐ܂ܟܢܫ
ܠܟܠܗܘܢ,,ܠܟܠܗܘܢ,ܠܟܠܗܘܢ
ܚܐܪ̈ܘܗܝ,,ܚܐܪ̈ܐ,ܚܐܪ̈ܐ
ܘܚܟܝ̈ܡܐ,,ܘܚܟܝ̈ܡܐ,ܘܚܟܝܡ̈ܐ
ܘܦܝܠܣܘܦ̈ܐ,,ܘܦܝܠܣܘ̈ܦܐ,ܘܦܝܠܣܘܦ̈ܐ
ܘܝܕܘܥ̈ܐ,,,
ܘܚܪ̈ܫܐ,,ܘܚܪ̈ܫܐ,ܘܚܪ̈ܫܐ
ܕܐܝܬܒܡܠܟܘܬܗ܂ܘܩܪܐܠܗܘܢܐܓܪܬܐ,,ܘܟܠܕ̈ܝܐ܂,ܘܟܠܕܝܐ܂
ܘܐܡܪܠܗܘܢ܂,,ܘܐܡܪܠܗܘܢ܂,ܘܐܡܪܠܗܘܢ܂
ܡܢ̣ܘܡܢܟܘ̇ܢܡܨܐܕܢܐܙܠܠܡܨܪܝܢܘܢܦܢܐܦܬܓܡܐܠܦܪܥܘܢ܂ܦܢܝܘܟܠܗܘܢܘܐܡܪܘ܂,,ܡܢܘܡܢܟܘܢ,ܡܢܘܡܢܟܘܢ
,,ܕܡܫܟܚ,ܡܫܟܚ
,,ܢܐܙܠܘܢܓܝܒܠܦܪܥܘܢܡܠܟܐ܂ܘܥܢܘܘܐܡܪܘ,ܢܐܙܠܘܢܓܝܒܠܦܪܥܘܢܡܠܟܐ܂ܘܥܢܘܘܐܡܪܘ
,,ܠܡܠܟ̇ܐܣܪܚܕܘܡ܂,ܠܡܠܟܐܣܪܚܕܘܡ܆
,,ܒܫܪܪܐ,ܒܫܪܪܐ
ܢܕܥܡܪܢܡܠܟܐܕܗܠܝܢ,,ܢܕܥܡܪܢܡܠܟܐܕܗܠܝܢ,ܢܕܥܡܪܢܡܠܟܐܕܗܠܝܢ
ܫ̈ܘܐܠܐܘܐܘܚ̈ܕܬܐܠܝܬܒܢܐ̄ܢܫܕܢܕܠܐܢܝܢ܂ܐܠܐܐܚܝܩܪܗܘ̇,,ܫܘ̈ܐܠܐܘܣܥ̈ܝܐ,ܫܘܐܠ̈ܐܘܣܥܝ̈ܐ
,,ܕܐܚܝܩܪ,ܕܐܚܝܩܪ
ܚܟܝܡܐ,,ܚܟܝܡܐ,ܚܟܝܡܐ
ܛܪܩܐܗܘ̤ܡܨܐܗ̄ܘܐܐܢܘܢ܂ܐܠܐܐܝܬ݂ܠܟܢܐܕܢܒܪܚܬܗܕܗܘ̤ܐܠܦܗܝܘܠܦܢܗܘܚܟܡܬܗܟܒܪܡܫܟܚܕܢܕܥܗܘܡܐܕܒܐܓܪܬܐ܂ܗܝܕܝܢܩܪܐܡܠܟܐܠܢܐܕܢܘܐܬܛܝܒܘܩܪܗ̇,,ܐܝܬܝܗܘܢ܂ܚܙܝܡܢܘܕܩܐܡܒܕܘܟܬܗܩܪܝܘܗܝܘܫܐܠܝܗܝ܂ܗܝܕܝܢܩܪܐܡܠܟܐܠܢܕܢܘܐܘܫܛܗ,ܐܝܬܝܗܘܢ܂ܚܙܝܡܢܘܕܩܐܡܒܕܘܟܬܗܩܪܝܘܗܝܘܫܐܠܝܗܝ܂ܗܝܕܝܢܩܪܐܡܠܟܐܠܢܕܢܘܐܘܫܛܗ
ܠܐܓܪܬܐ,,ܠܐܓܪܬܐ,ܠܐܓܪܬܐ
ܩܕܡܘܗܝ܂ܦܢܝܢܐܕܢܘܐܡܪܐܘܡܪܝܡܠܟܐܚܙܐܐܢَܬܕܗܠܝܢܐ̄ܢܫܐܫܛܘܪ̈ܐܐܢܘܢܘܫܢ̈ܝܐ܂,,ܗܝ܂ܘܥܢܐܢܕܢ,ܗܝ܂ܘܥܢܐܢܕܢ
,,ܘܐܡ̣ܪ,ܘܐܡܪ
,,ܠܣܪܚܕܘܡ܂ܐܘܡܪܝܡܠܟܐ܂ܡܛܥܐܛܥܐܡܠܟܐܦܪܥܘܢ܂,ܠܣܪܚܕܘܡ܂ܐܘܡܪܝܡܠܟܐ܂ܡܛܥܐܛܥܐܡܠܟܐܦܪܥܘܢ܂
ܡܢܘܡܨܐ,,ܡܢܘܡܨܐ,ܡܢܘܡܨܐ
ܒܢܐܒܝܪܬܐ,,ܠܡܒܢܐܒܢܝܢܐ,ܠܡܒܢܐܒܢܝܢܐ
ܒܝܬ,,ܒܝܬ,
ܫܡܝܐ,,ܫܡܝܐ,ܫܡܝܐ
ܠܐܪܥܐܘܐܦܠܐܐܠܗ̈ܐ܂ܕܬܗܠܠܬܐܐܝܬܝܗ̇ܓܝܪܐܓܪܬܐ܂_ܘܟܕܫܡܥܗܠܝܢܡܠܟܐܡ̣ܢܢܐܕܢܚܫܣܓܝܘܒܟܐ,,ܠܐܪܥܐ܂ܐܦܠܐܐܠܗ̈ܐܡܨܝܢ܂ܟܒܪܫܓܡܐܗ̣̄ܝܕܟܬܘܒܐ܂ܘܟܕܫܡܥܡܠܟܐ,ܠܐܪܥܐ܂ܐܦܠܐܐܠܗ̈ܐܡܨܝܢ܂ܟܒܪܫܓܡܐܗ̣̄ܝܕܟܬܘܒܐ܂ܘܟܕܫܡܥܡܠܟܐ
,,ܡ̈ܠܝ,ܡܠܝ̈
,,ܢܕܢܚܫܣܓܝ,ܢܕܢܚܫܣܓܝ
ܘܢܚܬ,,ܘܢܚܬ,ܘܢܚܬ
ܡ̣ܢܒܝܡܗ,,ܘܡܢ,ܡܢ
,,ܟܘܪܣܝܗ,ܟܘܪܣܝܗ
ܘܝܬܒܥܠ,,ܘܝܬܒܥܠ,ܘܝܬܒܥܠ
ܐܪܥܐ܂ܘܐܡ̣ܪܘܝܠܝܥܠܝܟܐܘ,,ܩܛܡܐܘܐܡܪ܂,ܩܛܡܐܘܐܡܪ܂
,,ܚܒ̈ܠܝܟ,ܚܒܠܝܟ̈
ܐܚܝܩܪܚܟܝܡܐ,,ܐܚܝܩܪܚܟܝܡܐ,ܐܚܝܩܪܚܟܝܡܐ
ܡܗܝܪܐ܂,,,
ܘܝܕܥ,,ܘܝܕܥ,ܘܝܕܥ
ܐ̄ܪ̈ܙܐܘܫܪܐܐܘ̈ܚܕܢ܂ܘܝܠܝܥܠܝܟܐܘ̇ܡܠܦܢܐܘܚܕܢܘܡܕܒܪܢܡܠܟܘܬܝ܆ܐܝܟܐܐܚܙܝܟܐܘܛܪܩܐ܂ܐܘܐܝܟܐܐܒܥܝܟ܂ܘܝ,,ܟܣ̈ܝܬܐ,ܟܣܝܬ̈ܐ܇
,,ܡܢܘܢܣܒܪܢܝܘܢܐܡܪ,ܡܢܘܢܣܒܪܢܝܘܢܐܡܪ
ܠܝ,,ܠܝ,ܠܝ
ܥܠܝܟܐܝܟܢܐܐܡܬܬܟܘܚܒܠܬܪܘܟܒܟܒܡܠܬܐܕܥܠܝܡܐܣܟܠܐܘܕܠܐܐܠܗ܂ܡܢ̣ܘܢܬܠܟܘܢܣܒܪܢܝܕܐܚܝܩܪܒܚܝ̈ܐܐܝܬܘܗܝ܂ܝܗܒܗ̄ܘܝܬܠܗܦܠܓܗܕܡܠܟܘܬܝ܂ܘܟܕܫܡܥܝܒܘܣܡܝܟܗܠܝܢܡ̣ܢܡܠܟܐܘܚܙܐܟܪܝܘܬܐܕܐܫܬܠܛܬܥܠܘܗܝ܂ܩܡܩܕܡܘܗܝܘܐܘܕܝܒܣܘܪܚܢܐܘܐܡܪܡܪܝܡܠܟܐܐܢܐܕܫܬܦܘܩܕܢܟ܂ܘܟܠܥܒܕܐܕܫܪܐܦܘܩܕܢܡܪܗܠܡܘܬܐܡܚܝܒ܂ܘܐܢܕܝܢܬܨܒܐܙܩܘܦܝܢܝܡܛܠܕܫܪܬܦܘܩܕܢܟ܂ܒܕܝܕܥܬܕܛܠܝܡܐܚܝܩܪܘܗܐܡܛܫܝܘܢܛܝܪ܂ܘܟܕܫܡܥܡܠܟܐܡܐܡܪܝܚܕܝܚܕܘܬܐܪܒܬܐ܆ܘܐܡܪܐܝܘܥܒܕܐܛܒܐ܂ܐܢܗܘܕܒܫܪܪܐܐܝܬܝܗ̇ܡܠܬܟܐܢܐܡܥܬܪܐ̄ܢܐܠܟ܂ܘܐܢܕܝܢܐܚܙܐܐܚܝܩܪܒܚܝ̈ܐܡܐܐܟܟܪ̈ܐܕܕܗܒܐܘܦܠܓܗܕܡܠܟܘܬܝܐܬܠܠܟ܂,,ܕܗܐܐܚܝܩܪ,ܕܗܐܐܚܝܩܪ
,,ܒܚ̈ܝܐ܂,ܒܚܝ̈ܐ
,,ܝܗܒܗ̄ܘܝܬܠܡܣܒܪܢܐܦܠܓܗ̇ܕܟܠܗ̇ܡܠܟܘܬܝ܂,ܝܗܒܗ̄ܘܝܬܠܡܣܒܪܢܐܦܠܓܗ̇ܕܟܠܗ̇ܡܠܟܘܬܝ܂
ܗܝܕܝܢ,,ܗ̇ܝܕܝܢܫܡܥܝܒܘܣܡܝܟܡܣܟܝܢܟܬܝ,ܗܝܕܝܢ
ܝܒܘܣܡܝܟܐܡܪܠܐܬܬܟܪܣܘܪܚܢܝ܂ܗܝܕܝܢܝܡܐܡܠܟܐܕܠܐܢܚܫܘܒ,,,ܫܡܥܠܝܒܘܣܡܝܟܡܣܟܝܢܟܬܝ܂
,,ܩܠܡܡܠܠܗܕܡܠܟܐܘܩܪܒܩܕܡܘܗܝܘܣܓܕ,ܩܠܡܡܠܠܗܕܡܠܟܐܘܩܪܒܩܕܡܘܗܝܘܣܓܕ
ܠܗ,,,
,,ܠܗ,ܠܗ
ܚܛܝܬܐ܂ܘܒܗܝܫܥܬܐܪܟܒܝܒܘܣܡܝܟܘܐܬܐܠܘܬܝܘܦܬܚܬܪܥܐܘܐܦܩܢܝ܂ܘܐܢܐܬܘܟܠܢܝܒܐܠܗܐܡܚܙܩܗ̄ܘ̣ܐ܂ܘܐܝܬܝܢܝܠܘܬܡܠܟܐ܂ܘܟܕܐܬܛܝܒܬܩܕܡܘܗܝܣܓܕܬܠܗܥܠܐܪܥܐ܂ܘܣܥܪܐܕܪܫܝܐܪܝܟܗ̄ܘܐܘܢܚܬܥܠܚܨܝ܂ܘܕܩܢܝܢܚܬܗ̄ܘܐ,,,
,,ܘܐܡܪ܂ܡܪܝܡܠܟܐܠܥܠܡ,ܘܐܡܪ܂ܡܪܝܡܠܟܐܠܥܠܡ
,,ܚܝ܂,ܚܝܝ܂
,,ܗܐܗܟܝܠܐܚܝܩܪܒܚܝ̈ܐܘܡܛܫܝܬܚܝܬ,ܗܐܗܟܝܠܐܚܝܩܪܒܚܝ̈ܐܘܡܛܫܝܬܚܝܬ
,,ܐܪܥܐ,ܐܪܥܐ܁ܘܐܩܝܡܗܩܕܡܡܠܟܐܡܢܒܬܪܕܣܓܕܘܬܪ̈ܝܗܘܢ܂ܗܝܕܝܢܟܕܐܬܒܩܝܒܐܚܝܩܪ
,,ܠܐ,ܠܐ
,,ܬܒܟܐ܂,ܬܒܟܐ܇
,,ܦܩܘܕܕܢܐܬܐܩܕܡܝܟ܂ܟܕܕܝܢܫܡܥܡܠܟܐܒܥܓܠܩܡܡܢܩܛܡܐܘܣܠܩ,ܦܩܘܕܕܢܐܬܐܩܕܡܝܟ܂ܟܕܕܝܢܫܡܥܡܠܟܐܒܥܓܠܩܡܡܢܩܛܡܐܘܣܠܩ
ܥܠ,,ܥܠ,ܥܠ
ܚܕܝ܂ܘܛܦܪ̈ܝܗܘ̤ܝܐܝܟܕܢܫܪ̈ܐ܂ܘܓܘܫܡܝܐܬܚܒܠܗ̄ܘܐ܂ܘܫܝܘܬܐܕܦܪܨܘܦܝܕܡܝܐܗ̄ܘܬܠܩܛܡܐ܂ܘܟܕܚܙܢܝܡܠܟܐܘܚܪܐܪܝܟܐܝܬܕܐܝܟܢܐܗ̄ܘܝܬ܂ܚܫܣܓܝܘܐܬܟܚܕܡܢܝ܂ܘܠܐܐܬܡܨܝܕܢܡܠܠܥܡܝܡܠܬܐܡܕܡ,,ܟܘܪܣܝܐ܂ܘܦܩܕܠܡܝܬܝܘܬܗ,ܟܘܪܣܝܐ܂ܘܦܩܕܠܡܝܬܝܘܬܗ
,,,ܘܦܩܕܠܡܝܬܝܘܬܗ
,,ܠܐܚܝܩܪ,ܠܐܚܝܩܪ
ܡ̣ܢ,,ܡ̣ܢ,ܡ̣ܢ
ܒܟܝܐ܂ܘܐܡܪܠܝ,,ܟܕܕܐܝܬܘܗܝ܂ܘܐܙܠ,ܟܕܕܐܝܬܘܗܝ܂ܘܐܙܠ
,,ܝܒܘܣܡܝ܏ܟܝܒܘܣܡܝܟܡܣܟܝܢܟܬܝ,ܠܝܒܘ܏ܣ܆ܠܝܒܘܣܡܝܟܡܣܟܝܢܟܬܝ܆
,,ܘܐܦܩܗܡܢܬܚܝܬܐܪܥܐ܂,ܘܐܦܩܗܡܢܬܚܝܬܐܪܥܐ܂
,,ܘܐܩܝܡܗܩܕܡܡܠܟܐܡܢܒܬܪܕܣܓܕܘܬܪ̈ܝܗܘܢ܂ܗܝܕܝܢܟܕܐܬܒܩܝܒܐܚܝܩܪܡܠܟܐܣܪܚܕܘܡ܂,ܘܐܩܝܡܗܩܕܡܡܠܟܐܡܢܒܬܪܕܣܓܕܬܪ̈ܝܗܘܢ܂ܗܝܕܝܢܟܕܐܬܒܩܝܒܐܚܝܩܪܡܠܟܐܣܪܚ܏ܕ܆ܣܪܚܕܘܡ܆
,,ܘܚܙܐ,ܘܚܙܐ
,,ܕܐܫܬܚܠܦܘ,ܕܐܫܬܚܠܦ
,,ܨܘܪ̈ܬܗܘܐܬܒܠܒܠ,ܨܘܪ̈ܬܗܘܐܬܒܠܒܠ
,,ܟܠܗ,ܟܠ̱ܗ
,,ܓܘܫܡܗ܂ܗܝܕܝܢܟܕ,ܓܘܫܡܗ܂ܗܝܕܝܢܟܕ
,,ܒܗ̇ܟܢ,ܒܗܟܢ
,,ܓܘܢܐܚܙܝܗܝܡܠܟܐܚܢܓܬܠܗܘܒܟܐܘܐܡܪ܂,ܓܘܢܐܚܙܝܗܝܡܠܟܐܚܢܓܬܠܗܘܒܟܐܘܐܡܪ܂
ܐܘܐܚܝܩܪܐܢܐ,,ܐܘܐܚܝܩܪܐܢܐ,ܐܘܐܚܝܩܪܐܢܐ
ܠܐܚܛܝܬܠܟ܂ܒܪܡܒܪܚܬܟܚܛܐܠܟ܂ܐܡܪܬܬܚܐܡܪܝܡܠܟܐܠܥܠܡܒܬܪܕܚܙܝܬܦܪܨܘܦܟܠܐܬܘܒܦܫܥܩܬܐܡܕܡ܂,,ܠܝܬܠܝܥܕܠܝܐܘܐܦܠܐ,ܠܝܬܠܝܥܕܠܝܐܘܐܦܠܐ
,,ܚܛܗܐ܁,ܚܛܗܐ܇
,,ܐܠܐܢܕܢܒܪܟܗܘܝܘܕܐܒܐܫܠܟ,ܐܠܐܢܕܢܒܪܟܗܘܝܘܕܐܒܐܫܠܟ
,,ܒܢܟܠܐ܂,ܒܢܟܠܐ
,,ܘܥܢܐܐܚܝܩܪܘܐܡܪܡܪܝܡܠܟܐܒܚܙܬܟܗܫܐܟܠܡܕܡܕܥܒܪܢܫܒܩܝܘܗܝܥܠܕܐܫܘܝܢܐܠܗܐܚܙܬܐܕܦܪܨܘܦܟܪܓܝܓܐ܂,ܘܥܢܐܐܚܝܩܪܘܐܡܪܡܪܝܡܠܟܐܒܚܙܬܟܗܫܐܟܠܡܕܡܕܥܒܪܢܫܒܩܝܘܗܝܥܠܕܐܫܘܝܢܐܠܗܐܚܙܬܐܕܦܪܨܘܦܟܪܓܝܓܐ܂
ܦܢܝܡܠܟܐܘܐܡܪܢܗܘܐ,,ܦܢܝܡܠܟܐܘܐܡܪܢܗܘܐ,ܦܢܝܡܠܟܐܘܐܡܪܢܗܘܐ
ܫܡܐܕܐܠܗ̈ܐܡܒܪܟ̣ܐܕܝܕܥܘܕܛܠܝܡܐܢ̄ܬܘܢܛܪܘܟ܂ܙܠ,,ܒܪܝܟܘܡܒܪܟܐܠܗܐܕܐܚܝܩܪܕܦܨܝܗ,ܒܪܝܟܘܡܒܪܟܐܠܗܐܕܐܚܝܩܪܕܦܨܝܗ
ܡ̣ܢ,,ܡ̣ܢ,ܡ̣ܢ
ܗܫܐܠܒܠܢܐ,,ܗܢܐܛܠܘܡܝܐ܂ܙܠܐܘܐܚܝܩܪܠܒܢܐ,ܗܢܐܛܠܘܡܝܐ܂ܙܠܐܘܐܚܝܩܪܠܒܢܐ
ܘܓܪܘܥ,,ܘܓܪܘܥ,ܘܓܪܘܥ
ܣܥܪܟܘܓܘܙܕܩܢܟܘܛܦܪ̈ܝܟܘܐܟܘܠ,,ܘܐܫܝܓܘܗܦܘܟܠܒܝܬܟܐܟܘܠ,ܘܐܫܝܓܘܗܦܘܟܠܒܝܬܟܐܟܘܠ
ܘܐܫܬܝ,,ܘܐܫܬܝ,
ܥܕܠܐܪܒܥܝܢܝܘܡܝ̈ܢ܂ܐܝܟܢܐܕܢܗܦܘܟܚܝܠܟܥܠܝܟ܂ܒܬܪܗܝܕܝܢܬܐܬܐܠܘܬܝ܂ܗܝܕܝܢܐܙܠ̄ܬܠܒܝܬܝܘܥܒܕܬܐܝܟܕܐܡ̣ܪܡܠܟܐܘܟܬܪܬܥܣܪܝܢ,,ܐܪܒܥܝܢܝܘܡ̈ܝܢ܂ܥܕܡܐܕܬܬܚܝܠ܂ܘܗܝܕܝܢܬܐܠܘܬܝ܂ܘܗܦܟܐܚܝܩܪܘܥܒܕܐܝܟܡܠܬܗܕܡܠܟܐ܂ܡܢܒܬܪ,ܐܪܒܥܝܢܝܘܡ̈ܝܢ܂ܥܕܡܐܕܬܬܚܝܠ܂ܘܗܝܕܝܢܬܐܠܘܬܝ܂ܘܗܦܟܐܚܝܩܪܘܥܒܕܐܝܟܡܠܬܗܕܡܠܟܐ܂ܡܢܒܬܪ
ܝܘܡ̈ܬܐ,,ܝܘܡ̈ܬܐ,ܝܘܡ̈ܬܐ
ܘܐܬܝܬܠܘܬܗܡܛܠܕܫܘܓܠܐܕܡܠܟܐܡܣܪܗܒܗ̄ܘܐ܂ܘܟܕܐܬܛܝܒܬܩܕܡܘܗܝ,,ܥܣ̇ܪܝܢܗܦܟܐܚܝܩܪܬܘܒܠܘܬ,ܥܣ̇ܪܝܢܗܦܟܐܚܝܩܪܬܘܒܠܘܬ
,,ܡܠܟܐ܁ܣܪܚܕܘܡ,ܡܠܟܐ܂ܣܪܚ܏ܕ܆ܣܪܚܕܘܡ܆
,,ܘܣܓܕܠܗܥܠܐܦܘ̈ܗܝ܂ܗܝܕܝܢܡܠܟܐ,ܘܣܓܕܠܗܥܠܐܦܘ̈ܗܝ܂ܗܝܕܝܢܡܠܟܐ
ܐܦܩ,,ܐܦܩ,ܐܦܩ
ܐܓܪܬܐܕܫܕܪܘܗܡܨܪ̈ܝܐ܂ܘܐܡܪܣܒܘܚܙܝܐܘܐܚܝܩܪܡܢܐܫܕܪܘܠܢܡܨܪ̈ܝܐܒܬܪܩܛܠܟ܂ܘܟܠܐ̄ܢܫܝ̈ܐܬܪ̈ܘܬܢܥܪܩܘܠܡܨܪܝܢܡ̣ܢܝܘܩܪܐܕܟܣܦܐܕܒܥܝܢ܂ܘܟܕܩܪܝܬ,,ܠܗ,ܠܗ
ܐܓܪܬܐ,,ܐܓܪܬܐ,ܐܓܪܬܐ
ܘܚܟܡܬܠܕܒܗ܂ܐܡܪܬܠܡܠܟܐܠܐܬܟܪܐܠܟܥܠܗܕܐܡܪܝܡܠܟܐ܂,,ܕܡܠܟܐܕܡܨܪܝܢܘܚܘܝܗ̇ܘܢܣܒܗ̇ܐܚܝܩܪܡܢܐܝ̈ܕܝܡܠܟܐܠܐܓܪܬܐܗܝܘܩܪܗ̇܂ܘܐܣܬܟܠܟܠܡܐܕܒܗ̇܂ܘܐܡܪܠܡܠܟܐ܂ܠܐܬܚܫܡܪܝܘܠܐܬܪܓܙ܂,ܕܡܠܟܐܕܡܨܪܝܢܘܚܘܝܗ̇ܘܢܣܒܗ̇ܐܚܝܩܪܡܢܐܝ̈ܕܝܡܠܟܐܠܐܓܪܬܐܗܝܘܩܪܗ̇܂ܘܐܣܬܟܠܟܠܡܐܕܒܗ̇܂ܘܐܡܪܠܡܠܟܐ܂ܠܐܬܚܫܡܪܝܘܠܐܬܪܓܙ܂
ܐܢܐܐܙܠ,,ܐܢܐܐܙܠ,ܐܢܐܐܙܠ
ܘܐܬܠܦܬܓܡܐ,,ܐ̄ܢܐܠܝܠܡܨܪܝܢ܂ܘܝܗܒܐ̄ܢܐܦܘܢܝܐ,ܐ̄ܢܐܠܝܠܡܨܪܝܢ܂ܘܝܗܒܐ̄ܢܐܦܘܢܝܐ
ܠܦܪܥܘܢ܂,,ܠܦܪܥܘܢ܂,ܠܦܪܥܘܢ܂
ܘܐܫܪܐܫܘܐܠܘ̈ܗܝܘܐܝܬܐܫܩ̈ܠܐܕܡܨܪܝܢܘܐܗܦܟܟܠܕܥܪܝܩܝܢܠܬܡܢ,,ܘܟܠܗܘܢܫܘܐܠܘܗ̈ܝܡܦܫܩܐ̄ܢܐܠܗܘܢ܂ܘܡܝܬܐܐ̄ܢܐܫܩܠܐܕܡܨܪܝܢܕܬܠܬ,ܘܟܠܗܘܢܫܘܐܠܘܗ̈ܝܡܦܫܩܐ̄ܢܐܠܗܘܢ܂ܘܡܝܬܐܐ̄ܢܐܫܩܠܐܕܡܨܪܝܢܕܬܠܬ
,,ܫܢܝ̈ܢ܂ܘܐܒ̣ܗܬ,ܫܢܝܢ܂
ܘܐܒܗܬ,,,ܘܐܒܗܬ
ܠܣܢܐܝ̈ܟ,,ܠܟܠܗܘܢܒܥܠܕܒܒܝ̈ܟ,ܠܟܠܗܘܢܒܥܠܕܒܒܝ̈ܟ
ܒܥܘܕܪܢ,,ܒܥܘܕܪܢ,ܒܥܘܕܪܢ
ܐܠܗ̈ܐܘܕܡܠܟܘܬܟ܂ܘܟܕ,,ܐܠܗܐ,
,,ܐܘܡܪܝ,ܐܘܡܪܝ
,,ܡܠܟܐ܁,ܡܠܟܐ܂
,,ܟܕ,ܟܕ
ܫܡܥ,,ܫܡܥ,ܫܡܥ
ܗܠܝܢܡܠܟܐܚܕܝܛܒ܂ܘܝܗ̄ܒܡܘ̈ܗܒܬܐܠܐܢ̄ܬܬܝ܂,,ܡܠܟܐܡ̈ܠܝ,ܡܠܝ̈ܡܠܟܐ
,,ܐܚܝܩܪܪܘܙܘܡܠܐܠܒܗܚܕܘܬܐ,ܐܚܝܩܪܪܘܙܘܡܠܐܠܒܗܚܕܘܬܐ
,,ܘܦܨܝܚܘܬܐ܂ܗ̇ܝܕܝܢ,ܘܦܨܝ܏ܚ܆ܘܦܨܝܚܘܬܐ܆ܗܝܕܝܢ
,,ܫܟܢܠܐܚܝܩܪܘܠܐܢ̄ܬܬܗܡܘܗ̈ܒܬܐ,ܫܟܢܠܐܚܝܩܪܘܠܐܢ̄ܬܬܗܡܘܗ̈ܒܬܐ
,,ܣܓܝܐܬ̈ܐ܂,ܣܓܝܐ̈ܬ̈ܐ܂
ܘܠܐܣܦܘܩܠܛܪܐ,,ܘܠܐܣܦܘܩܠܛܪܐ,ܘܠܐܣܦܘܩܠܛܪܐ
ܐܪܝܡܗܥܠܫܕܬܐܕܪܒܐܘܝܗ̄ܒܠܗܡܘܗ̈ܒܬܐ܂ܘܠܒܬܪܗ,,ܝܒܘܣܡܝܟ,ܠܝܒܘܣ܇ܠܝܒܘܣܡܝܟ܇
,,ܐܪܝܡܫܕܬܗܠܕܪܓܐܕܡܥܠܝ܂ܘܐܘܪܒܗܛܒܣܓܝ܂ܠܒܬܪܗ,ܐܪܝܡܫܕܬܗܠܕܪܓܐܕܡܥܠܝ܂ܘܐܘܪܒܗܛܒܣܓܝ܂ܠܒܬܪܗ
ܕܝܘܡܐ,,ܕܝܘܡܐ,ܕܝܘܡܐ
,,ܗܘ,ܗܘ
ܟܬܒܬܐܢܐܐܚܝܩܪܐܓܪܬܐ,,ܟܬܒܬܐܢܐܐܚܝܩܪܐܓܪܬܐ,ܟܬܒܬܐܢܐܐܚܝܩܪܐܓܪܬܐ
ܠܐܢ̄ܬܬܝ,,ܠܐܫܦܓܢܐܒܪܬ,ܠܐܫܦܓܢܐܒܪܬ
,,ܙܘܓܝ܂,ܙܘܓܝ܆
ܘܐܡܪܬ,,ܘܐܡܪܬ,ܘܐܡܪܬ
ܠܗܒܫܥܬܐܕܡܛܝܐܐܓܪܬܐܠܐܝܕܝ̈ܟܝܦܩܘܕܝܠܨܝܕ̈ܐ,,ܠܗ̇,ܠܗ̇
,,ܗܟܢܐ܂ܒܡܘܢܥ,ܗܟܢܐ܆ܒܡܘܢܥ܂
,,ܐܓܪܬܝܗܕܐ܂ܦܩܕܝܨܝ̈ܕܐ,ܐܓܪܬܝܗܕܐ܂ܦܩܕܝܨܝ̈ܕܐ
ܕܢܨܘܕܘܢ,,ܕܢܨܘܕܘܢ,ܕܢܨܘܕܘܢ
,,ܠܢ,ܠܢ
ܬܪܝܢܦܪ̈ܘܓܐ,,ܬܪܝܢܦܪ̈ܘܓܐ,ܬܪܝܢܦܪ̈ܘܓܐ
ܕܢܫܪ̈ܐ܂ܘܐܡܪܝܠܐܝܠܝܢܕܥܒܕܝܢܟܬܢ̈ܐܕܢܥܒܕܘܢ,,ܕܢܫܪܐ܂,ܕܢܫܪܐ܂
,,ܘܛܝܒܝ,ܘܛܝܒ
,,ܠܟܝ,ܠܟܝ
,,ܛܘܢ̈ܒܝ,ܛܘܢܒܝ̈
,,ܩܢܦܐ܂ܐܝܟܢܐܕܢܗܘܘܢܐܪ̈ܝܟܐ,ܩܢܦܐ܂ܐܝܟܢܐܕܢܗܘܘܢܐܪ̈ܝܟܐ
ܬܪܝܢ,,ܬܪܝܢ,ܬܪܝܢ
ܚܘ̈ܛܐܕܟܬܢܐܐܘܪܟܐܕܝܠܗܘ̇ܢܐܠܦܐܡ̈ܝܢ܂,,ܐܠܦܝܢ,ܐܠܦܝܢ
,,ܐܡܝ̈ܢ܂,ܐܡܝܢ܂
ܘܦܩܘܕܝܠܢܓܪ̈ܐܕܢܥܒܕܘܢ,,ܘܦܩܘܕܝܠܢܓܪ̈ܐܕܢܥܒܕܘܢ,ܘܦܩܘܕܝܠܢܓܪ̈ܐܕܢܥܒܕܘܢ
ܓܠܘܣܩ̈ܡܐܬܪܝܢ܂,,ܬܪܝܢܓܠܘܣܩܡ̈ܐ,ܬܪܝܢܓܠܘܣܩܡ̈ܐ
,,ܪܘܪ̈ܒܐ܁,ܪܘܪ̈ܒܐ܂
ܘܗܒܝܢܒܘܠܚܠ,,ܘܗܒܝܢܒܘܠܚܠ,ܘܗܒܝܢܒܘܠܚܠ
ܘܛܒܫܠܝܡܠܡܝܢܩܢ̈ܝܬܐ,,ܘܕܫܠܝܡ,ܘܕܫܠܝܡ
,,*,
,,ܠܢܫ̈ܐ,ܠܢܫ̈ܐ
,,ܡܝܢܩ̈ܢܝܬܐ܂ܕܢܝ̈ܢܩܢ,ܡܝܢܩܢ̈ܝܬܐ܂
ܕܢܝܢ̈ܩܢ,,,ܕܢܝܢ̈ܩܢ
ܐܢܘܢ܂,,ܐܢܘܢ܂,ܐܢܘܢ܂
ܘܟܠܝܘܡܟܘܣܝ,,ܘܟܠܝܘܡ,ܘܟܠܝܘܡ
ܚܕ,,,
ܐܡܪܐ,,ܐܡܪܐ,ܐܡܪܐ
,,ܚܕ,ܚܕ
ܘܐܘܟܠܝܠܦܪ̈ܘܓܐܕܢܪܒܘܢ܂ܘܐܪܟܒܝܥܠܚܨܝ̈ܗܘܢܠܛܠܝ̈ܐ,,,
,,ܐܘܟܠܝܠܢܫܪ̈ܐܕܢܬܪܒܘܢ܂ܘܟܠܝܘܡܬܪܟܒܝ,ܐܘܟܠܝܠܢܫܪ̈ܐܕܢܬܪܒܘܢ܂ܘܟܠܝܘܡܬܪܟܒܝ
,,ܛ̈ܠܝܐ,ܛܠܝ̈ܐ
,,ܥܠܚܨ̈ܝܢܫܪ̈ܐ,ܥܠܚܨ̈ܝܢܫܪ̈ܐ
ܟܡܐ,,ܟܡܐ,ܟܡܐ
ܕܐܝܬܝܗܘܢ,,ܕܙܥܘܪ̈ܝܢ,ܕܙܥܘܪܝܢ
ܕܠܐܝܘܩܪܐ܂ܘܩܛܘܪܝ,,ܕܠܐܝܘܩܪܐ܂ܘܩܛܘܪܝ,ܕܠܐܝܘܩܪܐ܂ܘܩܛܘܪܝ
ܠܚܘ̈ܛܐܒܪ̈ܓܠܐܕܢܫܪ̈ܐܘܐܦܪܚܐܢܘܢ,,ܛܘܢܒ̈ܐ,ܛܘܢ̈ܒܐ
,,ܒܪ̈ܓܠܝܢܫܪ̈ܐ,ܒܪ̈ܓܠܝܢܫܪ̈ܐ
ܒܐܐܪ܂,,ܒܐܐܪ܂,ܒܐܐܪ܆
ܘܛܠܝ̈ܐ,,ܘܛ̈ܠܝܐ,ܘܛܠܝ̈ܐ
ܥܠܚܨܝ̈ܗܘܢܪܟܝܒܝܢ܂ܩܠܝܠܙܒܢܐܕܢܐܠܦܘܢܠܛܥܘܢܬܗܘ̇ܢ܂ܘܟܕܡܬܥܠܝܢܒܐܐܪ,,ܢܪܟܒܘܢܥܠܚܨܗܘܢܟܕ,ܢܪܟܒܘܢܥܠܚܨܗܘܢܟܕ
,,ܙܥܘܪ̈ܝܢ,ܙܥܘܪܝܢ
ܐܠܦܝ,,,
ܛܠܝ̈ܐ,,ܐܝܟܢܐܕܢܬܥܝܕܘܢ,ܐܝܟܢܐܕܢܬܥܝܕܘܢ
,,ܒܛܥܘܢܬܗܘܢ܂ܘܟܕܢܦܪܚܘܢ܂,ܒܛܥܘܢܬܗܘܢ܇ܘܟܕܢܦܪܚܘܢ܇ܐܠܦܛܠܝܐ̈
ܕܢܩܥܘܢ,,,
,,ܐܠܦܝ,
ܘܢܐܡܪܘܢܥܡܦܪ̈ܚܗܘܢܟܕܐܝܬܝܗܘܢܥܠܚܨ̈ܐܕܢܫܪܐܐܡܛܘ,,,
,,ܛܠ̈ܝܐ,
,,ܕܢܩܥܘܢ,ܕܢܩܥܘܢ
,,ܥܠܚܨܝ̈ܢܫܪ̈ܐܡܐܕܣܠܩܝܢܒܐܐܪܗܟܢܐ܂ܡܢܥܘ,ܥܠܚܨܝ̈ܢܫܪ̈ܐܡܐܕܣܠܩܝܢܒܐܐܪܗܟܢܐ܂ܡܢܥܘ
ܠܢܟܠܫܐ,,ܠܢܟܠܫܐ,ܠܢܟܠܫܐ
ܘܛܝܢܐܘܠܒܢ̈ܐܘܟܐ̈ܦܐܡܛܠܕܐܪܕ̈ܟܠܐ,,ܘܓܨܐ,ܘܓܨܐ
,,ܘܟ̈ܐܦܐ܂ܕܒܢ̈ܝܐ,ܘܟܐܦ̈ܐ܂ܕܒܢܝܐ̈
ܘܦܥ̈ܠܐ,,ܘܦܥ̈ܠܐ,ܘܦܥ̈ܠܐ
ܒܛܝܠܝܢܒܪܨܒܝܢܕܢܒܢܘܢܒܝܪܬܐܒܫܡܝܐܠܦܪܥܘܢܡܠܟܐ܂ܘܟܕܢܫ̈ܠܡܢܡܠ̈ܐܗܠܝܢ,,ܒܛܠܝܢ܂ܘܨܒܝܢܓܝܪܠܡܒܢܐܒܝܪܬܐܒܐܐܪ܂,ܒܛܠܝܢ܂ܘܨܒܝܢܓܝܪܠܡܒܢܐܒܝܪܬܐܒܐܐܪ܂
,,ܒܬܪܟܢܕܝܢܓܕܝ̈,ܒܬܪܟܢܕܝܢ
ܓܕܝ,,,ܓܕܝ
ܘܐܝܬܝ,,ܠܦܪ̈ܘܓܐ,ܠܦܪ̈ܘܓܐ
,,ܘܐܚܬ,ܘܐܚܬܝ
ܐܢܘܢ,,ܐܢܘܢ,ܐܢܘܢ
ܠܒܝܬܐܥܕܡܐܕܐܬܐ܂ܘܐܢ̄ܬܬܝ,,ܠܐܪܥܐܘܐܥܠܐܢܘܢܒܓܘ,ܠܐܪܥܐܘܐܥܠܐܢܘܢܒܓܘ
,,ܓܠܘܣܩܡ̈ܐ܂ܘܫܕܪܝ,ܓܠܘܣܩܡܐ܁ܘܫܕܪ
,,ܠܝܦܬܓܡܐܕܐܕܥܒܓܘܫܘܡܠܝܨܒܘܬܐܗܕܐ܂ܘܐܦ,ܠܝܦܬܓܡܐܕܐܕܥܒܓܘܫܘܡܠܝܨܒܘܬܐܗܕܐ܂ܘܐܦ
ܐܫܦܓܢܐ,,ܐܫܦܓܢܐ,ܐܫܦܓܢܐ
ܐܢ̄ܬܬܐܗ̄ܘܬ,,ܐܢ̄ܬܬܝܣܓܝ,ܐܢ̄ܬܬܝܣܓܝ
ܚܟܝܡܬܐ,,ܚܟܝܡܬܐ,ܚܟܝܡܬܐ
ܘܗܘܢܢܝܬܐܘܟܠܕܦܩܕܬܐܥܒܕܬ܂ܘܒܬܪܩܠܝܠܝܘ̈ܡܬܐ,,ܐܝܬܝܗܗ̄ܘܬ܂ܘܟܠܡܐܕܦܩܕܬܗܥܒܕܬܗܘܐܘܕܥܬܠܝ܂ܒܬܪܩܠܝܠܝܘܡܝ̈ܢܐܢܐܐܚܝܩܪ,ܐܝܬܝܗܗ̄ܘܬ܂ܘܟܠܡܐܕܦܩܕܬܗܥܒܕܬܗܘܐܘܕܥܬܠܝ܂ܒܬܪܩܠܝܠܝܘܡܝ̈ܢܐܢܐܐܚܝܩܪ
ܐܡܪܬܠܡܠܟܐ,,ܐܡܪܬܠܡܠܟܐ,ܐܡܪܬܠܡܠܟܐ
ܕܢܦܩܘܕܠܡܐܙܠܬܐ,,ܕܐܙܠ,ܕܐܙܠ
ܠܡܨܪܝܢ܂ܡܛܠ,,ܠܡܨܪܝܢ܂ܡܛܠ,ܠܡܨܪܝܢ܂ܡܛܠ
ܡܛܐ,,ܕܡܛܐ,ܕܡܛܐ
ܙܒܢܐ,,ܙܒܢܐ,ܙܒܢܐ
ܕܐܚܙܘܩ܂ܘܟܕ,,ܕܐܪܕܐܒܗ܂ܗܝܕܝܢ,ܕܐܪܕܐܒܗ܂ܗܝܕܝܢ
ܝܗ̄ܒ,,ܝܗܒܠܝ,ܝܗ̄ܒ
ܦܘܩܕܢܐ,,ܦܘܩܕܢܐ,ܦܘܩܕܢܐ
ܢܣܒܬ,,ܘܢܣܒܬ,ܘܢܣܒܬ
ܥܡܝ,,ܥܡܝ,ܥܡܝ
ܚܝܠܘ̈ܬܐܣܓ̈ܝܐܐܘܪܕܪܝܢܐܘܪܚܐܕܝܘܡܐ,,ܚܝܠܐܣܓܝ܂ܘܟܕܥܒܪܢܢܡܪܕܐܝܘܡܐ,ܚܝܠܐܣܓܝ܂ܘܟܕܥܒܪܢܢܡܪܕܐܝܘܡܐ
ܚܕ܂,,ܚܕ܂,ܚܕ܂
ܘܫܪܝܢܒܦܩܥܬܐܚܕܐܪܘܝܚܬܐ܂ܘܐܦܩܬܡ̣ܢܓܠܘܣܩ̈ܡܐܠܢܫܪܐܘܩܛܪܬܒܪ̈ܓܠܝܗܘ̇ܢܠܚܘ̈ܛܐܗܢܘܢ,,ܘܩܡܢܒܕܘܟܬܐܕܪܘܝܚܐ,ܘܩܡܢܒܕܘܟܬܐܕܪܘܝܚܐ
,,ܒܦܩ̈ܥܬܐ܂,ܒܦܩܥܬܐ܂
,,ܗܝܕܝܢܐܦܩܬܠܢܫܪ̈ܐܡ̣ܢ,ܗܝܕܝܢܐܦܩܬܠܢܫܪ̈ܐܡ̣ܢ
,,ܓܠܘܣܩ̈ܡܐ܂,ܓܠܘܣܩܡ̈ܐ܂
,,ܘܐܣܪܬܒܪ̈ܓܠܝܗܘܢܛܘܢ̈ܒܐ܁,ܘܐܣܪܬܒܪ̈ܓܠܝܗܘܢܛܘܢ̈ܒܐ܁
ܘܐܪܟܒܬ,,ܘܐܪܟܒ̣ܬܛ̈ܠܝܐ,ܘܐܪܟܒܬ
ܥܠܚܨܝ̈ܗܘܢܠܛܠܝ̈ܐ,,,ܛܠܝ̈ܐ
,,ܥܠܚܨܝ̈ܗܘܢ,ܥܠܚܨܝ̈ܗܘܢ
ܘܦܪܚܘ,,ܘܦܪܚܘ,ܘܦܪܚܘ
ܒܐܐܪ܂,,ܒܐܐܪ,ܒܐܐܪ
ܥܕܡܐܕܠܐܡܬܚܙܝܢ,,ܥܕܡܐܕܠܐܡܬܚܙܝܢ,ܥܕܡܐܕܠܐܡܬܚܙܝܢ
ܡ̣ܢܐ̄ܢܫ܂ܘܥܡܦܪܚܗܘܢܩܥܘ,,ܗ̄ܘ̣ܘ܂ܗ̇ܝܕܝܢ,ܗ̄ܘܘ܂ܗܝܕܝܢ
,,ܫܪܝܘܩܥܝܢ,ܫܪܝܘܩܥܝܢ
ܛܠܝ̈ܐ,,ܛ̈ܠܝܐ,ܛܠܝ̈ܐ
ܘܐܡܪܘܐܡܛܘܠܢܟܠܫܐܘܛܝܢܐܘܠܒܥ̈ܐܘܟܐ̈ܦܐܡܛܠܕܐܪܕܟ̈ܠܐ,,ܥܠܚܨܝ̈ܢܫܪ̈ܐܒܐܐܪ܂ܓܨܐܘܟܠܫܐܘܟܐܦ̈ܐ,ܥܠܚܨܝ̈ܢܫܪ̈ܐܒܐܐܪ܂ܓܨܐܘܟܠܫܐܘܟܐܦ̈ܐ
,,ܡܢ̣ܥܘܠܢ܂,ܡܢܥܘ܂
,,ܕܒܢܝ̈ܐ,ܕܒܢܝ̈ܐ
ܘܦܥ̈ܠܐܒܛܝܠܝܢ܂,,ܘܦܥ̈ܠܐܒܛܝܠܝܢ܂,ܘܦܥ̈ܠܐܒܛܝܠܝܢ܂
ܒܕܨܒܝܢܕܢܒܢܘ̇ܢܒܝܪܬܐܒܫܡܝܐܥܠܝ̈ܐ܂ܗܝܕܝܢܐܚܬܬ,,ܘܒܥܝܢܕܝܢܕܢܒܢܘܢܒܝܪܬܐܒܫܡܝܐܕܥܠܝ܂ܗܝܕܝܢܢܓܕܬ,ܘܒܥܝܢܕܝܢܕܢܒܢܘܢܒܝܪܬܐܒܫܡܝܐܕܥܠܝ܂ܗܝܕܝܢܢܓܕܬ
ܐܢܘܢ,,ܐܢܘܢ,ܐܢܘܢ
ܐܟܡܐܕܐܠܦܬܗ̄ܘܝܬܡ̣ܢܩܕܝܡܠܐܢ̄ܬܬܝ܂ܘܟܕ,,ܘܢܚܬܘ܂,ܘܢܚܬ܂
,,ܟܕ,ܟܕ
ܫܡܥܘܐܬܘܪ̈ܝܐ,,ܫܡܥܘܐܬܘܪ̈ܝܐ,ܫܡܥܘܐܬܘܪ̈ܝܐ
ܗܢܘܢܕܥܪܩܘܗ̄ܘ̤ܘ܂ܗܠܝܢܗܦܟܘܠܐܬܪ̈ܗܘܢܟܠܗܘܢ܀ܡܥܠܬܐ,,ܗܕܐܚܕܝܘܚܕܘܬܐ,ܗܕܐܚܕܝܘܚܕܘܬܐ
,,ܪܒܬܐ܀,ܪܒܬܐ܀܀܀
,,ܡܥܠܬܗ,ܡܥܠܬܗ
ܕܐܚܝܩܪ,,ܕܐܚܝܩܪ,ܕܐܚܝܩܪ
ܠܡܨܪܝܢܘܕܩܡ,,,
ܩܕܡ,,ܩܕܡ,ܩܕܡ
ܦܪܥܘܢ܀ܘܟܕܡܛܝܬܠܡܨܪܝܢ,,ܦܪܥܘܢܡܠܟܐ,ܦܪܥܘܢܡܠܟܐ
,,ܕܡܨܪܝܢ܀,ܕܡܨܪܝܢ
,,ܟܕܥܠܬܥܡ,ܟܕܥܠܬܥܡ
,,ܚܝ̈ܠܘܬܝ,ܚܝܠܘܬ̈ܝ
ܐܢܐ,,ܐܢܐ,ܐܢܐ
ܐܚܝܩܪ܂ܘܚܝܠܘ̈ܬܥܡܝ܂ܘܐܘܕܥܘܠܡܠܟܐܥܠܝܘܐܡܪܘܐܫܬܕܪܠܟܡ̣ܢܣܢܚܪܝܒ,,ܐܚܝܩܪܠܡܨܪܝܢ܂,ܐܚܝܩܪܠܡܨܪܝܢ܂
,,ܐܙܠܬ,ܐܙ̄ܠܬ
,,ܠܘܬܦܪܥܘܢܡܠܟܐܘܐܘܕܥܘܗܝ,ܠܘܬܦܪܥܘܢܡܠܟܐܘܐܘܕܥܘܗܝ
,,ܥܒܕܘ̈ܗܝ,ܥܒܕܘܗ̈ܝ
,,ܕܗܐ,ܕܗܐ
ܓܒܪܐ,,ܓܒܪܐ,ܓܒܪܐ
ܐܟܡܐܕܒܥܝܬ܂ܘܦܩܕܡܠܟܐܝܗ̄ܒܘܕܘܟܬܐܕܢܫܪܐܒܗ܂ܘܬܘܒܦܩܕܘܐܥܠܘܢܝܩܕܡܘܗܝ܂ܘܟܕܩܡܬܩܕܡܘܗܝܣܓܕܬܠܗܥܠܐܪܥܐܘܩܪܝܬܥܠܘܗܝܫܠܡܐ܂ܐܡܪ,,ܕܒܥܝܬܡ̣ܢܡܠܟܐܕܐܬܘܪܡܢܥ܂ܡܢܐܢܗܘܐܦܘܩܕܢܟ܂,ܕܒܥܝܬܡ̣ܢܡܠܟܐܕܐܬܘܪܡܢܥ܂ܡܢܐܢܗܘܐܦܘܩܕܢܟ܂
,,ܘܦܩ̣ܕ,ܘܦܩܕ
ܠܝ,,,
ܡܢ̣ܘ,,ܦܪܥܘܢܘܝܗ̄ܒܠܢܕܘܟܬܐ܂ܠܝ,ܦܪܥܘܢܘܝܗ̄ܒܠܢܕܘܟܬܐ܂ܠܝ
,,ܘܠܚܝ̈ܠܘܬܝ܂,ܘܠܚܝܠܘܬ̈ܝ܂
,,ܟܢܦܩܕܦܪܥܘܢ,ܟܢܦܩܕܦܪܥܘܢ
,,ܘܥܠܬ̣ܩܕܡ܏ܘ܆ܩܕܡܘܗܝ܆,ܘܥܠܬܩܕܡܘܗܝ܇
,,ܘܣܓܕܬܠܗ܂,ܘܣܓܕܬܠܗ܂
,,ܗ̇ܝܕܝܢܐܡ̣ܪ,ܗܝܕܝܢܐܡܪ
,,ܠܝ,
,,ܡܢܘ,ܡܢܘ
ܫܡܟ܂ܐܡܪܬ,,ܫܡܟ܂ܐܡܪܬ,ܫܡܟ܂ܐܡܪܬ
ܠܗܥܒܕܟܐܒܝܩܐܡܟܐܡܬ,,ܐܒܝܩܡܫܡܗܕܥܒܕܟܐܝܬܘܗܝ܂,ܐܒܝܩܡܫܡܗܕܥܒܕܟܐܝܬܘܗܝ܂
ܫܘܫܡܢܐܡ̣ܢ,,ܫܘܫܡܢܐܡ̣ܢ,ܫܘܫܡܢܐܡ̣ܢ
ܫܘܫܡܢ̈ܐܕܣܢܚܪܝܒ܂ܘܟܕܫܡܥܗܠܝܢܣܓܝܟܪܝܬܠܡܠܟܐܘܐܡ̣ܪܗܟܢܐܫܝܛܐܐܝܬܝܒܥܝܢܝ̈,,ܫܘܫܡܢܝ̈,ܫܘܫܡܢܝ̈
,,ܣܪܚܕܘܡ,ܣܪܚ܏ܕ܆ܣܪܚܕܘܡ܆
,,ܡܠܟܐܕܐܬܘܪ,ܡܠܟܐܕܐܬܘܪ
,,ܘܢܝ̈ܢܘܐ܂,ܘܢܝܢܘܐ܂
,,ܘܟܕܫܡܥܦܪܥܘܢܪܓܙܥܠܝܘܐܡܪ܂,ܘܟܕܫܡܥܦܪܥܘܢܪܓܙܥܠܝܘܐܡܪ܂
,,ܕܗܟ̣ܢ,ܕܗܟܢ
,,ܒܨܝܪܐ̄ܢܐܠܘܬ,ܒܨܝܪܐ̄ܢܐܠܘܬ
ܡܪܟ,,ܡܪܟ,ܡܪܟ
ܕܢܫܕܪ,,ܕܫܘܫܡܢܐ,ܕܫܘܫܡܢܐ
,,ܢܫܕܪ,ܫܕܪ
ܠܝ,,ܠܝ,ܠܝ
ܫܘܫܡܢܐ܂ܕܢܦܢܐܠܝܦܬܓܡܐܕܫ̈ܘܐܠܝ܂ܘܐܡܪ,,ܕܢܓܝܒܢܝ܂ܗܫܐ,ܕܢܓܝܒܢܝ܂ܗܫܐ
ܙܠ,,ܙܠ,ܙܠ
ܝܘܡܢܐܘ̇ܐܒܝܩܐܡܠܕܘܟܬܟܘܒܨܦܪܐܬܐܬܐ,,ܐܘܐܒܝܩܡ,ܐܘܐܒܝܩܡ
,,ܠܬܘܢܟ܂,ܠܬܘܢܟ܇
,,ܘܡܚܪܗܦܘܟ,ܘܡܚܪܗܦܘܟ
ܠܘܬܝ܂,,ܠܘܬܝ܂,ܠܘܬܝ܂
ܒܬܪܕܢܦܩܬܡܢܩܕܡܘܗܝ܂ܠܚܐܪ̈ܘܗܝܦܩܕܕܠܨܦܪܐܢܠܒܫܘܢܟܠܗܘܢܬܟܣܝܬܐܣܘܡܩܬܐܘܢܐܬܘܢܠܘܬܗ܂ܘܟܕܕܢܚܨܦܪܐ,,ܘܐܙܠܬ܂,ܘܐܙܠ̄ܬ
,,ܘܦܩܕܦܪܥܘܢ,ܘܦܩܕܦܪܥܘܢ
,,ܠܪ̈ܘܪܒܢܘܗܝ,ܠܪܘܪ̈ܒܢܘܗܝ
,,ܕܢܠܒܫܘܢܡܚܪܠܒܘܫܐܕܒܘܨܐ,ܕܢܠܒܫܘܢܡܚܪܠܒܘܫܐܕܒܘܨܐ
,,ܣܘܡܩܐ,
,,ܘܢܐܬܘܢܠܘܬܗ܂ܘܐܦܡܠܟܐ,ܘܢܐܬܘܢܠܘܬܗ܂ܘܐܦܡܠܟܐ
ܠܒܫ,,ܠܒܫ,ܠܒܫ
ܡܠܟܐܐܦܗܘ̤,,,
ܐܪܓܘܢܐ,,ܐܪܓܘܢܐ,ܐܪܓܘܢܐ
ܘܝܬܒܥܠܒܝܡܕܝܠܗ܂ܘܟܠܚܐܪ̈ܘܗܝܚܕܪ̈ܘܗܝܟܠܗܘܢ܂ܘܦܩܕܘܐܥܠܘܢܝܩܕܡܘܗܝ,,ܣܘܡܩܐܘܝܬܒܥܠܟܘܪܣܝܗ܂ܘܟܠܗܘܢܥܒܕܘ̈ܗܝ,ܣܘܡܩܐܘܝܬܒܥܠܟܘܪܣܝܗ܂ܘܟܠܗܘܢܥܒܕܘ̈ܗܝ
,,ܘܪܘܪ̈ܒ̣ܢܘܗܝ,ܘܪܘܪ̱̈ܒ̣ܢܘܗܝ
,,ܚܕܪ̈ܘܗܝ܂ܟܢܦܩܕܘܐܥܠܘܢܝܠܘܬܗ,ܚܕܪ̈ܘܗܝ܂ܟܢܦܩܕܘܐܥܠܘܢܝܠܘܬܗ
ܘܐܡܪܠܝܐܘ,,ܘܐܡܪܠܝܐܘ,ܘܐܡܪܠܝܐܘ
ܐܒܝܩܐܡܠܡ̇ܢܕܡܐܐ̄ܢܐܘܚܐܪ̈ܝܠܡܢ,,ܐܒܝܩܡ܂,ܐܒܝܩܡ܂
,,܀ܫܘ̈ܐܠܐ܀,
,,ܠܡܢܕܡܐܐ̄ܢܐܘܚܝ̈ܠܘܬܝܠܡܢܘ,ܠܡܢܕܡܐܐ̄ܢܐܘܚܝ̈ܠܘܬܝܠܡܢܘ
ܕܡܝܢ܂,,ܕܡܝܢ܂,ܕܡܝܢ܂
,,,܀ܫܘܐܠ̈ܐ܀܀ܐ܀
ܐܡܪܬܠܗ,,ܐܡܪܬܠܗ,ܐܡܪܬܠܗ
ܐܘܡܪܝ,,ܕܝܢܡܪܝ܂,ܕܝܢܡܪܝ܂
ܕܡܐܐܢ̄ܬܠܒܝܠܨܠܡܐ܂,,ܕܡܐܐܢ̄ܬܠܒܝܠܨܠܡܐ܂,ܕܡܐܐܢ̄ܬܠܒܝܠܨܠܡܐ܂
ܘܚܐܪ̈ܝܟ,,ܘܥܒܕ̈ܝܟ,ܘܥܒܕ̈ܝܟ
ܠܡܫܡܫܢܘ̈ܗܝ܂,,ܠܡܫܡܫܢ̈ܘܗܝ܂,ܠܡܫܡܫܢܘ̈ܗܝ܂
ܗܝܕܝܢܐܡܪܠܝܙܠ,,ܗܝܕܝܢܐܡܪܠܝܙܠ,ܗܝܕܝܢܐܡܪܠܝܙܠ
ܐܘ̇ܐܒܝܩܐܡܠܕܘܟܬܟ܂ܘܒܨܦܪܐܬܐܬܐܠܘܬܝ܂ܒܬܪܕܢܦܩܬܦܩܕ,,ܐܘܐܒܝܩܡ܂,ܐܘܐܒܝܩܡ܂
,,ܗܫܐ,ܗܫܐ܂
,,ܘܡܚܪܬܐ܂܀ܒ܀ܘܦܩܕܡܠܟܐ,ܘܡܚܪܬܐ܂܀ܒ܀ܘܦܩܕܡܠܟܐ
ܠܪܘܪ̈ܒܢܘܗܝܕܢܠܒܫܘܢ,,ܠܪ̈ܘܪܒܢܘܗܝܕܢܠܒܫܘܢܠܒܘܫ̈ܐ,ܠܪܘܪ̈ܒܢܘܗܝܕܢܠܒܫܘܢ
ܟ̇ܠܗܘܢܚܘܪ̈ܐܕܢܗܘܘܢܡ̣ܢܬܟܠܬܐ܆ܘܢܐܬܘܢܠܘܬܗ܂ܘܐܦܡܠܟܐܐܬܟܣܝ,,,ܠܒܘܫܐ
ܚܘܪ̈ܐܡ̣ܢܬܟܠܬܐ,,ܚܘܪ̈ܐܡ̣ܢܬܟܠܬܐ,ܚܘܪ̈ܐܡ̣ܢܬܟܠܬܐ
ܘܝܬܒܥܠܒܝܡܕܝܠܗܘܪܘܪ̈ܒܢܘ̈ܗܝܟܕܩܝܡܝܢܩܕܡܘܗܝ܂ܘܦܩܕܘܐܥܠܘܢܝܩܕܡܘܗܝܘܐܡ̣ܪܠܝܐܘܐܒܝܩܐܡܠܡܢܕܡܐܐ̄ܢܐܘܚܐܪ̈ܝܠܡܢܕܡܝܢ܂ܐܡܪܬܠܗܐܢ̄ܬܕܡܐܐܢ̄ܬܠܫܡܫܐܘܪܘܪ̈ܒ̣ܢܝܟܠܨܡܚܘܗܝ܂ܗܝܕܝܢܐܡܪܠܝܙܠܠܕ݂ܘܟܬܟܘܒܨܦܪܐܬܐܬܐܠܘܬܝ܂ܒܬܪܕܢܦܩܬܦܩܕܠܚܐܪ̈ܘܗܝܘܐܡܪܒܨܦܪܐܠܒܫܘܐܘܟܡܐܘܐܦܘܐ̈ܠܐܕܗܝܟ̈ܠܐܥܒܕܡܢܬܟܠܬܐܐܘܟܡܬܐ܂ܘܡܠܟܐܬܘ̣ܒ,,ܘܢܬܛܝܒܘܢܠܘܬܗ܂ܘܐܦܡܠܟܐ,ܘܢܬܛܝܒܘܢܠܘܬܗ܂ܘܐܦܡܠܟܐ
ܠܒܫ,,ܠܒܫ,ܠܒܫ
ܙܚܘܪܝܬܐ,,,
ܘܝܬܒܥܠ,,ܘܝܬܒܥܠ,ܘܝܬܒܥܠ
ܒܝܡ܂,,ܟܘܪܣܝܗ܁ܘܪ̈ܘܪܒܢ܏ܘ܆ܘܪ̈ܘܪܒܢܘܗܝ܆,ܟܘܪܣܝܗܘܪܘܪ̈ܒܢܘܗܝ
,,ܩܝܡܝܢ,ܩܝܡܝܢ
,,ܩܕܡ܏ܘ܆ܩܕܡܘܗܝ܆,
,,,ܩܕܡܘܗܝ
ܘܦܩܕܘܐܬܛܝܒܬ,,ܘܦܩܕܘܐܬܛܝܒܬ,ܘܦܩܕܘܐܬܛܝܒܬ
ܩܕܡܘܗܝ,,,
,,ܠܘܬܗ܂,ܠܘܬܗ܂
ܗܝܕܝܢܐܡܪܠܝܠܡܢܕܡܢܐܘܚܐܪ̈ܝܠܡܢܕܡܝܢ܆ܐܡܪܬܠܗܐܢ̄ܬܕܡܐܐܢ̄ܬܠܣܗܪܐܘܪܘܪ̈ܒܢܝܟܕܡܝܢܠܟܘ̈ܟܒܐ܂ܐܡܪܠܝܙܠܝܘܡܢܠܕܘܟܬܟܘܒܨܦܪܐܬܐܬܐ,,ܘܐܡ̣ܪ,ܘܐܡܪ
,,ܠܝܐܘܐܒܝܩܡ,ܠܝܐܘܐܒܝܩܡ
,,ܠܡ̇ܢ,ܠܡܢ
,,ܕܡܐܐ̄ܢܐܘܪܘܪ̈ܒܢܝܠܡܢܘܕܡܝܢ܂ܐܡ̇ܪܬܠܗܕܝܢ܂ܐܢ̄ܬܠܫܡܫܐ,ܕܡܐܐ̄ܢܐܘܪܘܪ̈ܒܢܝܠܡܢܘܕܡܝܢ܂ܐܡ̇ܪܬܠܗܕܝܢ܂ܐܢ̄ܬܠܫܡܫܐ
,,ܘܪܘܪ̈ܒܢܝܟ,ܘܪܘܪ̱̈ܒܢܝܟ
,,ܠܙܠܝܩ̈ܐ܂ܬܘܒܐܡܪܙܠܠܬܘܢܟܘܡܚܪ,ܠܙܠܝܩ̈ܐ܂ܬܘܒܐܡܪܙܠܠܬܘܢܟܘܡܚܪ
,,ܗܦܘܟ,ܗܦܘܟܝ
ܠܘܬܝ܂,,ܠܘܬܝ܂,ܠܘܬܝ܂
ܒܬܪܕܢܦܩܬܦܩܕܠܚܐܪ̈ܘܗܝܕܒܨܦܪܐܢܠܒܫܘܢܓܘ̈ܢܐܡܫܚܠܦ̈ܐܕܬܟܣ̈ܝܬܐ܂ܘܐܦܝ̈ܬܪ̈ܥܐܕܗܝܟ̈ܠܐܢܗܘܘܢܣܘܡܩܐ܂ܘܡܠܟܐܐܬܟܣܝܦܕܬܐܓܘܢܝܬܐܘܝܬܒܥܠܒܝܡ܂,,܀ܓ܀ܘܦܩܕ,܀ܓ܀ܘܦܩܕ
,,ܡܠܟ̇ܐܠܪ̈ܘܪܒܢܘܗܝ,ܡܠܟܐܠܪܘܪ̈ܒܢܘܗܝ
,,ܕܢܠܒܫܘܢܙܪܓܐܫܥܘܬܐܕܙܚܘܪܝܬܐ܁ܘܐܦܡܠܟܐܠܒܫ,ܕܢܠܒܫܘܢܙܪܓܐܫܥܘܬܐܕܙܚܘܪܝܬܐ܁ܘܐܦܡܠܟܐܠܒܫ
,,ܗܟ̣ܢܐ,ܗܟܢܐ
,,ܘܝܬܒܥܠ,ܘܝܬܒܥܠ
,,ܟܘܪܣܝܗ܁,ܟܘܪܣܝܗ܂
ܘܦܩܕܘܐܬܛܝܒܬ,,ܘܦܩܕܘܐܬܛܝܒܬ,ܘܦܩܕܘܐܬܛܝܒܬ
ܩܕܡܘܗܝ,,ܠܘܬܗ܂,ܠܘܬܗ܂
ܘܐܡܪ,,ܘܐܡ̣ܪ,ܘܐܡܪ
ܠܝ,,ܠܝ,ܠܝ
ܠܡܢܕܡܐܐ̄ܢܐܘܚܐܪ̈ܝܠܡ̣ܢ,,ܐܒܝܩܡܠܡ̇ܢܕܡܐ,ܐܒܝܩܡܠܡ̇ܢܕܡܐ
,,ܐܢܐ,ܐ̄ܢܐ
,,ܗܫܐ,ܗܫܐ
,,ܘܪܘܪ̈ܒܢܝ,ܘܪܘܪ̱̈ܒܢܝ
,,ܠܡܢܘ,ܠܡܢܘ
ܕܡܝܢ܂ܐܡܪܬܠܗܐܢ̄ܬ,,ܕܡܝܢ܂ܐܡܪܬܠܗܐܢ̄ܬ,ܕܡܝܢ܂ܐܡܪܬܠܗܐܢ̄ܬ
ܕܡܐܠܢܝܣܢܝܪܚܐܘܪܘܪ̈ܒܢܝܟܕܡܝܢܠܗܒܒܘ̈ܗܝܘܫܘܫܢ̈ܐܕܝܠܗ܂ܘܟܕ,,ܠܣܗܪܐ,ܠܣܗܪܐ
,,ܘܪܘܪ̈ܒܢܝܟܠܟܘܟ̈ܒܐ܂,ܘܪܘܪ̱̈ܒܢܝܟܠܟܘܟܒ̈ܐ܂
,,ܐܡܪܠܝܙܠܠܬܘܢܟܘܡܚܪܗܦܘܟ܂܀ܕ܀ܘܦܩܕܕܝܢ,ܐܡܪܠܝܙܠܠܬܘܢܟܘܡܚܪܗܦܘܟ܂܀ܕ܀ܘܦܩܕܕܝܢ
,,ܠܪܘܪ̈ܒܢܘܗܝܕܢܠܒܫܘܢܠܒܘܫ̈ܐ,ܠܪܘܪ̱̈ܒܢܘܗܝܕܢܠܒܫܘܢܠܒܘ̈ܫܐ
,,ܕܙܢܝ̈ܢ,ܕܙܢܝ̈ܢ
,,ܙܢܝ̈ܢ܂,ܙܢܝ̈ܢ܆
,,ܘܘܐܠܝ̈ܗܝܟܠܐ,ܘܘܐܠܝ̈ܗܝܟܠܐ
,,ܢܗܘ̈ܝܢ,ܢܗ̈ܘܝܢ
,,ܣܘܡܩ̈ܬܐ܂ܘܡܠܟܐܠܒܫܦܪܦܝܪܐܘܝܬܒܥܠܟܘܪܣܝܗ܂ܘܦܩܕܘܐܬܛܝܒܬܠܘܬܗ܂ܘܐܡܪܠܝܐܘܐܒܝܩܡ܂ܠܡܢܘܕܡܐ,ܣܘܡܩ̈ܬܐ܂ܘܡܠܟܐܠܒܫܦܪܦܝܪܐܘܝܬܒܥܠܟܘܪܣܝܗ܂ܘܦܩܕܘܐܬܛܝܒܬܠܘܬܗ܂ܘܐܡܪܠܝܐܘܐܒܝܩܡ܂ܠܡܢܘܕܡܐ
,,ܐܢܐܘܪܘܪ̈ܒ̣ܢܝ,ܐ̄ܢܐܘܪܘܪ̱̈ܒܢܝ
,,ܠܡܢܘ,ܠܡܢܘ
,,ܕܡ̈ܝܢ܂ܐܡܪܬܠܗܓܝܪܕܡܐܐ̄ܢܬ,ܕܡܝܢ܂ܐܡܪܬܠܗܕܝܢܕܡܐܐܢ̄ܬ
,,ܠܝܪܚܢܝܣܢ܂,ܠܝܪܚܢܝܣܢ܂
,,ܘܪܘܪ̈ܒ̣ܢܝܟ,ܘܪܘܪ̱̈ܒܢܝܟ
,,ܠܗܒܒܘ̈ܗܝ܂܀ܗ܀ܟܕ,ܠܗܒܒܘ̈ܗܝ܂܀ܗ܀ܟܕ
ܫܡܥ,,ܫܡܥ,ܫܡܥ
ܗܠܝܢܚܕܝܛܒ,,ܕܝܢܡܠܟܐܪܘܙܒܚܕܘܬܐ,ܕܝܢܡܠܟܐܪܘܙܒܚܕܘܬܐ
ܘܐܡܪ,,ܘܐܡܪ,ܘܐܡܪ
,,ܠܝ܂,ܠܝ܇
ܐܘ,,ܐܘ,ܐܘ
ܐܒܝܩܐܡ,,ܐܒܝܩܡ,ܐܒܝܩܡ
,,,ܙܒܢܬܐ
ܙܒܢ̄ܬܐ,,ܙܒܢ̄ܬܐ,ܙܒܢ̄ܬܐ
ܩܕܡܝܬܐܕܡܝܬܢܝܠܒܝܠ܂ܘܚܐܪ̈ܝܠܡܫܡ̈ܫܢܘܗܝ܂ܘܕܬܪܬܝܢܒܫܡܫܐܘܪܘܪ̈ܒܢܝܒܨܡܚܘ̈ܗܝ܂ܘܕܬܠܬܒܣܗܪܐܘܚܐܪ̈ܝܒܟܘܟܒܘ̈ܗܝ܂ܘܕܪܒܥܒܢܝܣܢܝܪܚܐܘܪܘܪ̈ܒܢܝܒܗܒܒܘ̈ܗܝ܂ܒܪܡܐܡܪܠܝܣܢܚܪܝܒ,,ܗܕܐܐܡܪܐ̄ܢܐܠܟ܂ܐܢܗܘܕܡܣܬܟܠܐܢ̄ܬܟܠܡܐܕܦܚܡܬܢܝ܂,ܗܕܐܐܡܪܐ̄ܢܐܠܟ܂ܐܢܗܘܕܡܣܬܟܠܐܢ̄ܬܟܠܡܐܕܦܚܡܬܢܝ܂
ܡܪܟ,,ܡܪܟ,ܡܪܟ
ܠܡ̣̇ܢܕܡܐܘܚܐܪ̈ܘܗܝܠܡܢ,,ܡܠܟܐܣܪܚܕܘܡܠܡܢܘܕܡ̇ܐ܂ܘܪܘܪ̈ܒܢܘܗܝܠܡ̇ܢ,ܡܠܟܐܣܪܚܕܘܡܠܡܢܘܕܡ̇ܐ܂ܘܪܘܪ̈ܒܢܘܗܝܠܡ̇ܢ
ܕܡܝܢ܂ܗܝܕܝܢ,,ܕܡܝܢ܂ܗܝܕܝܢ,ܕܡܝܢ܂ܗܝܕܝܢ
ܩܥܝܬܘܐܡܪܬ,,ܐܡܪܬ,ܐܡܪܬ
,,ܠܗ܂,ܠܗ܇
ܚܣܠܝ,,ܚܣܠܝ,ܚܣܠܝ
ܕܐܬܕܟܪܫܡܡܪܝܡܠܟܐܟܕ,,ܕܐܥܗܕܫܡܐܕܡܪܝܡܠܟܐ,ܕܐܥܗܕܫܡܐܕܡܪܝܡܠܟܐ
,,ܘܐܢ̄ܬ̇,ܘܐܢ̄ܬ
,,ܕܝܢ,ܕܝܢ
ܝܬܝܒ,,ܝܬܝܒ,ܝܬܝܒ
ܐܢ̄ܬ,,,
ܥܠ,,ܥܠ,ܥܠ
ܒܝܡ܂ܐܠܐ,,ܟܘܪܣܝ̈ܟ܂,ܟܘܪܣܝܟ܂
,,ܒܪܡ,ܒܪܡ
ܩܘܡ,,,
ܥܠܪ̈ܓܠܝܟ,,ܥܠܪ̈ܓܠܝܟ,ܥܠܪ̈ܓܠܝܟ
,,ܩܘܡ,ܩܘܡ
ܘܐܢܐܐܡܪܠܟܠܡܢ,,,
,,ܘܐܡܪܢܐ,ܘܐܡܪܐ̄ܢܐ
,,ܠܟܠܡܢ̣ܘ,ܠܟܠܡܢ̣ܘ
ܕܡܐܡܪܝ,,ܕܡܐܡܪܝ,ܕܡܐܡܪܝ
ܡܠܟܐ܂ܗܝܕܝܢܩܡܡܠܟܐܡ̣ܢܒܝܡܥܠܪ̈ܓܠܘܗܝ܂ܘܐܡܪܬܠܗܡܪܝܡܠܟܐ,,ܡܠܟܐ,ܡܠܟܐ
,,ܕܐܬܘܪ܁,ܕܐܬܘܪ܂
,,ܗܝܕܝܢܦܪܥܘܢܩܡܡ̣ܢܟܘܪܣܝܗ܂ܘܟܢܐܡܪܬ,ܗܝܕܝܢܦܪܥܘܢܩܡܡ̣ܢܟܘܪܣܝܗ܂ܘܟܢܐܡܪܬ
,,ܠܗ܂,ܠܗ܇
,,ܡܪܝܣܪܚܕܘܡ,ܡܪܝܣܪܚܕܘܡ
ܕܡܐܠܫܘܠܛܢܐܕܪܘܚܐ܂,,ܕܡܐܠܫܘܠܛܢܐܕܪܘܚܐ܂,ܕܡܐܠܫܘܠܛܢܐܕܪܘܚܐ܂
ܘܚܐܪ̈ܘܗܝܠܒܪ̈ܩܐܘܠܕ̈ܥܡܐ܂ܐܢ,,ܘܪܘܪ̈ܒܢܘܗܝܠܒܪ̈ܩܐ܂ܟܕܕܝܢ,ܘܪܘܪ̈ܒܢܘܗܝܠܒܪ̈ܩܐ܂ܟܕܕܝܢ
ܨܒܐ,,ܨܒܐ,ܨܒܐ
ܕܢܡܚܘܢܪ̈ܘܚܐܘܢܚܘܬܡܛܪܐ܂ܘܬܘܒܐܢܢܦܩܘܕܕܢܖܥܡܘܢ,,ܢܫܒܐܪܘܚܐܘܢܚܬܡܛܪܐܘܓܒܠܛܝܢܐ܂ܘܦܩܕܬܘܒܥܠ,ܢܫܒܐܪܘܚܐܘܢܚܬܡܛܪܐܘܓܒܠܛܝܢܐ܂ܘܦܩܕܬܘܒܥܠ
ܪ̈ܥܡܐ,,ܪ̈ܥܡܐ,ܪ̈ܥܡܐ
,,ܪܥܡܝܢ,ܪܥܡܝܢ
ܘܒܪ̈ܩܐ,,ܘܒܪ̈ܩܐ,ܘܒܪ̈ܩܐ
ܢܒܪܩܘܢܟܠܐ,,ܒܪ̈ܩܝܢ,ܒܪܩܝܢ
,,ܘܣܚܦܠܒܝܠܨܠܡܐ,ܘܣܚܦܠܒܝܠܨܠܡܐ
,,ܘܠܡܫܡܫܢ̈ܘܗܝ,ܘܠܡܫܡܫܢܘ̈ܗܝ
,,ܡܒܕܪ܂ܘܡܥܘܟ,ܡܒܕܪ܂ܘܡܥܘܟ
ܠܫܡܫܐܕܠܐ,,ܠܫܡܫܐܕܠܐ,ܠܫܡܫܐܕܠܐ
ܢܕܢܚ܂ܘܨܡ̈ܚܘܗܝ,,ܢܢܗܪܘܙܠܝܩܘ̈ܗܝ,ܢܢܗܪܘܙܠܝܩܘ̈ܗܝ
ܕܠܐ,,ܕܠܐ,ܕܠܐ
ܢܨܡܚܘܢ܂ܘܒܩܫܝܘܬܚܐܦܐܕܪ̈ܘܚܐܬܒܪܠܒܝܠܨܠܡܐܘܪܘܪ̈ܒܢܘ̈ܗܝܠܐܡܨܝܢܩܝܡܝܢܩܕܡܘܗܝ܂ܘܙܓܪ,,ܢܬܚܙܘܢ܂ܘܡܩܝܡ,ܢܬܚܙܘܢ܂ܘܡܩܝܡ
ܠܣܗܪܐ,,ܠܣܗܪܐ,ܠܣܗܪܐ
ܘܠܟܘܟܒ̈ܐ,,,
ܕܠܐ,,ܕܠܐ,ܕܠܐ
ܢܢܗܪܘܢ܂ܘܬܘܒܐܢܨܒܐ,,ܢܕܢܚܥܡܟܘܟܒ̈ܐ܂,ܢܕܢܚܥܡܟܘܟܒ̈ܐ܂
ܘܦܩܕܠܦܢܝܬܐ,,ܘܦܩܕܠܦܢܝܬܐ,ܘܦܩܕܠܦܢܝܬܐ
ܕܬܝܡܢܐܘܢܡܚܘܢ,,ܓܪܒܝܝܬܐܘܝܗܒܐ,ܓܪܒܝܝܬܐܘܝܗܒܐ
ܪ̈ܘܚܐ,,ܪ̈ܘܚܐ,ܪ̈ܘܚܐ
ܘܢܐܬܐ,,ܘܪ̈ܥܡܐ܂ܘܡܬܡܛܪ,ܘܪ̈ܥܡܐ܂ܘܡܬܡܛܪ
ܡܛܪܐܘܒܪܕܐ܂,,ܡܛܪܐܘܒܪܕܐ܂,ܡܛܪܐܘܒܪܕܐ܂
ܚܒܛܝܢܠܝܪܚܐܢܝܣܢܘܡܬܪܝܢܗܒܒܘ̈ܗܝܘܫܘܫܢܘ̈ܗܝ܂ܘܟܕܫܡܥܦܪܥܘܢ,,ܘܡܬܚܒܛܝܢܘܢܬܪܝܢܦܩܚܘ̈ܗܝܘܗܒܒܘ̈ܗܝܟܠܗܘܢܕܢܝܣܢ,ܘܡܬܚܒܛܝܢܘܢܬܪܝܢܦܩܚܘ̈ܗܝܘܗܒܒܘ̈ܗܝܟܠܗܘܢܕܢܝܣܢ
,,ܝܪ̈ܚܐ܂,ܝܪܚܐ܂
,,ܗܝܕܝܢܟܕܫܡܥܦܪܥܘܢܡܠܟܐ,ܗܝܕܝܢܟܕܫܡܥܦܪܥܘܢܡܠܟܐ
ܗܠܝܢ,,ܗܠܝܢ,ܗܠܝܢ
ܐܬ݁ܕܡܪ,,ܬܘܗܬܘܗܬܐܪܒܬܐ,ܬܘܗܬܘܗܬܐܪܒܬܐ
ܘܪܓܙ,,ܘܪܓܙ,ܘܪܓܙ
ܛܒܘܬܘܗܘܐܡܪ,,ܘܐܡܪ܂ܐܡܪܠܝ,ܘܐܡܪ܂ܐܡܪܠܝ
ܒܫܪܪܐ,,ܒܫܪܪܐ,ܒܫܪܪܐ
ܐܡܪܠܝܐܘܓܒܪܐ,,,
ܡܢܘ,,ܡܢܘ,ܡܢܘ
ܫܡܟ܂,,ܫܡܟ܂,ܫܡܟ܇
,,ܐܘܓܒܪܐ܂,ܐܘܓܒܪܐ܂
ܗܝܕܝܢ,,ܗ̇ܝܕܝܢ,ܗܝܕܝܢ
ܐܡܪܬ,,ܐܡܪܬ,ܐܡܪܬ
ܠܗ,,,
ܐܢܐ,,ܐܢܐ,ܐܢܐ
ܗ̄ܘܐܚܝܩܪ܂ܗܘܕܢܛܪܐ̄ܪ̈ܙܐܕܣܢܚܪܝܒܡܠܟܐ܂ܐܡܪܠܝܦܪܥܘܢ,,ܐ̄ܢܐܐܚܝܩܪܣܦܪܐ܂ܟܢܐܡܪܠܝܡܠܟܐ,ܐ̄ܢܐܐܚܝܩܪܣܦܪܐ܂ܟܢܐܡܪܠܝܡܠܟܐ
ܚܢܢ,,ܚܢܢ,ܚܢܢ
ܫܡܥܢ,,ܫܡܥܢܢ,ܫܡܥܢܢ
ܕܐܚܝܩܪ,,ܕܐܚܝܩܪ,ܕܐܚܝܩܪ
ܐܬܩܛܠܘܗܐܐܢ̄ܬܒܚܝ̈ܐܐܝܬܝܟ܂ܦܢܝܬܠܗ,,ܐܬܩܛܠ܂,ܐܬܩܛܠ܇
,,ܐܝܟܢܐܗ̄ܝ̣,ܐܝܟܢܐܗ̄ܝ̣
,,ܗܕ̣ܐ܂,ܗܕܐ܂
,,ܬܘܒܐܡܪܬ,ܬܘܒܐܡܪܬ
ܛܝܒܘ,,ܛܝܒܘܬܐ,ܛܝܒܘ
ܠܐܠܗܐ,,ܠܐܠܗܐ,ܠܐܠܗܐ
ܡܪܚܡܢܐ܂ܕܦܨܝܢܝ,,ܡܪܚܡܢܐܕܦܨܢܝ,ܡܪܚܡܢܐܕܦܨܢܝ
ܡ̣ܢܢܟܠܐ,,ܡ̣ܢܢܟܠܐ,ܡ̣ܢܢܟܠܐ
ܕܒܝ̈ܫܐܕܛܠܡܘܢܝ܂ܘܟܕܒܘܩܕܡܡܠܟܐ,,ܘܛܠܘܡܝܐܕܐ̄ܢ̈ܫܐܒܝܫ̈ܐ,ܘܛܠܘܡܝܐܕܐ̄ܢ̈ܫܐܒܝܫ̈ܐ
,,ܘܢܟ̈ܝܠܐ܂,ܘܢܟ̈ܝܠܐ
,,ܟܕܒܘܓܝܪ,ܟܕܒܘܓܝܪ
ܥܠܝ,,ܥܠܝ,ܥܠܝ
,,ܩܕܡܡܪܝ,ܩܕܡܡܪܝ
,,ܡܠܟܐ܂,ܡܠܟܐ܇
ܘܦܩܕ,,ܘܦܩܕ,ܘܦܩܕ
ܗ̄ܘ̣ܐ,,,ܒܩܛ̱ܠܝ܂
,,ܒܩܛܠܝ܂,
ܒܩܛܠܝ܂,,,
,,ܘܡܪܝܦܨܢܝܡ̣ܢܩܛܠܐ܂ܘܛܘ̣ܒܘܗܝܠܡܢܕܢܬܬܟܠ,ܘܡܪܝܦܨܢܝܡ̣ܢܩܛܠܐ܂ܘܛܘ̣ܒܘܗܝܠܡܢܕܢܬܬܟܠ
ܘܛܘܒܠܟܠܕܢܣܝܡܬܘܟܠܢܗܥܠܐܠܗܐ܂ܦܢܝܦܪܥܘܢܘܐܡܪ,,ܥܠܘܗܝ܂,ܥܠܘܗܝ܂
,,ܘܥܢܐܗܟܝܠܡܠܟܐܦܪܥܘܢܘܐܡܪܠܝ,ܘܥܢܐܗܟܝܠܡܠܟܐܦܪܥܘܢܘܐܡܪܠܝ
ܙܠ,,ܙܠ,ܙܠ
ܝܘܡܢ,,,
ܐܘܐܚܝܩܪ,,ܐܘܐܚܝܩܪ,ܐܘܐܚܝܩܪ
ܠܕܘܟܬܟ܂,,ܠܬܘܢܟ܂,ܠܬܘܢܟ܂
ܘܡܚܪ,,ܘܡܚܪ,ܘܡܚܪ
ܬܐܬܐ,,ܗܦܘܟ,ܗܦܘܟܝ
ܠܘܬܝ,,ܠܘܬܝ,ܠܘܬܝ
ܘܬܐܡܪܠܢ,,ܘܐܡܪܠܝ,ܘܐܡܪܠܝ
ܡܠܬܐܕܠܐܫܡܥܬܗ̇,,ܡܠܬܐܕܠܐܫܡܥܬܗ̇,ܡܠܬܐܕܠܐܫܡܥܬܗ̇
ܐܢܐܘܐܦܠܐ,,ܘܠܐܣܟܐܫܬܡܥܬܡ̣ܢ,ܘܠܐܣܟܐܫܬܡܥܬܡ̣ܢ
ܪܘܪ̈ܒܢܝ,,ܪܘܪ̈ܒ̣ܢܝ,ܪܘܪ̈ܒܢܝ
ܘܐܦܠܐܒܟܠܗܐܘܚܕܢܗ̇ܕܡܨܪܝܢܐܫܬܡܥܬ܂ܗܝܕܝܢܐܙܠ̄ܬܠܡܫܪܝܬܝܘܪܢܝܬܐܪܐܐܝܕܐ,,ܡܨܪ̈ܝܐ܂ܘܐܙܠܬ,ܡܨܪ̈ܝܐ܂ܘܐܙܠܬ
,,ܠܝ,
,,ܠܬܘܢܝܘܐܬܪܥܝܬܒܢܦܫܝܕܐܝܕܐ,ܠܬܘܢܝܘܐܬܪܥܝܬܒܢܦܫܝܕܐܝܕܐ
ܡܠܬܐ,,ܡܠܬܐ,ܡܠܬܐ
ܐܡܪܕܠܐ,,ܠܐ,ܠܐ
ܫܡܥܘܗ̇,,ܫܡܥܘܗ̇,
ܠܓܡܪ܂,,ܠܓܡܪ܂,ܠܓܡܪ܂
ܡܛܠܬܗ̇,,ܗ̇ܝܕܝܢ,ܗܝܕܝܢ
ܢܣܒܬ,,ܢܣܒܬ,ܢܣܒܬ
ܩܪܛܝܣܐܘܟܬܒܬ,,ܐܢܐܐܚܝܩܪܐܓܪܬܐܘܟܬܒܬ܂,ܐܢܐܐܚܝܩܪܐܓܪܬܐܘܟܬܒܬ܂
ܗܟܢ܂,,ܗܟ̣ܢ܂ܡ̣ܢ,ܗܟܢ܂
ܡ̣ܢ,,,ܡܢ
ܦܪܥܘܢܡܠܟܐܕܡܨܪܝܢ,,ܦܪܥܘܢܡܠܟܐܕܡܨܪܝܢ,ܦܪܥܘܢܡܠܟܐܕܡܨܪܝܢ
ܠܣܢܚܪܝܒ,,ܠܣܪܚܕܘܡ,ܠܣܪܚܕܘܡ
ܡܠܟܐܕܐܬܘܪ,,ܡܠܟܐܕܐܬܘܪ,ܡܠܟܐܕܐܬܘܪ
ܘܢܝܢܘܐ,,ܘܢܝܢ̈ܘܐ,ܘܢܝܢܘܐ
ܫܠܡ̈ܐܘܐܝܩܪ̈ܐܬܗܘܐܝܕܥ,,ܫܠܡܐ܂ܕܥ,ܫܠܡܐ܂ܕܥ
ܐܘܐܚܝ,,ܐܘܐܚܝ,ܐܘܐܚܝ
ܕܐܚ̈ܐܡܣܬܢܩܝܢܥܠܐܚܝ̈ܗܘܢ܂,,ܚܒܝܒܐܕܣܢܩܝܢܐܚ̈ܐܠܐܚ̈ܐ,ܚܒܝܒܐܕܣܢܩܝܢܐܚ̈ܐܠܐܚ̈ܐ
ܘܡܠܟ̈ܐ,,ܘܡ̈ܠܟܐܠܡ̈ܠܟܐ܂,ܘܡܠܟ̈ܐ
ܥܠܡܠܟ̈ܐܪ̈ܚܡܝܗܘܢ܂ܘܗܫܐܒܙܒܢܐܗܢܐܗܘ̤ܐܣܘܢܩܐܥܠܢܦܩ̈ܬܐ܂ܘܒܝܬܓܙܝ̈ܐܣܬܦܩܢܢܘܡܙܘܢܐܐܬܒܨܪܠܚܝ̈ܠܘܬܝ܂,,,ܠܡܠܟ̈ܐ܂
,,ܘܗܐܗܟܝܠܒܗܢܐܙܒܢܐܚܣܝܪ,ܘܗܐܗܟܝܠܒܗܢܐܙܒܢܐܚܣܝܪ
,,ܢܦܩ̈ܬܐ,ܢܦ̈ܩܬܐ
,,ܐ̄ܢܐ܂,ܐ̄ܢܐ܂
,,ܘܓܙ̈ܝܘܣܝ̈ܡܬܟ,ܘܓܙܝ̈ܘܣܝܡܬ̈ܝ܂
,,ܓܡܪܘ܂,ܓܡܪܘ܂
ܒܥܐܐ̄ܢܐ,,ܒܥܢܐ,ܒܥܐܐ̄ܢܐ
ܡ̣ܢܐܚܘܬܟ,,ܡ̣ܢܐܚܘܬܟ,ܡ̣ܢܐܚܘܬܟ
ܕܬܬܩܘܠ,,ܕܬܘܙܦ,ܕܬܘܙܦ
ܠܝ,,ܠܝ,ܠܝ
ܬܫܥܡܐܐܟܟܪ̈ܝܢ,,ܬܫܥܡܐܐܟܟܪ̈ܐ,ܬܫܥܡܐܐܟܟܪ̈ܐ
ܕܗܒܐ܂,,ܕܗܒܐ܂,ܕܕܗܒܐ܂
ܘܒܬܪܙܒܢܐܡܕܡ,,ܘܒܬܪܩܠܝܠܙܒܢܐ,ܘܒܬܪܩܠܝܠܙܒܢܐ
ܡܗܦܟܐ̄ܢܐܠܟ,,ܡܗܦܟܐ̄ܢܐܠܟ,ܡܗܦܟܐ̄ܢܐܠܟ
ܐܝܙܦܬܟܗܕܐ܂ܘܥܦܝܬܠܐܓܪܬܐܘܒܨܦܪܐܐܬ̇ܛܝܒܬܩܕܡܘܗܝܕܦܪܥܘܢ܂ܘܦܩܕ,,ܕܗܒܟܕܠܐܬܘܚܪܬܐ܂ܘܟܪܟܬܐܓܪܬܐ,ܕܗܒܟܕܠܐܬܘܚܪܬܐ܂ܘܟܪܟܬܐܓܪܬܐ
,,ܘܐܙܠܬ,ܘܐܙܠ̄ܬ
,,ܠܘܬܦܪܥܘܢܡܠܟܐ܂ܟܢܐܡܪܠܝܐܘܐܚܝܩܪܐܝܬܝܬ,ܠܘܬܦܪܥܘܢܡܠܟܐ܂ܟܢܐܡܪܠܝܐܘܐܚܝܩܪܐܝܬܝܬ
ܠܝ,,ܠܝ,ܠܝ
ܕܐܡܪ,,ܦܘܢܝ,ܦܘܢܝ
ܡܠܬܐ,,ܡܠܬܐ,ܡܠܬܐ
ܕܫܐܠܗ̄ܘ̣ܐ܂ܗܝܕܝܢܐܦܩܬܐܓܪܬܐܘܝܗ̄ܒ̣ܬܗ̇ܠܗܘܟܕܩܪܐܘܗ̇ܬܘܗܘܘܐܬܕܡܪܘܟܠܗܘܢ,,ܕܐܓܪܬܟ܂ܗܝܕܝܢܐܡܪܬܐܝܢܡܪܝ܂ܘܐܦܩܬܠܐܓܪܬܐܘܐܫܠܡܬܗ̇ܒܐܝܕܘ̈ܗܝ܂ܘܟܕܕܝܢ,ܕܐܓܪܬܟ܂ܗܝܕܝܢܐܡܪܬܐܝܢܡܪܝ܂ܘܐܦܩܬܠܐܓܪܬܐܘܐܫܠܡܬܗ̇ܒܐܝܕܘ̈ܗܝ܂ܘܟܕܕܝܢ
,,ܩܪܗ̇,ܩܪܗ
,,ܩܕܡܪܘܪ̈ܒܢܘܗܝܬܡܗܘܘܐܬܕܡܪܘ܂,ܩܕܡܪܘܪ̈ܒܢܘܗܝܬܡܗܘܘܐܬܕܡܪܘ܂
ܘܐܡܪܘ,,ܘܐܡܪܘ,ܘܐܡܪܘ
ܒܫܪܪܐ,,ܕܫܪܝܪܐܝܬ,ܕܫܪܝܪܐܝܬ
ܠܐ,,ܠܐ,ܠܐ
,,ܣܟ,ܣܟ
ܐܫܬܡܥܬܕܐܝܟܗܕܐܡܠܬܐ,,ܐܫܬܡܥܬܕܐܝܟܗܕܐܡܠܬܐ,ܐܫܬܡܥܬܕܐܝܟܗܕܐܡܠܬܐ
ܒܟܠܗܐܘܚܕܢܗ̇ܕܡܨܪܝܢ܂ܗܕܝܢܐܡܪܬܐܫܬܪܪܬܠܐܬܘܪܐܝܙܦܬܐܥܠ,,ܒܡܨܪܝܢ܂ܗܝܕܝܢܐܡܪܬܠܗܘܢܕܚܝ̈ܒ݂ܐܡܕܝܢ,ܒܡܨܪܝܢ܂ܗܝܕܝܢܐܡܪܬܠܗܘܢܕܚܝ̈ܒ݂ܐܡܕܝܢ
ܡܨܪܝܢ,,ܡܨܪܝܢ,ܡܨܪܝܢ
ܘܠܐܠܟܘܢܠܡܦܪܥ܂ܘܟܕܫܡܥܘ,,ܚܘܒܬܐ,ܚܘܒܬܐ
ܗܕܐ,,ܗܕܐ,ܗܕܐ
ܐܬܕܡܪܘܛܒ܂ܘܐܫܬܪܪܬ̤,,ܕܬܦܪܘܥܝܠܐܬܘܪ,ܕܬܦܪܘܥܝܠܐܬܘܪ
,,ܘܢܝܢܘ̈ܐ܂,ܘܢܝܢܘܐ܂
,,ܟܢ,ܟܢ
,,ܩܒܠܘ,ܩܒܠ
ܥܠܝܗܘܢ,,ܥܠܝܗܘܢ,ܥܠܝܗܘܢ
ܐܝܙܦܬܐ,,ܡܨܪ̈ܝܐܕܢܬܠܘܢܚܘܒܬܐ,ܡܨܪ̈ܝܐܕܢܬܠܘܢܚܘܒܬܐ
ܥܗܝܕܬܐ܂,,ܥܗܝܕܬܐ܂,܏ܥ܆ܥܗܝܕܬܐ܆
ܘܐܦܗܢܘܢܩܒܠܘܒܨܒܝܢܗܘܢ܂ܗܝܕܝܢܐܡܪܦܪܥܘܢܒܥܢ̈ܐ,,ܬܘܒܕܝܢܐܡܪܠܝܦܪܥܘܢܡܠܟܐܐܘܐܚܝܩܪ܂ܒܥܐܐ̄ܢܐ,ܬܘܒܕܝܢܐܡܪܠܝܦܪܥܘܢܡܠܟܐܐܘܐܚܝܩܪ܂ܒܥܐܐ̄ܢܐ
ܡܢܟܕܬܒܢܐܠܝܒܝܪܬܐ,,ܡܢܟܕܬܒܢܐܠܝܒܝܪܬܐ,ܡܢܟܕܬܒܢܐܠܝܒܝܪܬܐ
ܕܡܝܪܬܐ,,,
ܒܝܬܫܡܝܐ,,ܒܝܬܫܡܝܐ,ܒܝܬܫܡܝܐ
ܠܐܪܥܐܕܒܗܐܕܝܪܟܠܗܘܢܝܘܡܬ̈ܝ܂ܘܪܘܡܗ̇ܢܗܘܐܐܠܦܐܡܝ̈ܢ܂ܦܢܝܬܠܗܦܘܩܕܢܟܢܗܘܐܐܢܐܐܒ̣ܢܐܠܟܐܝܟܕܨܒܝܬ܂,,ܠܐܪܥܐ܂,ܠܐܪܥܐ܂
,,ܘܢܗܘ̤ܐ,ܘܢܗܘܐ
ܒܪܡ,,,
ܚܕܐܐܡܪܐܘܡܪܝܡܠܟܐܒܢܝ̈ܐܘܐܪ̈ܕܟܠܐܡ̣ܢܕܝܠܝܢܗܘܘܢ܂ܐܠܐܟܠܫܐܘܛܝܢܐܘܠܒ̈ܢܐܘܟܐ̈ܦܐܡܢܟܘܢ܂ܦܢܝܦܪܥܘܢܗܟܢܐܢܗܘܐ܂ܘܠܒܬܪܗܕܝܘܡܐ,,ܪܘܡܗ̇ܬܪܝܢܐܠܦܝ̈ܢܐܡܝ̈ܢܒܫܘܝܘܬܐ܂,ܪܘܡܗ̇ܬܪܝܢܐܠܦܝ̈ܢܐܡܝ̈ܢܒܫܘܝܘܬܐ܂
,,ܘܥܢܬ,ܘܥܢܝܬ
,,ܘܐܡܪܬܒܢܐܐ̄ܢܐܠܟܡܪܝܒܝܪܬܐܐܟܡܐܕܦܩܕܬܢܝ܂,ܘܐܡܪܬܒܢܐܐ̄ܢܐܠܟܡܪܝܒܝܪܬܐܐܟܡܐܕܦܩܕܬܢܝ܂
,,ܒܪܡ,ܒܪܡ
,,ܟܐܦ̈ܐܘܓܨܐܘܟܠܫܐܡܢܟ,ܟܐܦ̈ܐܘܓܨܐܘܟܠܫܐܡܢܟ
,,ܢܗܘܘܢ܁,ܢܗܘܘܢ܆
,,ܘܒܢܝ̈ܐܘܐܘܡܢ̈ܐܡܢܝ܂ܘܥܢܐܦܪܥܘܢܘܐܡܪܕܗܟܢܐ,ܘܒܢܝ̈ܐܘܐܘܡܢ̈ܐܡܢܝ܂ܘܥܢܐܦܪܥܘܢܘܐܡܪܕܗܟܢܐ
,,ܢܗܘܐ܂,ܢܗܘܐ
,,ܘܒܗܒܫܥܬܐ,ܘܒܗܒܫܥܬܐ
ܐܦܩܬܢܫܪ̈ܐ,,ܐܦܩܬܢܫܪ̈ܐ,ܐܦܩܬܢܫܪ̈ܐ
,,ܡ̣ܢ,ܡܢ
,,ܓܠܘܣܩ̈ܡܐ܂,ܓܠܘܣܩ̈ܡܐ܂
ܘܐܪܟܒܬ,,ܘܐܪܟܒܬ,ܘܐܪܟܒܬ
ܠܛܠܝ̈ܐܥܠ,,ܠܛ̈ܠܝܐܥܠܚܨܗܘܢ܂,ܠܛܠܝ̈ܐܥܠ
ܚܨ̈ܐܕܢܫܪ̈ܐܘܐܦܪܚܬܐܢܘܢܒܐܐܪܘܛܣܘܘܐܬܥܠܝܘܥܕܡܐܠܗܝܕܠܐܡܬܚܙܝܢܡ̣ܢܐ̄ܢܫܘܫܪܝܘ,,,ܚܨܝ̈ܗܘܢ܂
,,ܘܐܣܪܬ,ܘܐܣܪܬ
,,ܛܘܢܒ̈ܐ,ܛܘܢ̈ܒܐ
,,ܒܪ̈ܓܠܝܗܘܢ܂ܘܦܪܚܘܢܫܪ̈ܐ,ܒܪ̈ܓܠܝܗܘܢ܂ܘܦܪܚܘܢܫܪ̈ܐ
,,ܘܛ̈ܠܝܐ,ܘܛܠܝܐ̈
,,ܟܕ,ܟܕ
ܩܥܝܢ,,ܩܥܝܢ,ܩܥܝܢ
ܘܐܡܪܝܢܐܡܛܘ,,ܘܐܡܪܝܢ܂,ܘܐܡܪܝܢ܇
,,ܓܨܐܘܟܠܫܐ,ܓܨܐܘܟܠܫܐ
,,ܘܟ̈ܐܦܐܡܢܥܘ,ܘܟܐܦ̈ܐܡܢܥ
ܠܢ,,ܠܢ,ܠܢ
ܟܠܫܐܘܟ݂ܐܦ̈ܐܕܢܒܢܐܒܝܪܬܐܠܦܪܥܘܢܡܠܟܐ܂ܡܛܠܕܒܢܝ̈ܐܒܛܐܠܝܢ܂ܘܐܝܬܘܠܢܫܟܪܐܘܚܡܪܐܕܢܫܬܐ܂ܘܟܕܚܙܐܦܪܥܘܢܘܚܐܪ̈ܘܗܝܬܘܗܪ̈ܥܝܢܗܘܢܘܐܬܕܡܪܘ܂ܗܝܕܝܢ,,ܕܐܘܡܢ̈ܝ,ܕܐܘܡܢܝ̈
,,ܡܠܟܐܦܪܥܘܢܘܦܥ̈ܠܐܩܝܡܝܢܘܒܛܠܝܢ܂ܘܨܒܝܢܕܢܒܢܘܢܒܝܪܬܐܠܡܠܟܐܦܪܥܘܢܒܝܬ,ܡܠܟܐܦܪܥܘܢܘܦܥ̈ܠܐܩܝܡܝܢܘܒܛܠܝܢ܂ܘܨܒܝܢܕܢܒܢܘܢܒܝܪܬܐܠܡܠܟܐܦܪܥܘܢܒܝܬ
ܓܝܪ,,,
ܢܣܒܬܫܘܛܐܘܫܪܝܬܡܚܐܐ̄ܢܐܠܚܐܪ̈ܘܗܝܕܡܠܟܐܕܢܡܛܘܢܗܘܡܐܕܫܐܠܝܢܒܢܝ̈ܐܘܩܥܝܬܒܚܝܠܘܬ̈ܝܕܐܦܗܢܘܢܢܡܚܘܢܠܕܒܐܘܙܥܘܪܐܕܢܡܛܘܢܟܠܫܐܘܟܐܦ̈ܐ܂ܘܟܕܚܙܘܕܡܬܡܚܝܢܕܠܐܪ̈ܚܡܐܐܬܓܘܣܘܒܪܗܛܐ܂ܗܝܕܝܢܪܓܙܦܪܥܘܢܘܐܡܪܫܢܝܬܠܟܐܚܝܩܪܡܢܡܫܟܚܕܢܡܛܐ,,ܫܡܝܐܠܐܪܥܐ܂,ܫܡܝܐ܂
,,ܬܘܒܩܥܝܢܗ̄ܘ̣ܘܘܐܡ̇ܪܝܢܕܡܙܘܓܘܘܗܒܘܠܢܚܡܪܐܕܢܫܬܐܐܘܡܨܪ̈ܝܐ܂ܟܕ,ܬܘܒܩܥܝܢܗ̄ܘ̣ܘܘܐܡ̇ܪܝܢܕܡܙܘܓܘܘܗܒܘܠܢܚܡܪܐܕܢܫܬܐܐܘܡܨܪ̈ܝܐ܂ܟܕ
,,ܓܝܪ,
,,ܐܬܒܩܝܘܦܪܥܘܢܘܪܘܪ̈ܒܢܘܗܝܬܗܪܘܣܓܝ܂ܘܢܣܒܐܚܝܩܪ,ܐܬܒܩܝܘܦܪܥܘܢܘܪܘܪ̈ܒܢܘܗܝܬܗܪܘܣܓܝ܂ܘܢܣܒܐܚܝܩܪ
,,ܫܒ̣ܛܐ,ܫܒܛܐ
,,ܘܡܚܐܠܪܘܪ̈ܒܢܝܦܪܥܘܢܐܝܟܢܐܕܢܬܠܘܢܟܐ̈ܦܐܘܓܨܐ,ܘܡܚܐܠܪܘܪ̈ܒܢܝܦܪܥܘܢܐܝܟܢܐܕܢܬܠܘܢܟܐ̈ܦܐܘܓܨܐ
,,ܘܟܠܫܐ܂,ܘܟܠܫܐ܆
,,ܠܒܢ̈ܝܐ܂ܟܕܥܩܬ,ܠܒܢ̈ܝܐ܂ܟܕܥܩܬ
ܠܗܘܢ,,ܠܗܘܢ,ܠܗܘܢ
ܠܪܘܡܐܕܐܝܟܗܢܐܗܘܡܐܕܫܐܠܝܢ܂ܦܢܝܬܘܐܡܪܬܠܗܐܢ̄ܬܘܢܐܢܘܢܫܢ̈ܝܐ܂ܘܐܢܗܘܕܢܗܘܐܗ̄ܘ̣ܐܗܪܟܐܡܪܝܡܠܟܐ,,ܡ̣ܢ,ܡ̣ܢ
,,ܡܚܘ̈ܬܐ,ܡܚ̈ܘܬܐ
,,ܥܪܩܘܠܗܘܢ,ܥܪܩܘܠܗܘܢ
,,ܠܒܝܬܝ̈ܗܘܢ܂,ܠܒܬܝܗ̈ܘܢ܂
,,ܗܝܕܝܢܐܡܪܦܪܥܘܢܐܘܐܚܝܩܪܡܘܢܥܒܕܬܕܝܘܢܐܐܢ̄ܬ܂ܡܢܘܡܨܐܢܡܢܥܗܘ̇ܡܕܡ,ܗܝܕܝܢܐܡܪܦܪܥܘܢܐܘܐܚܝܩܪܡܘܢܥܒܕܬܕܝܘܢܐܐܢ̄ܬ܂ܡܢܘܡܨܐܢܡܢܥܗܘ̇ܡܕܡ
,,ܕܐܡ̇ܪܝܢܒܗ̇ܘ,ܕܐܡܪܝܢܒܗܘ
,,ܪܘܡܐܕܫܡܝܐ܂ܟܢܐܡܪܬܠܗܡܪܝܡܠܟܐܐܠܘܣܪܚܕܘܡܗܪܟܐܢܬܚܙܐ,ܪܘܡܐܕܫܡܝܐ܂ܟܢܐܡܪܬܠܗܡܪܝܡܠܟܐܐܠܘܣܪܚܕܘܡܗܪܟܐܢܬܚܙܐ
,,ܗ̄ܘܐ܂ܬܪ̈ܬܝܢ,ܗ̄ܘܐ܁
ܬܪܬܝܢ,,,ܬܪܬܝܢ
ܒܝܪ̈ܢ,,ܒܝܪ̈ܢ,ܒܝܪ̈ܢ
,,ܒܚܕ,ܒܚܕ
,,ܝܘܡܐ,ܝܘܡܐ
ܒܢܐ,,ܒܢܐ,ܒܢܐ
ܗ̄ܘ̣ܐ,,ܗَܘܐ܂,ܗَܘܐ܁
ܒܚܕ,,,
,,ܟܢܐܡܪܠܝܦܪܥܘܢ,ܟܢܐܡܪܠܝܦܪܥܘܢ
ܝܘܡܐ܂ܦܢܝܦܪܥܘܢܘܐܡܪ,,,
ܦܘܫ,,ܦܘܫ,ܦܘܫ
ܕܫܥܬܐܡ̣ܢܗܕܐ,,ܗܫܐܡ̣ܢܒܢܝܢܐ,ܗܫܐܡ̣ܢܒܢܝܢܐ
ܘܙܠ,,ܘܙܠ,ܘܙܠ
ܠܕܘܟܬܟ,,ܠܬܘܢܟ܂,ܠܬܘܢܟ܂
ܘܡܚܪܬܐ,,ܘܡܚܪܬܐ,ܘܡܚܪܬܐ
ܠܘܬܝ܂ܘܟܕܗܘ̤ܐܨܦܪܐ,,ܠܘܬܝܒܥܓܠ܂,ܠܘܬܝܒܥܓܠ܂
ܐܙܠ̄ܬ,,ܐܙܠܬ,ܐܙܠ̄ܬ
ܠܘܬܗ܂ܘܐܡܪܠܝܐܘ̇ܐܚܝܩܪܐܝܟܢܐ,,ܐܝܟܕܦܩܕܢܝܘܟܢܗܦܟܬܠܘܬܗܘܐܡܪܠܝ܂ܐܘܐܚܝܩܪ܂ܐܝܟܢ,ܐܝܟܕܦܩܕܢܝܘܟܢܗܦܟܬܠܘܬܗܘܐܡܪܠܝ܂ܐܘܐܚܝܩܪ܂ܐܝܟܢ
ܗ̄ܘ,,ܗ̄ܘ,ܗ̄ܘ
ܥܒܕܐܗܢܐ,,ܫܪܒܐ,ܫܪܒܐ
ܕܣܘܣܝܐ,,ܕܣܘܣܝܐ,ܕܣܘܣܝܐ
ܐܘܫܢܐ,,,
ܕܡܪܟ,,ܕܡܪܟ,ܕܡܪܟ
,,ܣܪܚܕܘܡ܂ܬܡ̇ܢ,ܣܪܚܕܘܡ܂ܬܡ̇ܢ
ܨܗܠ,,ܨܗܠ,ܨܗܠ
ܬܡܢ,,,
ܒܐܬܘܪ,,ܒܐܬܘܪ,ܒܐܬܘܪ
ܘܫܡ̈ܥܢ,,ܘܫܡ̈ܥܢ,ܘܫܡܥ̈ܢ
ܣܘ̈ܣܝܬܢܗܪܟܐ,,ܣܘܣܝ̈ܬܢ,ܣܘܣܝ̈ܬܢ
ܩܠܗ,,ܩܠܗ,ܩܠܗ
ܘܝܚ̈ܛܢ܂ܟܕܗܠܝܢܫܡܥܬܢܦܩܬ,,ܘܡܪ̈ܡܝܢܗܪܟܐ܆,ܘܡܪ̈ܡܝܢܗܪܟܐ܆
,,ܗ̇ܝܕܝܢ,ܗܝܕܝܢ
,,ܢܦܩܬܠܒܪܘܐܚܕܬܠܝܫܘܢܪܐܚܕ,ܢܦܩܬܠܒܪܘܐܚܕܬܠܝܫܘܢܪܐܚܕ
ܡܢ,,ܡ̣ܢ,ܡܢ
ܩܕܡܘܗܝܘܐܡܪܬܠܥܒ̈ܕܝܕܢܝܬܘܢܠܝܫܢܘܪܐܚܕ܂ܘܟܕܐܚܕܘܠܝܫܢܘܪܐܦܩܕܬܐܢܘܢܕܢܓܕܘܢܝܗܝܩܫܝܐܝܬ܂ܘܫܪܝܘܢܓܕܝܢܠܗܒܫܒ̈ܛܐܕܠܐܪ̈ܚܡܐ܂ܘܫܡܥܘܡܨܪ̈ܝܐܘܐܘܕܥܘܠܡܠܟܐܥܠܥܒܕܐܗܢܐ܂ܗܝܕܝܢܩܪܢܝ,,ܓܢܬܐ܂,ܓܢܬܐ܂
,,ܘܡܢܓ̣ܕܬ,ܘܡܢܓܕ
,,ܗ̄ܘܝܬ,ܗ̄ܘܝܬ
,,,ܠܗ
,,ܩܕܡܦܪܥܘܢ,ܩܕܡܦܪܥܘܢ
,,ܠܫܘܢ̣ܪܐܗܘ܁,ܠܫܘ̣ܢܪܐܗܘ܆
,,ܥܕܡܐܕܐܙܥܩܘܒܓܢ܂ܘܩܪܢܝܦܪܥܘܢܡܠܟܐ,ܥܕܡܐܕܐܙܥܩܘܒܓܢ܂ܘܩܪܢܝܦܪܥܘܢܡܠܟܐ
ܘܐܡܪ,,ܘܐܡ̣ܪ,ܘܐܡܪ
ܠܝ,,ܠܝ,ܠܝ
ܡܛܠܡ̇ܢ,,ܥܠܡܢܐ,ܥܠܡܢܐ
ܡܢܓܕ,,ܡܢܓܕ,ܡܢܓܕ
ܐܢَܬܠܫܢܘܪܐܗܘ܂,,ܐܢ̄ܬܠܫܘܢܪܐܗܢܐ܂,ܐܢ̄ܬܠܫܘܢܪܐܗܢܐ܂
,,ܗ̇ܝܕܝܢ,ܗܝܕܝܢ
ܐܡܪܬ,,ܐܡܪܬ,ܐܡܪܬ
,,ܠܦܪܥܘܢܡܠܟܐ܂ܐܚܣܪܢܝܫܘܢܪܐܛܒ,ܠܦܪܥܘܢܡܠܟܐ܂ܐܚܣܪܢܝܫܘܢܪܐܛܒ
,,ܣܓܝ,ܕܓܝ
ܐܘܡܪܝ܂,,ܐܘܡܪܝ܂,ܐܘܡܪܝ܂
ܣܓܝܐܣܟܠܒܝܫܢܘܪܐܗܢܐܒܝܫܐ܂ܡܛܠ,,ܒܗܝ̇,ܒܗܝ̇
ܕܐܝܬܗَܘܐܠܝܬܪܢܓܠܐܚܕ,,ܕܐܝܬܗَܘܐܠܝܬܪܢܓܠܐܚܕ,ܕܐܝܬܗَܘܐܠܝܬܪܢܓܠܐܚܕ
ܫܦܝܪܐ܂ܘܚܠܐ,,ܬܡܝܗ,ܬܡܝܗ
ܩܠܐ,,ܩܠܐ,ܩܠܐ
ܘܕܡܝܪܐ܆ܕܐܬܝܗܒ,,ܘܡܘܕܥ,ܘܡܘܕܥ
ܗ̄ܘ̣ܐܠܝ,,ܗ̄ܘ̣ܐܠܝ,ܗ̄ܘ̣ܐܠܝ
ܡ̣ܢܡܪܝܡܠܟܐ܆ܘܝܕܥܗ̄ܘ̣ܐܫܥ̈ܬܠܠܝܐ܂ܘܒܗܢܐܠܠܝܐ,,ܥܠ,ܥܠ
,,ܫܥ̈ܝ,ܫܥܝ̈
,,ܠܠܝܐ܁ܘܡܪܝܣܪܚܕܘܡܝܗ̄ܒܗܠܝܡܘܗܒܬܐ܂ܘܒܠܠܝܐܗܢܐ,ܠܠܝܐ܁ܘܡܪܝܣܪܚܕܘܡܝܗ̄ܒܗܠܝܡܘܗܒܬܐ܂ܘܒܠܠܝܐܗܢܐ
ܐܙܠ,,ܐܙܠ,ܐܙܠ
ܗܢܒܝܫܓܕܐ,,ܫܘܢܪܐ,ܫܘܢܪܐ
ܠܐܬܘܪ,,ܠܐܬܘܪ,ܠܐܬܘܪ
ܘܐܟܠ,,ܘܐܟܠܗ,ܘܐܟܠܗ
ܠܬܪܢܓܠܐ,,ܠܬܪܢܓܠܐ,ܠܬܪܢܓܠܐ
ܥܗܝܕܐܘܐܝܬܝܪܫܗܠܗܪܟܐ܂ܗܝܕܝܢܦܢܝܡܠܟܐ,,ܕܝܠܝ܂,ܕܝܠܝ܂
,,ܗ̇ܝܕܝܢ,ܗܝܕܝܢܐܡܪܠܝܦܪܥܘܢ
ܦܪܥܘܢ,,ܦܪܥܘܢ,
ܘܐܡܪܠܝ,,ܐܡ̣ܪܠܝ,
ܐܘܐܚܝܩܪ,,ܐܘܐܚܝܩܪ,ܐܘܐܚܝܩܪ
ܚܙܢܐܠܟܟܡܐܕܥܐܠܐܢ̄ܬܒܫܢܝܐܡܬܒܨܪܐܚܟܡܬܟ܂ܘܚܣܪܐܝܕܥܬܟ܂ܒܕܒܝܬܡܨܪܝܢܠܐܬܘܪܐܝܬܡܫܘܚܬܐܕܬܠܬܡܐܐܘܫܬܝܢܦܪ̈ܣܚܐܘܝܬܝܪ܂,,ܚܙܐܐ̄ܢܐܒܟܐܬܐܕܕܝܘܢܘܬܐܗܫܐ܂,ܚܙܐܐ̄ܢܐܒܟܐܬܐܕܕܝܘܢܘܬܐܗܫܐ܂
ܐܝܟܢܐܡܨܝܐ,,ܐܝܟܢܐܡܨܝܐ,ܐܝܟܢܐܡܨܝܐ
ܕܫܢܘܪܐ,,ܕܫܘܢܪܐ,ܕܫܘܢܪܐ
ܢܐܙܠ,,ܢܐܙܠ,ܢܐܙܠ
ܒܚܕܠܠܝܐܟܠܗܗܢܐܪܘܚܩܐ܂ܘܢܫܩܘܠܪܫܗܕܬܪܢܓܠܐܘܢܝܬܝܘܗܝܠܟܐ܂ܗܝܕܝܢܦܢܝܬܘܐܡܘܬܠܗܒܝܬܡܨܪܝܢܠܐܬܘܪܫܟܝܚܪܘܚܩܐܗܢܐܐܝܟܢܐܕܠܐܡܨܐܫܢܘܪܐܗܢܐܢܐܙܠܘܢܗܦܘܟ,,ܡ̣ܢܡܨܪܝܢܠܐܬܘܪ,ܡ̣ܢܡܨܪܝܢܠܐܬܘܪ
ܒܠܠܝܐܚܕ܂,,ܒܠܠܝܐܚܕ܂,ܒܠܠܝܐܚܕ܂
ܡܕܝܢܐܝܟܐܗ̄ܝ̣ܗܝܕܣܘܣܝܐ,,ܒܗܝ̇ܕܐܝܬ,ܒܗܝ̇ܕܐܝܬ
,,ܒܝܫܬܗܘܢ,ܒܝܢܬܗܘܢ
,,ܝܬܝܪ,ܝܬܝܪ
,,ܡ̣ܢ,ܡܢ
,,ܬܠܬܡܐܐܘܫܬܝܢ,ܬܠܬܡܐܐܘܫܬܝܢ
,,ܦܪ̈ܣܚܐ܁,ܦܪ̈ܣܚܐܡܪ̈ܒܥܐ
,,ܘܕܢܐܟ̣ܘܠܬܪܢܓܠܐܕܝܠܟܘܬܘܒܢܐܬܐܠܗܪܟܐ܂,ܘܕܢܐܟ̣ܘܠܬܪܢܓܠܐܕܝܠܟܘܬܘܒܢܐܬܐܠܗܪܟܐ܂
,,ܗ̇ܝܕܝܢ,ܗܝܕܝܢ
,,ܐܡܪܬܐܘܡܪܝܡܠܟܐ,ܐܡܪܬܐܘܡܪܝܡܠܟܐ
,,ܦܪܥܘܢ܂,ܦܪܥܘܢ܆
,,ܘܐܝܟܢܐ,ܘܐܝܟܢܐ
,,ܨܗܠ,ܨܗܠ
,,ܣܘܣܝܐ,ܣܘܣܝܐ
ܕܡܪܝ,,ܕܡܪܝ,ܕܡܪܝ
ܨܗܠ,,,
,,ܬܡܢ,ܬܡܢ܆
ܘܣܘܣܝܬ̈ܟܘܢܝܚ̈ܛܢ,,ܘܡܪ̈ܡܝܢ,ܘܡܪ̈ܡܝܢ
,,ܣܘܣܝ̈ܬܟܘܢ,ܣܘܣܝܬܟ̈ܘܢ
ܗܪܟܐ܂,,ܗܪܟܐ܂,ܗܪܟܐ܂
ܘܟܕ݂ܫܡ̣ܥܗܠܝܢܐܬܕܡܪܘܝܕܥܕܫܪܝܬܠܗܡܬܠܘ̈ܗܝܐܡܪܠܝܡܕܝܢ,,ܟܢ,ܟܢ
,,ܐܡ̣ܪ,ܐܡܪ
,,ܡܠܟܐܛܒܫܦܝܪܦܘܢܝܟ܂ܒܪܡ,ܡܠܟܐܛܒܫܦܝܪܦܘܢܝܟ܂ܒܪܡ
ܦܫܩ,,ܦܫܩ,ܦܫܩ
ܠܢܗܕܐܐܘܚܕ݂ܬܐܐܘܟܝܬ,,ܠܝܡܬܠܐ,ܠܝܡܬܠܐ
,,ܗܢܐ܂,ܗܢܐ܇
ܒܢܝܐ,,ܒܢܝܐ,ܒܢܝܐ
,,ܚܕ,ܚܕ
ܒܢܐ,,ܒܢܐ,ܒܢܐ
ܡܓܕܠܐܚܕ,,ܥܡܘܕܐܡܕܡ܂ܘܒܢܝܗܝ,ܥܡܘܕܐܡܕܡ܂ܘܒܢܝܗܝ
ܡ̣ܢܬܡܢܝܐ,,ܡ̣ܢܬܡܢܝܐ,ܡ̣ܢܬܡܢܝܐ
ܐܠܦܝ̈ܢܘܫܒܥܡܐ,,ܐܠܦܝ̈ܢܘܫܒܥܡܐܐ,ܐܠܦܝܢܘܫܒܥܡܐܐ
ܘܫܬܝܢ,,ܘܫܬܝܢ,ܘܫܬܝܢ
ܘܬܠܬܠܒ̣ܢ̈ܐ܂ܘܣܡܒܬܛܠܝܠܗܬܠܬܡܐܐܘܫܬܝܢܘܚܡܫܐܟܐܦ̈ܐ܂,,ܘܬܠܬܐܠܒܢܝ̈ܢ܂ܘܛܠܠܗܓܝܪܒܬܠܬܡܐܐܘܫܬܝܢܘܚܡܫܐܟܐܦܝ̈ܢ܂,ܘܬܠܬܐܠܒܢܝ̈ܢ܂ܘܛܠܠܗܓܝܪܒܬܠܬܡܐܐܘܫܬܝܢܘܚܡܫܐܟܐܦܝ̈ܢ܂
ܘܢܨܒ,,ܘܢܨܒ,ܘܢܨܒ
,,ܕܝܢ,ܕܝܢ
ܠܥܠܡܢܗܬܪܥܣܪ,,ܠܥܠܡܢܗܬܪܥܣܪ,ܠܥܠܡܢܗܬܪܥܣܪ
ܐܝܠܢܝ̈ܢܕܐܪܙܐ܂ܘܥܒܕ,,ܐܝ̈ܠܢܝ,ܐܝܠܢܝ̈
,,ܐܪ̈ܙܐ܂,ܐܪ̈ܙܐ܂
,,ܘܬܩ̇ܢ,ܘܬܩܢ
ܒܟܠܐܪܙܐ,,ܒܟܠܐܪܙܐ,ܒܟܠܐܪܙܐ
ܬܠܬܝ̈ܢܫܒܘ̈ܩܐ܂,,ܬܠܬܝܢܫܒܘܩ̈ܝܢ܂,ܬܠܬܝܢܫܒܘܩ̈ܝܢ܂
ܘܒܟܠܫܒܘܩܐ,,ܘܒܟܠܫܒܘܩܐ,ܘܒܟܠܫܒܘܩܐ
,,ܬܪܝܢ,ܬܪܝܢ
ܣܓܘ̈ܠܐ,,ܣܓܘ̈ܠܐ,ܣܓܘ̈ܠܐ
ܬܪܝܢ܂ܚܕܚܘܪܐܘܐ̄ܚܪܢܐ,,ܕܬܡܪ̈ܐ܁,ܕܬܡܪ̈ܐ
,,ܚܕܚܘܪܐ܂ܘܐܚܪܢܐ,ܚܕܚܘܪܐ܂ܘܐܚܪܢܐ
ܐܘܟܡܐ܂ܗܝܕܝܢ,,ܐܘܟܡܐ܂ܗܝܕܝܢ,ܐܘܟܡܐ܂ܗܝܕܝܢ
ܐܡܪܬܠܡܠܟܐܗܕܐܪܥܝܐܕܒܩܪܐܕܐܬܘܪܘܕܢܝܢܘܐ,,ܠܦܪܥܘܢܡܠܟܐܐܡܪܬ܂ܪ̈ܥܝܝܒܩܪ̈ܐܕܐܬܘܪ,ܠܦܪܥܘܢܡܠܟܐܐܡܪܬ܂ܪ̈ܥܝܝܒܩܪ̈ܐܕܐܬܘܪ
,,ܘܢܝ̈ܢܘܐ,ܘܢܝܢܘܐ
ܝܕܥܝܢ,,ܝܕܥܝܢ,ܝܕܥܝܢ
ܠܗ̇܂,,ܠܗ܁,ܠܗ܁
ܒܢܝܐ,,ܒܢܝܐ,ܒܢܝܐ
ܡܢ,,ܗܟܝܠ,ܗܟܝܠ
ܐܠܗܐܗ̄ܘܕܒܪܐ,,ܐܠܗܐܗ̄ܘܕܒܪܐ,ܐܠܗܐܗ̄ܘܕܒܪܐ
ܫܢ̄ܬܐ܆ܘܗ̄ܝܗܝܡܓܕܠܐ܂ܘܥܒܕܫܥ̈ܬܐܕܫܢ̄ܬܐ,,ܠܫܢ̄ܬܐ,ܠܫܢ̄ܬܐ
,,ܘܗ̣ܝ,ܘܗܝ
,,ܗ̄ܝ,ܗ̄ܝ
,,ܥܡܘܕܐ܂,ܥܡܘܕܐ
,,ܘܣܡܫܥܝ̈ܫܢ̄ܬܐ,ܘܣܡܫܥܝ̈ܫܢ̄ܬܐ
ܬܡܢܝܐ,,ܬܡܢܝܐ,ܬܡܢܝܐ
ܐܠܦܝ̈ܢ,,ܐܠܦܝܢ,ܐܠܦܝ̈ܢ
ܘܫܒܥܡܐܐ,,ܘܫܒܥܡܐܐ,ܘܫܒܥܡܐܐ
ܘܫܬܝܢܘܬܠܬ,,ܘܫܬܝܢܘܬܠܬ,ܘܫܬܝܢܘܬܠܬ
ܫܥ̈ܬܐ܂ܘܥܒܕܝܘ̈ܡܬܐܕܫܢ̄ܬܐ,,ܫܥ̈ܝܢ܂ܘܬܩܢ,ܫܥ̈ܝܢ܂ܘܬܩܢ
,,ܝܘ̈ܡܝܢ܂,ܝܘܡܝ̈
,,ܫܢ̄ܬܐ,ܫܢ̄ܬܐ
ܬܠܬܡܐܐ,,ܬܠܬܡܐܐ,ܬܠܬܡܐܐ
ܘܫܬܝܢܘܚܡܫܐܝܘܡܝ̈ܢ܂ܘܗܠܝܢܫܒܘ̈ܩܐܬܪܥܣܪ܂ܝܪ̈ܚܐ,,ܘܫܬܝܢܘܚܡܫܐܝܘܡ̈ܝܢ܂ܘܬܪܥܣܪ,ܘܫܬܝܢܘܚܡܫܐܝܘܡ̈ܝܢ܂ܘܬܪܥܣܪ
,,ܐܪ̈ܙܝܢ܂,ܐܪ̈ܙܝܢ܇
ܬܪܥܣܪ,,ܬܪܥܣܪ,ܬܪܥܣܪ
ܐܢܘܢ܂,,ܝܪ̈ܚܝܫܢ̄ܬܐ܂,ܝܪ̈ܚܝܫܢ̄ܬܐ܂
ܘܟܠ,,ܘܟܠ,ܘܟܠ
ܚܕܥܒܕܒܗܬܠܬܝ̈ܢܫܒ̈ܘܩܐܕܐܪܙܐܝܘ̈ܡܬܐܕܝܕܚܐܐܢܘܢ܂,,ܐܪܙܐܬܠܬܝܢܫܒܘܩܝ̈ܢ܂ܟܐܡܬܬܠܬܝܢ,ܐܪܙܐܬܠܬܝܢܫܒܘܩܝ̈ܢ܂ܟܐܡܬܬܠܬܝܢ
,,ܝܘ̈ܡܝܢ܂,ܝܘܡܝ̈ܢ܂
ܘܟܠܫܒܘܩܐ,,ܘܟܠܫܒܘܩܐ,ܘܟܠܫܒܘܩܐ
ܣܓܘ̈ܠܐܬܪܝܢ,,ܐܝܬܒܗܬܪܝܢ,ܐܝܬܒܗܬܪܝܢ
,,ܣܓ̈ܘܠܝܢ܂,ܣܓܘܠܝܢ̈܂
ܚܕܚܘܪܐ,,ܚܕܚܘܪܐ,ܚܕܚܘܪܐ
ܘܐ̄ܚܪܢܐܐܘܟܡܐ,,ܘܐܚܪܢܐ,ܘܑ̄ܚܪܢܐ
,,ܐܘܟܡܐ܂ܗܢܘܢ,ܐܘܟܡܐ܂ܗܢܘܢ
ܐܝܡܡܐ,,ܐܝܡܡܐ,ܐܝܡܡܐ
ܠܠܝܐܐܢܘܢ܂ܗܝܕܝܢܐܡܪ,,ܘܠܠܝܐ܂ܬܘܒ,ܘܠܠܝܐ܂ܬܘܒ
,,ܕܝܢ,
,,,ܐܡܪܦܪܥܘܢܐܘܐܚܝܩܪ
ܠܝ,,,
,,ܐܡܪܦܪܥܘܢܐܘܐܚܝܩܪ,
ܦܪܥܘܢܐܘ̇ܐܚܝܩܪܥܒܕܠܝܛܘܢ̈ܒܐܡ̣ܢܚܠܐܕܢܗܪܐ܂ܗܝܕܝܢܐܡܪܬܠܡܠܟܐ,,,ܟܪܘܟܠܝ
,,ܟܪܘܟ,
ܦܩܘܕ,,,
,,ܠܝ,
ܗܟܝܠܕܢܝܬܘܢܠܝܛܘܢ̈ܒܐܡܢ,,,
,,ܬܪܝܢ,ܬܪܝܢ
,,ܚܒ̈ܠܝܢܡ̣ܢ,ܚܒܠܝ̈ܢܡܢ
,,ܚܠܐܕܝܡܐ܂ܐܡܪܬܠܗܓܝܪܐܘܡܪܝ,ܚܠܐܕܝܡܐ܂ܐܡܪܬܠܗܓܝܪܐܘܡܪܝ
,,ܦܩܘܕ,ܦܩܘܕ
,,ܕܢܦܩܘܢܠܝܡ̣ܢ,ܕܢܦܩܘܢܠܝܡ̣ܢ
ܒܝܬ,,ܒܝܬ,ܒܝܬ
ܓܙܟܕܐܚܙܐܐܢܝܢܘܐܥܒܕܐܟܘܬܗܝܢ܂ܐܡ̣ܪ,,ܩܦܣ̈ܐܚܒܠܐ,ܩܦܣ̈ܐܚܒܠܐ
,,ܚܕ܂,ܚܕ܇
,,ܕܐܥܒ̇ܕܐܟܘܬܗ܂ܐܡܪܠܝ,ܕܐܥܒ̇ܕܐܟܘܬܗ܂ܐܡܪܠܝ
ܡܠܟܐ,,ܡܠܟܐ,ܡܠܟܐ
ܫܦܝܪܐܡܪܬ܂ܐܢܗܘ̤ܕܠܐܬܥܒܕܛܘܢ̈ܒܐܕܐܡܪܬܫܩ̈ܠܐ,,ܐܘܐܚܝܩܪܐܢܚܒܠܐܠܐܥܒܕ,ܐܘܐܚܝܩܪܐܢܚܒܠܐܠܐܥܒܕ
,,ܐܢ̄ܬ,ܐ̄ܢ̄ܬ
,,ܠܝܫܩܠܐ,ܠܝܫܩܠܐ
ܕܡܨܪܝܢܠܐ,,ܕܡܨܪܝܢܠܐ,ܕܡܨܪܝܢܠܐ
ܡܬܝܗܒܝܢ,,ܝܗܒܐ̄ܢܐ,ܝܗܒܐ̄ܢܐ
ܠܟ܂,,ܠܟ܂,ܠܟ܂
ܘܟܕܐܡ̣ܪܗܕܐܢܦܩܬܠܒܪܘܚܙܝܬܐܣܬܐܕܒܝܬܐܡܕܡܘܢܩܒܬ݂ܐܣܬܐܗܝܢܘܩ̈ܒܐܘܐܥܠܬ,,ܗ̇ܝܕܝܢܐܙܠܬ,ܗܝܕܝܢܐܙܠ̄ܬ
,,ܠܒܣܬܪܗܕܒܝܬܐ܂ܘܢܩܒܬ̣ܒܐܣܬܐܬܪܝܢܢܩܒ̈ܝܢ܂ܘܥܠܬ,ܠܒܣܬܪܗܕܒܝܬܐ܂ܘܢܩܒܬ̣ܒܐܣܬܐܬܪܝܢܢܩܒ̈ܝܢ܂ܘܥܠܬ
ܫܡܫܐ,,ܫܡܫܐ,ܫܡܫܐ
ܒܗܢܘܢܢܘܩ̈ܒܐܘܡܠܝܬܚܘܦܢܝ̈ܡ̣ܢܚܠܐܘܕܪܝܬܥܠܢܘܩ̈ܒܐܘܫܪܝܘܦܬܠܝܢܛܘܢ̈ܒܐܕܒܥܐ,,ܒܢܩ̈ܒܐ܂,ܒܢܩ̈ܒܐ
,,ܘܒܕܪܬܡ̣ܢܚܠܐܕܝܡܐܒܢܩ̈ܒܐ܂ܘܫܪܝܟܪܟܐܝܟ,ܘܒܕܪܬܡ̣ܢܚܠܐܕܝܡܐܒܢܩ̈ܒܐ܂ܘܫܪܝܟܪܟܐܝܟ
,,ܚܒܠܐ܂,ܚܒܠܐ܇
ܐܡܪܬܠܡܠܟܐ,,ܐܡܪܬܠܡܠܟܐ,ܐܡܪܬܠܡܠܟܐ
ܦܩܘܕ,,ܦܩܕ,ܦܩܕ
ܠܥܒܕܝ̈ܟ,,ܠܥܒܕܝ̈ܟ,ܠܥܒܕܝ̈ܟ
ܕܢܟܢܫܘܢܛܘܢ̈ܒܐܘܟܡܐܕܒܥܐܐܢ̄ܬܐܥܒܕ܂ܐܬܕܡܪܣܓܝܘܐܡܪ,,ܕܢܣܒܘܢܚܒ̈ܠܐ܂,ܕܢܣܒܘܢܚܒ̈ܠܐ܂
,,ܘܟܢ,ܟܢ
,,ܐܡܪܦܪܥܘܢܡܠܟܐ,ܐܡܪܦܪܥܘܢܡܠܟܐ
ܐܘܐܚܝܩܪ,,ܐܘܐܚܝܩܪ,ܐܘܐܚܝܩܪ
,,ܗܐ,ܗܐ
ܐܝܬܠܢ,,ܐܝܬܠܢ,ܐܝܬܠܢ
ܬܒܪܐ,,ܟܐܦܐܚܕ݂ܐ,ܟܐܦܐܚܕ݂ܐ
ܕܪܚܝܐ,,ܕܪܚܝܐ,ܕܪܚܝܐ
ܘܐܝܬܘܗܝܕܬܗܪܐܒܥܢܐܡܢܟܕܬܚܘܛܝܘܗܝ,,ܗܐܕܣܓܝܬܡܝܗ,ܗܐܕܣܓܝܬܡܝܗ
,,ܣܘܥܪܢܐ܂,ܣܘܥܪܢܐ܇
,,ܘܚܕܐܡܢܗܝܢ,ܘܚܕܐܡܢܗܝܢ
,,ܬܒܝܪܐ܂ܨܒܢܐ,ܬܒܝܪܐ܆ܨܒܐ̄ܢܐ
,,ܕܬܚܘܛܝܗ̇,ܕܬܚܘܛܝܗ̇
ܠܢ܂,,ܠܢ܂,ܠܢ܂
ܘܦܩܕܘܐܝܬܝܘܗܝܩܕܡܝ܂ܐܡܪܬܠܗܫܦܝܪܐܢܐܐܚܘܛܝܘܗܝܘܢܣܒܬܬܒܪܐܐ̄ܚܪܢܐܘܐܝܬܝܬܗ,,ܘܣܡܘܗ̇ܩܕܡܝ,ܘܣܡܘܗ̇ܩܕܡܝ
,,ܥܒܕ̈ܝ,ܥܒܕܝ̈
,,ܦܪܥܘܢ܂,ܦܪܥܘܢ܂
,,ܗ̇ܝܕܝܢ,ܗܝܕܝܢ
,,ܚܙܝܬܟܐܦܐܐܚܪܬܐܕܙܥܘܪܡܢܗ,ܚܙܝܬܟܐܦܐܐܚܪܬܐܕܙܥܘܪܡܢܗ
,,ܘܬܒܝܪܐ܁,ܘܬܒܝܪܐ܂
,,ܘܫܩܠܬܗ̇ܘܣܡܬܗ̇,ܘܫܩܠܬܗ̇ܘܣܡܬܗ̇
ܩܕܡ,,ܩܕܡ,ܩܕܡ
ܡܠܟܐ,,ܦܪܥܘܢ,ܦܪܥܘܢ
ܘܐܡܪܬ,,ܘܐܡܪܬ,ܘܐܡܪܬ
ܠܗ,,ܠܗ܂,ܠܗ܇
ܬܗܘܐܝܕܥܐܘܡܪܝ,,ܬܗܘܐܝܕܥܐܘܡܪܝ,ܬܗܘܐܝܕܥܐܘܡܪܝ
ܡܠܟܐ܂ܕܐܢܐܠܗܪܟܐܓܒܪܐ,,ܡܠܟܐܕܓܒܪܐ,ܡܠܟܐܕܓܒܪܐ
ܐ̄ܢܐ,,ܐ̄ܢܐ,ܐ̄ܢܐ
ܐܟܣܢܝܐ܂,,ܗܪܟܐܢܘܟܪܝܐ,ܗܪܟܐܢܘܟܪܝܐ
,,ܗܫܐ܂,ܗܫܐ܇
ܘܠܐܐܝܬܝܬܥܡܝܐܘܪܓܢܘܢ,,ܘܠܐܐܝܬܝܬܥܡܝܐܘܪܓܢܘܢ,ܘܠܐܐܝܬܝܬܥܡܝܐܘܪܓܢܘܢ
ܕܐܫܟܦܘܬܐ܂,,ܕܐܫܟ̈ܦܐ܂,ܕܐܫܟܦ̈ܐ܂
ܦܩܘܕܠܪ̈ܚܡܝܟ,,ܦܩܘܕܠܪ̈ܚܡܝܟ,ܦܩܘܕܠܪ̈ܚܡܝܟ
ܐܫܟܦ̈ܐ,,ܐܫܟ̈ܦܐܕܒ̣ܡܕܝܢ̄ܬܟ܂,ܐܫܟܦ̈ܐ
ܕܐܝܬܝܗܘ̇ܢܒܡܕܝܢܬܡܠܟܘܬܟܘܢܥܒܕܘܢ,,,ܕܒܡܕܝܢ̄ܬܟ܇
,,ܘܢܩܕܘܢ,ܘܢܩܕܘܢ
ܠܝ,,ܠܝ,ܠܝ
ܣܝܪܐܡ̣ܢܬܒܪܐܘܐܢܐܚܐܛܐ̄ܢܐܠܟܪܚܝܐܗܕܐ܂ܗܝܕܝܢܓܚܟܡܠܟܐܘܟܠܗܘܢܕܝܢܚܐܪ̈ܘܗܝܘܐܡܪܘܢܗܘܐܫܡܐܕܐܠܗ̈ܐܡܒܪܟܕܝܗ̄ܒܘܠܐܚܝܩܪܕܐܝܟܗܕܐ,,ܡ̣ܢܟܐܦܐܗܕܐܩܕܐܕܐܚܘܛܝܗ̇,ܡ̣ܢܟܐܦܐܗܕܐܩܕܐܕܐܚܘܛܝܗ̇
,,,ܠܟܘܢ
,,ܒܥܓܠ܂ܗܝܕܝܢܦܪܥܘܢܘܪܘܪ̈ܒܢܘܗܝܐܬܕܡܪܘܒܐܚܝܩܪܚܟܝܡܐܘܫܒܚܘܗܝ,ܒܥܓܠ܂ܗܝܕܝܢܦܪܥܘܢܘܪܘܪ̈ܒܢܘܗܝܐܬܕܡܪܘܒܐܚܝܩܪܚܟܝܡܐܘܫܒܚܘܗܝ
,,ܘܐܡܪܘ܂,ܘܐܡܪ
,,ܒܪܝܟܘܡܪܝܐܕܝܗ̄ܒܠܟܗܟܢ,ܒܪܝܟܘܡܪܝܐܕܝܗ̄ܒܠܟܗܟܢ
ܚܟܡܬܐ,,ܚܟܡ̱ܬܐ,ܚܟܡܬܐ
ܘܝܕܥܬܐܘܛܒܘܬܪܥܝܢܐ܀ܡܦܩܬܐ,,ܘܡܠܝܛܘܬܐܐܘ,ܘܡܠܝܛܘܬܐܐܘ
,,ܐܚܝܩܪ܀,ܐܚܝܩܪ܀܀܀
,,ܡܦܩܬܗ,ܡܦܩܬܗ
ܕܐܚܝܩܪ,,ܕܐܚܝܩܪ,ܕܐܚܝܩܪ
ܡܢܐܘܚܕܢܐܕܡܨܪܝܢ,,ܡ̣ܢܡܨܪܝܢ,ܡ̣ܢܡܨܪܝܢ
ܘܗܦܘܟܝܗ,,ܘܗܦܘܟܝܗ,ܘܗܦܘܟܝܗ
ܠܘܬܣܢܚܪܝܒܡܠܟܐ܀܀ܕܐܬܘܪܘܢܝܢܘܐ܀܀ܘܟܕܚܙ̣ܘܡܠܟܐܘܪܘܪ̈ܒ̣ܢܘܗܝ,,ܕܠܘܬܣܪܚܕܘܡܡܠܟܐܕܐܬܘܪܘܢܝܢܘܐ܀܀ܟܕܚܙܐܕܝܢܦܪܥܘܢܘܪܘܪ̈ܒܢܘܗܝ,ܕܠܘܬܣܪܚܕܘܡܡܠܟܐܕܐܬܘܪܘܢܝܢܘܐ܀܀ܟܕܚܙܐܕܝܢܦܪܥܘܢܘܪܘܪ̈ܒܢܘܗܝ
ܕܐܙܕܟܝܘ,,ܕܐܙܕܟܝܘ,ܕܐܙܕܟܝܗܡܢ
ܘܐܢܐܫܪܝܬܠܗܘܢܟܠܡܬܠܘ̈ܗܝܕܡܠܟܐܥܡܐܘܚ̈ܕܬܗ܂,,ܡ̣ܢ,
,,ܐܚܝܩܪܣܦܪܐ܂ܘܦܫܩ,ܐܚܝܩܪܣܦܪܐ܂ܘܦܫܩ
,,ܘܫ̇ܪܐ,ܘܫܪܐ
,,ܠܟܠܗܘܢ,ܠܟܠܗܘܢ
,,ܡܬܠܝ̈ܗܘܢ,ܡܬܠܝܗ̈ܘܢ
,,ܘܣܥܝܝ̈ܗܘܢ܂,ܘܣܥܝܝ̈ܗܘܢ܂
ܘܠܐ,,ܘܠܐ,ܘܠܐ
ܦܫ,,ܦܫܘ,ܦܫܘ
ܠܗܘܢ,,ܠܗܘܢ,ܠܗܘܢ
,,ܥܠܘܗܝ,ܥܠܘܗܝ
ܥܠܬܐ,,ܥܠܬܐ,ܥܠܬܐ
ܡܕܡܥܠܝ܂ܗܝܕܝܢܐܬܝܗܒܠܝܟܣܦܐܘܫܩ̈ܠܐܕܡܨܪܝܢ,,ܡܕܡ܂,ܡܕܡ܂
,,ܗ̇ܝܕܝܢ,ܗܝܕܝܢ
,,ܦܪܥܘܢܐܓܙܪܠܗܩܢܝܢܐܘܡܕܐܬܐ,ܦܪܥܘܢܐܓܙܪܠܗܩܢܝܢܐܘܡܕܐܬܐ
ܕܬܠܬ,,ܕܬܠܬ,ܕܬܠܬ
ܫܢ̈ܝܢ܂ܘܝܗ̄ܒܠܝܬܫܥܡܐܐܟܟܪ̈ܐܕܗܒ݂ܐܕܟܬܒܬܗ̄ܘܝܬܒܐܓܪܬܐܗܝ̇܆ܕܐܝܙܦܗ̄ܘ̣ܐܦܪܥܘܢܡܢܣܢܚܪܝܒܡܪܝ܂ܘܝܗ̄ܒܠܝܡܘ̈ܗܒ̣ܢܘܠܚܝ̈ܠܘܬܝ܂ܘܢܦܩܬܐܠܐܘܪܚܐ܂ܥܕܡܐܕܐܡܛܐܠܐܬܪܝ܆ܗܝܕܝܢܩܒܠܬܐܝܕܘ̈ܗܝܘܚܙܩܬ܂ܘܟܕܡܛܝܬ,,ܫܢ̈ܝܢ,ܫܢ̈ܝܢ
,,ܕܟܠܗ̇,ܕܟܠ̱ܗ̇
,,ܐܪܥܐܕܡܨܪܝܢ܂ܘܐܣܪܚܠܗܐܦܬܫܥܡܐܐܟܟܪ̈ܝܢܕܗܒܐܕܐܓܪܬܐܗܝ̇ܕܟܬܒܗ̄ܘ̣ܐ܂ܘܫܪܬܚܠܟܠܗܘܢ,ܐܪܥܐܕܡܨܪܝܢ܂ܘܐܣܪܚܠܗܐܦܬܫܥܡܐܐܟܟܪ̈ܝܢܕܗܒܐܕܐܓܪܬܐܗܝ̇ܕܟܬܒܗ̄ܘ̣ܐ܂ܘܫܪܬܚܠܟܠܗܘܢ
,,ܥܒܕ̈ܘܗܝܘܚܝ̈ܠܘܬܗܡܘܗܒ̈ܬܐ,ܥܒܕܘ̈ܗܝܘܚܝ̈ܠܘܬ̈ܗܡܘܗ̈ܒܬܐ
,,ܕܠܐܡܢܝܢ܂ܟܢܐܦܣܠܐܚܝܩܪܕܢܗܦܘܟܒܚܝ̈ܠܘܬܐܕܥܡܗܠܐܬܘܪ܂ܘܢܫܩܬܒܘܪ̈ܟܝܡܠܟܐܦܪܥܘܢ,ܕܠܐܡܢܝܢ܂ܟܢܐܦܣܠܐܚܝܩܪܕܢܗܦܘܟܒܚܝ̈ܠܘܬܐܕܥܡܗܠܐܬܘܪ܂ܘܢܫܩܬܒܘܪ̈ܟܝܡܠܟܐܦܪܥܘܢ
,,ܘܗܦܟܬ̤,ܘܗܦܟܬ
ܠܐܬܘܪ,,ܠܐܬܘܪ,ܠܐܬܘܪ
ܢܦܩ,,ܒܙܟܘܬܐܪܒܬܐܘܥܠܬܠܘܬ,ܒܙܟܘܬܐܪܒܬܐܘܥܠܬܠܘܬ
ܡܠܟܐ,,ܡܠܟܐ,ܡܠܟܐ
ܣܢܚܪܝܒܠܐܘܪܥܝ,,ܣܪܚܕܘܡܒܐܝܩܪܐ,ܣܪܚܕܘܡܒܐܝܩܪܐ
,,,ܪܒܐ
,,ܘܪܝܡ,ܘܪܝܡ
,,ܪܫܐ܂,ܪܫܐ܁
ܘܚܕܝ,,ܘܚܕܝ,ܘܚܕܝ
ܛܒ܂,,ܚܕܘܬܐܪܒܬܐܒܚܙܬܝ܂,ܚܕܘܬܐܪܒܬܐܒܚܙܬܝ܂
ܘܐܘܬܒܢܝ,,ܘܐܘܬܒܢܝ,ܘܐܘܬܒܢܝ
ܡܢ,,ܡ̣ܢ,ܡ̣ܢ
ܝܡܝܢܗ,,ܝܡܝܢܗ,ܝܡܝܢܗ
ܘܐܡܪܠܝܐܘܐܚܝܩܪܫܐܠ܂,,ܘܐܡܪܠܝ܂,ܘܐܡܪܠܝ܂
,,unclearܐܚܝܩܪܣܦܪܝ,ܐܚܝܩܪܣܦ̱ܪܝ
,,ܒܥܝܡܢܝ,ܒܥܝܡܢܝ
ܟܠܡܐ,,ܟܠܡܐ,ܟܠܡܐ
ܕܪܓܐܢܦ̮ܫܟܘܢܬܝܗܒܠܟ܂ܐܢܐܐܡܪܬܠܗܟܠܡܐ,,ܕܨܒܐܐܢ̄ܬ܂ܘܡܬܪܓܪܓܐܢ̄ܬ܂ܗܝܕܝܢܐܡܪܬܠܗ܂ܡܪܝܡܠܟܐܠܥܠܡ,ܕܨܒܐܐܢ̄ܬ܂ܘܡܬܪܓܪܓܐܢ̄ܬ܂ܗܝܕܝܢܐܡܪܬܠܗ܂ܡܪܝܡܠܟܐܠܥܠܡ
,,ܚܝܝ܂ܟܠܡܕܡ,ܚܝܝ܆ܟܠܡܕܡ
ܕܬܬܠܠܝ,,ܕܬܬܠܠܝ,ܕܬܬܠܠܝ
ܗܒܝܗܝ,,ܢܗܘܐ,ܢܗܘܐ
ܠܝܒܘܣܡܝܟ,,ܠܝܒܘܣܡܝܟ,ܠܝܒܘܣܡܝܟ
ܡܛܠܕܒܡܨܥܝܘܬܗܝܗ̄ܒܠܝܐܠܗܐ,,ܐܣܦܘܩܠܛܪܐ܂ܡܛܠܕܒܡܨܥܝܘܬ,ܐܣܦܘܩܠܛܪܐ܂ܡܛܠܕܒܡܨܥܝܘܬ
,,,ܚܟܡ̱ܬܗ܂
,,ܚܐܐܐ̄ܢܐ,ܚܐܐܐ̄ܢܐ
,,ܗܠܝܢ,ܗܠܝܢ
ܚܝ̈ܐ,,ܚ̈ܝܐ,ܚܝ̈ܐ
ܗܠܝܢ܂ܒܬܪ,,ܐܘܡܪܝܡܠܟܐܣܪܚܕܘܡ܂ܟܢ,ܐܘܡܪܝܡܠܟܐܣܪܚܕܘܡ܂ܟܢ
ܗܠܝܢ,,,
ܫܪܝܡܠܟܐ,,ܫܪܝܡܠܟܐ,ܫܪܝܡܠܟܐ
,,ܕܐܬܘܪ,ܕܐܬܘܪ
ܡܫܐܠܠܝܥܠ,,ܡܫܐܠܠܝܥܠ,ܡܫܐܠܠܝܥܠ
ܟܠܡܐ,,ܟܠܡܐ,ܟܠܡܐ
ܕܥܒܕܬܩܕܡ,,ܕܥܒܕܬܩܕܡ,ܕܥܒܕܬܩܕܡ
ܦܪܥܘܢ܂unknownܘܐܡܪܬܒܬܪ,,ܦܪܥܘܢܡܠܟܐܕܡܨܪܝܢ܂ܘܐܫܬܥܝܬܠܗܥܠܚܕܐܚܕܐܡܢܗܝܢ,ܦܪܥܘܢܡܠܟܐܕܡܨܪܝܢ܂ܘܐܫܬܥܝܬܠܗܥܠܚܕܐܚܕܐܡܢܗܝܢ
ܘܗܘܫܡܥܘܡܬܕܡܪ܂,,ܘܗܘܫܡܥܘܡܬܕܡܪ܂,ܘܗܘܫܡܥܘܡܬܕܡܪ܂
ܘܬܘܒܐܦܩܬܟܣܦܐܘܕܗܒܐܕܐܝܬܝܬܠܗܐܬܝܬܪܬܚܕܘܬܐܠܥܠܡ̣ܢܡܫܘܚܬܐ܂ܘܐܡܪܡܢܐܐܬܠ,,ܬܘܒܐܫܠܡܬܗܟܠܡܐܕܝܗ̄ܒܗ̄ܘ̣ܐܦܪܥܘܢܡܠܟܐ܂ܘܣܓܕܬܒܬܪܟܢܠܡܠܟܐܣܪܚܕܘ̇ܡܘܐܡܪܬ܂ܫܠܡܟܘܚܘܠܡܢܟ,ܬܘܒܐܫܠܡܬܗܟܠܡܐܕܝܗ̄ܒܗ̄ܘ̣ܐܦܪܥܘܢܡܠܟܐ܂ܘܣܓܕܬܒܬܪܟܢܠܡܠܟܐܣܪܚܕܘ̇ܡܘܐܡܪܬ܂ܫܠܡܟܘܚܘܠܡܢܟ
,,ܒܥܢܐ,ܒܥܐܐ̄ܢܐ
ܠܟ,,,
ܐܡܪܠܝ܂ܐܡܪܬܠܗܒܥܢܐܕܢܐܪܟܘܢܚܝܟ̈܂ܠܝܬܠܝܣܘܢܩܢܐܥܠܡܕܡ܂ܒܠܚܘܕܦܩܘܕܘܢܬܝܗܒ,,ܕܡܪܝܐܢܬܠ,ܕܡܪܝܐܢܬܠ
,,ܠܟ,ܠܟ
,,ܒܐܡܝܢܘ܂ܘܡܕܡܡ̣ܢܩܢܝܢܐܕܡܪܝܠܐܪܐܓ,ܒܐܡܝܢܘ܂ܘܡܕܡܡ̣ܢܩܢܝܢܐܕܡܪܝܠܐܪܐܓ
,,ܐ̄ܢܐ܂,ܐ̄ܢܐ܆
,,ܐܠܐ,ܐܠܐ
,,ܗܒܠܝ,ܗܒܠܝ
,,ܠܢܕܢܒܪܝܕܐܫܬܠܛܥܠܘܗܝܒܦܘܩܕܢܟܘܒܡܠܬܟ܂,ܠܢܕܢܒܪܝܕܐܫܬܠܛܥܠܘܗܝܒܦܘܩܕܢܟܘܒܡܠܬܟ܂
,,ܗ̇ܝܕܝܢ,ܗܝܕܝܢ
,,ܦܩܕܡܠܟܐܣܪܚܕܘܡܘܐܫܠܡܘܗܝ,ܦܩܕܡܠܟܐܣܪܚܕܘܡܘܐܫܠܡܘܗܝ
ܠܝ,,ܠܝ,ܠܝ
ܢܐܕܢ,,ܢܕܢ,ܢܕܢ
ܒܪ,,ܒܪ,ܒܪ
ܚܬܝ܂ܘܐܫܬܠܛܥܠܘܗܝܒܦܘܩܕܢܟܘܠܐܬܬܒܥܡܢܝܥܝܪܬܐ[܂܂܂]ܩܛܥܕܐܝܬܥܡܝܫܠܝܚ̈ܐܘܐܝܙܓܕ̈ܐܡܢܠܘܬܪܥܘܢܡܠܟܐܕܡܨܪܝܢܕܢܚܙܘܢܘܢܪܥܘܢܚܝܠܐܘܢܨܚܢܐܕܚܝ̈ܠܘܬܟܘܢܕܚܠܘܢܡܢܟ܂ܡܛܠܕܐܝܬܝܗܘ̇ܢܒܥܠܕܒܒܝ̈ܢܘܣܢ̈ܐܝܢ܂ܘܫܕܪܗܠܐܓܪܬܐܥܡܐ̄ܢܫܡ̣ܢܥܒ̈ܕܐܕܡܠܟܐ܂ܘܢܣܒܢܐܕܢܐܓܪܬܐܚܕܐܡ̣ܢܐܝܠܝܢܕܟܬܒܐܝܟܡ̇ܢܕܚܙܗ̇ܒܒܝܬܐܕܡܠܟܐܡܪܝ܂ܘܩܪܗܩܕܡܡܠܟܐ܂ܘܟܕܫܡܥܡܠܟܐܗܘ̇ܡܐܕܒܐܓܪܬܐܐܫܬܓܫܘܐܬܕܡܪܘܐܡܪܐܘܐܠܗ̈ܐܡܢܐܕܒܝܫܥܒܕܬܥܡܐܚܝܩܪ܂ܥܕܡܐܕܢܟܬܘܒܗܠܝܢܠܦܪܥܘ̇ܢܒܥܠܕܒܒܝܘܢܦܪܥܢܝܐܝܟܗ̈ܢܐܦܘܪܥܢܐ܂ܗܝܕܝܢܐܡܪܢܐܕܢܠܡܠܟܐ܂ܠܐܬܬܘܗܡܢܗܕܐ܂ܒܪܡܕܫܥܬܐܘܢܐܙܠܠܦܩܥܬܢܫܪܝܢܐܝܟܡܐܕܚܘܝܬܐܓܪܬܐܘܢܚܙܐܫܪܝܪܘܬܣܘܥܪܢܐܐܪܐܫܪܝܪܗܝܐܘܠܐ܂ܗܝܕܝܢܪܟܒܡܠܟܐܘܢܐܕܢܥܡܗܘܐܠܕܘܟܬܐܥܗܝܕܬܐܘܚܙܘܓܝܪܚܝܠܘ̈ܬܐܚܕܪܝ܂ܘܐܦܐܢܐܟܕܚܙܝܬܕܩܪܒܘܥܒܕܬܐܝܟܕܟܬܒܠܝܒܐܓܪܬܐܘܣܡܬܐܢܐܘܚܝ̈ܠܘܬܝܥܠܝܗܘܢܐܝܟܡ̇ܢܕܒܥܐܩܪܒܐܥܡܒܥܠܕܒܒܗ܂ܘܟܕܐܫܬܪܪܬܠܘܬ̣ܡܪܝܡܠܟܐܥܒܝܕܬܐ܂ܕܚܠܡܢܝܣܓܝ܂ܘܣܒܪܕܐܫܬܚܠܦܬܥܠܘܗܝ܂ܘܗܘ̇ܝܬܥܡܣܢܐܘ̈ܗܝ܂ܘܐܢܐܠܐܝܕܥ̇ܬܒܟܠܗ̇ܗܕܐܕܗܘܬܒܨܢܝܥܘܬܐܕܢܐܕܢܠܡܠܟܐܝܕܥܬ:ܫܪܝܪܘܬܣܘܥܪܢܐ܂ܒܪܡܠܐܬܟܪܐܠܟܥܠܗܕܐ܂ܐܠܐܗܦܘܟܠܒܝܬܐܕܡܠܟܘܬܟ܂ܘܐܢܐܡܝܬܐܐ̄ܢܐܠܗܠܟ,,ܚܬܝ,ܚܬܝ
ܟܕܐܣܝܪ,,ܟܕܐܣܝܪ,ܟܕܐܣܝܪ
ܒܫ̈ܫܠܬܐܡܛܠܕܕܡܗ܂ܗܝܕܝܢܦܩܕܘܐܬܝܗܒܠܝܢܐܕܢ܂ܘܐܝܬܝܬܗܠܒܝܬܝ܂ܘܐܣܪܬܗܒܫ̈ܫܠܬܐܕܦܪܙܠܐܘܣܡ̇ܬܒܪ̈ܓܠܘܗܝܣܘܛܡ̈ܐ,,ܒܣܘܛ̈ܡܐ܂,ܒܣܘܛܡ̈ܐ܆
,,ܘܐܘܒܠܬܗܠܒܝܬܐ܂,ܘܐܘܒܠܬܗܠܒܝܬܐ܂
ܘܫܪܝܬ,,ܘܫܪܝܬ,ܘܫܪܝܬ
ܡܚܐܐ̄ܢܐܠܗܡܚ̈ܘܬܐܩܫ̈ܝܬܐ܂,,ܠܡܢܓܕܘܬܗܩܫܝܐܝܬ܂,ܠܡܢܓܕܘܬܗܩܫܝܐܝܬ܂
ܘܡܚܝܬܗ,,ܘܡܚܝܬܗ,ܘܡܚܝܬܗ
,,ܓܝܪ,ܓܝܪ
ܐܠܦ,,ܐܠܦ,ܐܠܦ
ܫܒ̈ܛܐܥܠܚܨܗܘܐܠܦܥܠܪ̈ܓܠܘܗܝ,,ܫܒܛ̈ܝܢ,ܫܒ̈ܛܝܢ
,,ܥܠܚܨܗ܂,ܥܠܚܨܗ܂
ܘܐܠܦ,,,
,,ܘܐܠܦ,ܘܐܠܦ
ܒܝܬܟܬܦܬ̈ܗ,,,
,,ܥܠ,ܥܠ
ܘܐܠܦܥܠܟܪܣܗ܂,,,
ܘܒܟܠܝܘܡܡܚܐ,,ܟܬܦ̈ܬܗ܂,ܟܬܦܬ̈ܗ܂
,,ܘܐܠܦܥܠܟܪܣܗ܂,ܘܐܠܦܥܠܟܪܣܗ܂
,,ܘܐܠܦܥܠ,ܘܐܠܦܥܠ
,,ܛܚܘܗ̄ܪܗ܂,ܛܚܘܪܗ܂
,,ܘܐܠܦܥܠܪ̈ܓܠܘܗܝ܂ܘܟܠܝܘܡܡܚܐܗ̄ܘ̇ܝܬܠܗ܂ܘܟܕܒܥܐܗ̄ܘܐ,ܘܐܠܦܥܠܪ̈ܓܠܘܗܝ܂ܘܟܠܝܘܡܡܚܐܗ̄ܘ̇ܝܬܠܗ܂ܘܟܕܒܥܐܗ̄ܘܐ
,,,ܕܢܬܬܢܝܚ
,,ܒܦܪܘܬܕܩܐܕܡܚ̱ܪܝܐܡܪܡܐ,ܒܦܪܘܬܕܩܐܕܡܚ̱ܪܝܐܡܪܡܐ
ܗ̄ܘܝܬܠܗ,,ܗ̄ܘܝܬܠܗ,ܗ̄ܘܝܬܠܗ
ܟܡܐܕܡܨܐܠܡܛܥܢ܂ܘܐܪܡܝܬܗܒܝܬܡܚ̄ܪܐ,,,
ܕܢܣܘܩ,,ܕܢܣܘܩ,ܕܢܣܘܩ
ܪܚܐܛܡܐܐ܂ܘܝܗܒܗ̄ܘܝܬܠܗܠܚܡܐܘܡܝ̈ܐܠܩܘܝܡܚܝܘ̈ܗܝ܂ܘܦܩܕܬ,,ܪܝܚܐܣܪܝܐ܂ܘܠܚܡܐܘܡܝ̈ܐܠܬܘܪܣܝܗ,ܪܝܚܐܣܪܝܐ܂ܘܠܚܡܐܘܡܝ̈ܐܠܬܘܪܣܝܗ
,,ܒܡܬܩ̈ܠܐܝܗܒ,ܒܡܬܩܠܗܝܗ̄ܒ
,,ܗ̄ܘܝܬ܂ܘܐܫܠܡܬܗ,ܗ̄ܘܝܬ܂ܘܐܫܠܡܬܗ
,,ܒܐܝ̈ܕܝ,ܒܐܝܕܝ̈
ܢܒܘܠܚܠ,,ܢܒܘܠܚܠ,ܢܒܘܠܚܠ
ܘܛܦܫܠܝܡܕܢܙܕܗܪܘܢܒܗ܂ܘܐܦܢܟܬܒ̣ܘܢܟܠܡܐ,,ܘܕܒܫܠܘܡ,ܘܕܒܫܠܝܡ
,,ܛܠܝ̈ܐܕܢܛܪܘܢܝܗܝ܂ܘܐܡܪܬ,ܛܠܝ̈ܐܕܢܛܪܘܢܝܗܝ܂ܘܐܡܪܬ
,,ܠܗܘܢ,
,,ܓܝܪ܂,ܓܝܪ܂
,,ܗܘ̇ܝܬܘܢ,ܗܘܝܬܘܢ
,,ܟܬܒܝܢܟܠܗܝܢ,ܟܬܒܝܢܟܠܗܝܢ
,,ܡ̈ܠܐܕܐܡܪܢܐ,ܡ̈ܐܠܐ
ܕܐܡܪ,,,ܕܐܡܪ
ܠܢܐܕܢܣܟܠܐܗܘܕܝܩܪܬܗܘܚܨܦܬܕܝܠܗܘܠܐܚܟܡܘܠܐ,,,ܐ̄ܢܐ
,,ܠܢܕܢܒܝܫܓܕܐ܂ܕܗܟܢܐܝܩܪܬܗ,ܠܢܕܢܒܝܫܓܕܐ܂ܕܗܟܢܐܝܩܪܬܗ
ܐܣܬܟܠ܂,,,
ܘܥܡܗܕܐܟܠܗ̇ܒܥܐܩܛܠܝ܂ܘܟܠܐܡܬܝܕܥܐܠܗ̄ܘܝܬܘܢܦܩܪܫܐܗ̄ܘܝܬܠܗܘܡܩܛܪܓ܂ܘܫܪܝܬܠܘܬܗܠܡܐܡܪܗܟܢܐ܂,,ܘܚܒܒܬܗ܂,ܘܚܒܒܬܗ܇
,,ܘܗܘܠܐ,ܘܗܘܠܐ
,,ܐܣܬܟܠ܂,ܐܣܬܟܠ܂
,,ܒܪܡܕܝܢܗܘܪܚܡܩܛܠܝܘܐܒܝܕܘܬܝܡ̣ܢ,ܒܪܡܕܝܢܗܘܪܚܡܩܛܠܝܘܐܒܝܕܘܬܝܡ̣ܢ
,,ܚ̈ܝܐ܂ܘܗ̇ܝܕܝܢ,ܚܝ̈ܐ܂ܘܗܝܕܝܢ
,,ܐܡܪܐܚܝܩܪܠܢܕܢܒܪܚܬܗ܀,ܐܡܪܐܚܝܩܪܠܢܕܢܒܪܚܬܗ܀
