433,Sachau_336
ܗܪܟܐܩܦܣܐܚܝܩܪܡ̈ܠܐ,ܗܪܟܐܩܦܣܐܚܝܩܪܡ̈ܠܐ
ܕܚܟܡ̱ܬܗ,ܕܚܟܡِܬܗ
ܕܠܢܕܢܡܠܦ܂ܟܕܡܚܘܐܐܚܝܩܪܠܡܠܟܐܟܠ,ܕܠܢܕܢܡܠܦ܂ܟܕܡܚܘܐܐܚܝܩܪܠܡܠܟܐܟܠ
ܕܥܒܕ,ܥܒܕ
ܢܕܢܠܩܢܝܢܘ̈ܗܝ,ܢܕܢܠܩܢܝܢܘ̈ܗܝ
ܘܠܢܟܣܘ̈ܗܝ܂,ܘܠܢܟܣܘܗ̈ܝ܂
ܗܝܕܝܢܐܢܐܐܚܝܩܪܗܢܐܝܘܠܦܢܐܐܠܦܬܗܠܢܕܢܒܪܚܬܝ܂ܟܕܣܒܪ,ܗܝܕܝܢܐܢܐܐܚܝܩܪܗܢܐܝܘܠܦܢܐܐܠܦܬܗܠܢܕܢܒܪܚܬܝ܂ܟܕܣܒܪ
ܗ̄ܘܝܬ,ܗَܘܝܬ
ܕܟܠܗܝܘܠܦܢܐܕܐܠܦܬܗܢܚܕܝܘܗܝ,ܕܟܠܗܝܘܠܦܢܐܕܐܠܦܬܗܢܚܕܝܘܗܝ
ܒܠܒܗ܂,ܒܠܒܗ
ܘܢܩܘܡܒܬܪܥܡܠܟܐܘܠܐܝܕܥܬܕܠܐܫܡܥ,ܘܢܩܘܡܒܬܪܥܡܠܟܐܘܠܐܝܕܥܬܕܠܐܫܡܥ
ܐܢ̈ܝܢܠܡܠܝ̈܂,ܐܢܝܢܠܡ̈ܠܝ
ܐܠܐܕܪܐܐܢܝܢܐܝܟ,ܐܠܐܕܪܐܐܢܝܢܐܝܟ
ܕܒܪܘܚܐ܂,ܕܒܪܘܚܐ
ܘܗܦܟܘܐܡܪܕܐܚܝܩܪܐܒܝܣܐܒܠܗ܂ܘܐܗܦܟܗܪܥܝܢܗ܂ܘܐܩܦܢܕܢܒܪܝ,ܘܗܦܟܘܐܡܪܕܐܚܝܩܪܐܒܝܣܐܒܠܗ܂ܘܐܗܦܟܗܪܥܝܢܗ܂ܘܐܩܦܢܕܢܒܪܝ
ܥܠ,
ܢܟܣ̈ܝܘܩܢܝܢ̈ܝܡܒܕܪܘܠܐܚܐܣܥܠ,ܢܟܣ̈ܝܘܩܢܝܢ̈ܝܡܒܕܪܘܠܐܚܐܣܥܠ
ܥܒ̈ܕܝ,ܥܒ̈ܕ̈ܝ
ܟܫܝܪ̈ܐ,ܟܫܝܪ̈ܐ
ܘܢܢܓܕ,ܕܢܓܕ
ܐܢܘܢ,ܐܢܘܢ
ܩܕܡܝ܂ܘܥܠܪ̈ܟܫܝܘܘܟܘܪܫܘܬܐ,ܩܕܡܝܥܠܪ̈ܟܫ̈ܝܘܒܘܕܢ̈ܝܬܝ
ܕܡܩܛܠ܂ܘܟܕܚܙܝܬ,ܕܡܩܛܠ܂ܘܟܕܚܙܝܬ
ܠܥܒܝ̈ܕܬܗ,ܠܥܒܝܕ̈ܬܗ
ܐܡܪܬܠܗ,ܐܡܪܬܠܗ
ܕܠܢܟܣܝ̈,
ܒܪܝ,ܒܪܝ
,ܠܢܟܣ̈ܝ
ܠܐ,ܠܐ
ܬܬܩܪܒ,ܬܬܩܪܒً
ܐܡܝܪܒܡܬܠ̈ܐܕܐܝܕܐܕܠܐܩܢܝܬܥܝܢܐ,ܐܡܝܪܒܡܬܠ̈ܐܕܐܝܕܐܕܠܐܩܢܝܬܥܝܢܐ
ܠܐܚܣܬ,ܚܣܬ܂
ܘܚܘܝܬܐܢܝܢܗܠܝܢ,ܘܚܘܝܬܐܢܝܢܗܠܝܢ
ܠܡܪܢ,ܠܡܪܝ
ܡܠܟܐ܂,ܡܠܟܐ܂
ܘܟܕܦܩܕ,ܟܕܢܦܩܕ
ܡܠܟܐܕܠܐܢܬܩܪܒ,ܡܠܟܐܕܠܐܢܬܩܪܒ
ܐ̄ܢܫܠܩܢܝܢ̈܏ܘ܇ܠܩܢܝܢ̈ܘܗܝܘܠܢܟܣܘ̈ܗܝ,ܐَܢܫܠܩܢܝܢܘܗ̈ܝ
ܕܐܚܝܩܪܣܦܪܐ܂ܗܟܢܐܕܐܟܡܐܕܐܚܝܩܪ,ܕܐܚܝܩܪܣܦܪܐ܂ܗܟܢܐܕܐܟܡܐܕܐܚܝܩܪ
ܒܚܝܘܗ̈ܝ܂ܐ̄ܢܫ,ܒܚ̈ܝܐܐܝܬܘܗܝܐَܢܫ
ܠܢܟܣܘ̈ܗܝ,ܠܢܟܣܘ̈ܗܝ
ܘܠܒܝܬܗ,ܘܠܒܝܬ
ܠܐܢܬܩܪܒ܂ܟܕܢܣܒܐܚܝܩܪܠܐܚܘܗܝ,ܠܐܢܬܩܪܒ܂ܟܕܢܣܒܐܚܝܩܪܠܐܚܘܗܝ
,ܕܢܕܢܕܢܪܒܝܘܗܝ܂ܗܝܕܝܢܟܕܚܙܐܠܐܚܘܗܝ
ܙܥܘܪܐܕܢܣܒܬܗ,ܙܥܘܪܐܕܢܣܒܬܗ
ܘܪܒܝܬܗܘܗܐ,ܘܕܒܝܬܗܗܐ
ܩܐܡܩܕܡܝܒܒܝܬܝܘܐܬܒܐܫܠܗ܂ܘܩܨܦܟܕܣܡܢܕܢܒܬܪܥܝܬܗ,ܩܐܡܩܕܡܝܒܒܝܬܝܘܐܬܒܐܫܠܗ܂ܘܩܨܦܟܕܣܡܢܕܢܒܬܪܥܝܬܗ
ܡ̈ܠܐܕܒܝܫܘܬܐ܂,ܡܠ̈ܐܕܒܝܘܬܐ
ܠܗܕܐܐܡܪܗܟܢܐ܂ܐܚܝܩܪܐܒܝܣܐܒ܂,ܠܗܕܐܐܡܪܗܟܢܐ܂ܐܚܝܩܪܐܒܝܣܐܒ܂
ܘܚܟܡ̱ܬܗܥܒܪܬ܂,ܘܚܟܡِܬܗܥܒܪܬ
ܘܡܠܘܗ̈ܝܫܛܝ̈܂ܕܠܡܐܢܬܠܢܟܣܘܗ̈ܝ,ܘܡܠܘܗ̈ܝܫܛܝ̈܂ܕܠܡܐܢܬܠܢܟܣܘܗ̈ܝ
ܠܐܚܝ,ܠܐܚܝ܂
ܘܠܝܢܪܚܩܡܢܒܝܬܗ܂ܘܫܡܥܐܚܝܩܪܡܠܘܗ̈ܝܕܢܕܢܗܝܕܝܢܐܬܚܫܒ܂ܦܢܝ,ܘܠܝܢܪܚܩܡܢܒܝܬܗ܂ܘܫܡܥܐܚܝܩܪܡܠܘܗ̈ܝܕܢܕܢܗܝܕܝܢܐܬܚܫܒ܂ܦܢܝ
ܗ̄ܘܐ,ܗَܘܐ
ܐܚܝܩܪܠܢܕܢܘܗܟܢܐܐܡܪܠܗ܂,ܐܚܝܩܪܠܢܕܢܘܗܟܢܐܐܡܪܠܗ܂
ܚܒܠܝܗ,ܚܒܝܠܝܗ
ܠܚܟܡܬܝܒܪܝܐܝܟܢܦܟܗܬܠܘܬܟ܂ܘܟܕܗܠܝܢܫܡܥܒܪܝܣܓܝ,ܠܚܟܡܬܝܒܪܝܐܝܟܢܦܟܗܬܠܘܬܟ܂ܘܟܕܗܠܝܢܫܡܥܒܪܝܣܓܝ
ܪܓܙܘܒܝܤܬܐ,ܪܓܙ܂ܘܒܝܫܝܐ
ܒܠܒܗܥܬܕܥܠܝ܂ܘܐܙܠܠܗ,ܒܠܒܗܥܬܕܥܠܝ܂ܘܐܙܠܠܗ
ܠܬܪܥ,ܠܬܕܥ
ܡܠܟܐܕܗܝܒܝܫܬܐܕܒܠܒܗܠܥܒܕܐ,ܡܠܟܐܕܗܝܒܝܫܬܐܕܒܠܒܗܠܥܒܕܐ
ܢܝܬܝܗ܂,ܢܝܬܐ܂
ܟܕܟܬܒ,ܟܕܟܬܒ
ܒܐܚܝܩܪ,ܐܚܝܩܪܐܘܟܝܬܒܫܡܗ
ܐܓܪܬܐ,ܐܓܪܬܐ
ܕܒܝܫܬܐܘܠܬܪܥܡܠܟܐܐܬܐܕܢܚܘܐܐܢܝܢ܂ܘܟܬܒܐܓܪ̈ܬܐ,
ܕܒܝܫܬܐ܂ܘܠܬܪܥܡܠܟܐܐܬܐܕܢܚܘܐ,ܕܒܝܫܬܐ܂ܘܠܬܪܥܡܠܟܐܐܬܐܕܢܚܘܐ
ܐܢܝܢ܂ܘܟܬܒ,ܐܢܘܢ܂ܘܟܕ
ܐܓܪ̈ܬܐܬܪ̈ܬܝܢܒܫܡܝ,ܐܓܪ̈ܬܐܬܪ̈ܬܝܢܒܫܡܝ
ܠܡܠܟ̈ܐܒܥܠܕܒܒܘܗ̈ܝ,ܠܡܠܟܐܒܥܠܕܒܒܘ̈ܗܝ
ܕܣܢܚܪܝܒܡܠܟܐ܂ܕܡܢܚܕܐܡܢܗܝܢܠܐܦܝ̈ܡܠܟܐܕܦܪܣܘܕܥܝܠܡ܂ܘܗܟܢܐܟܬܒ,ܕܣܢܚܪܝܒܡܠܟܐ܂ܕܡܢܚܕܐܡܢܗܝܢܠܐܦܝ̈ܡܠܟܐܕܦܪܣܘܕܥܝܠܡ܂ܘܗܟܢܐܟܬܒ
ܒܗ,ܒܗ܂
ܡܢܐܚܝܩܪܣܦܪܐܘܥܙܩܬܐ,ܡܢܐܚܝܩܪܣܦܪܐܘܥܙܩܬܐ
ܕܣܪܚܕܘܡܡܠܟܐ܂,ܕܣܖܚܕܘܡܕܣܪܚܕܘܡ
ܫܠܡ,
ܠܟ,
ܡܠܟܐ,ܡܠܟܐ
,ܫܠܡ
ܕܦܪܣܘܕܥܝܠܡ܂,
,ܠܟ܂
ܟܕܐܓܪܬܐܗܕܐܬܩܒܠܒܥܓܠ,ܟܕܐܓܪܬܐܗܕܐܬܩܒܠܒܥܓܠ
ܦܘܩ,ܦܘܘ
ܘܬܐܠܐܬܘܪ܂ܘܐܢܐܡܫܠܡ,ܘܬܐܠܐܬܘܪ܂ܘܐܢܐܡܫܠܡ
ܐ̄ܢܐ,ܐَܢܐ
ܠܗ,ܠܗ
,ܠܟ
ܠܐܬܘܪ܂,ܠܐܬܘܪ܂
ܠܟ,
,ܘܡܠܟܘܬܗ
ܘܡܠܟܘܬܐ,
ܬܐܚܘܕܕܠܐ,ܬܐܚܘܕܕܠܐ
ܩܪܒܐ,ܩܪܒܐ܂
ܘܕܠܐܩܐܪܣܐ܂ܘܬܘܒܟܬܒܐܓܪܬܐ,ܘܕܠܐܩܐܪܣܐ܂ܘܬܘܒܟܬܒܐܓܪܬܐ
ܐ̄ܚܪܬܐ,ܐَܚܪܬܐ
ܒܫܡܝܠܦܪܥܘܢܡܠܟܐ,ܒܫܡܝܠܦܪܥܘܢܡܠܟܐ
ܕܐܝܬܒܡܨܪܝܢ܂,ܕܡܨܪܝܢ܂
ܘܗܟܢܐܟܬܒܒܗ܂ܟܕܐܓܪܬܐܬܡܛܐܠܘܬܟ܂,ܘܗܟܢܐܟܬܒܒܗ܂ܟܕܐܓܪܬܐܬܡܛܐܠܘܬܟ܂
ܦܘܩܠܐܘܪܥܝ,ܦܘܩܝܠܐܘܪܥܝ܂
ܠܦܩܥܬܐܕܒܬܝܡܢܐ܂ܒܝܘܡ,ܠܦܩܥܬܐܕܒܬܝܡܢܐ܂ܒܝܘܡ
ܥܣܪ̈ܝܢ,ܥܣܪܝܢ
ܘܚܡܫܐܒܐܒܝܪܚܐ܂ܘܐܢܐ,ܘܚܡܫܐܒܐܒܝܪܚܐ܂ܘܐܢܐ
ܡܥܠܐ̄ܢܐܠܟܠܢܝܢܘܐ܂,ܐܥܠܟܢܝܢܘ̈ܐ܂
ܘܬܐܚܘܕܒܗܡܠܟܘܬܐܕܠܐܩܪܒܐ܂ܘܕܡܝܐܢܝܢ,ܘܬܐܚܘܕܒܗܡܠܟܘܬܐܕܠܐܩܪܒܐ܂ܘܕܡܝܐܢܝܢ
,ܐܓܪ̈ܬܐ
ܠܟܬܝ̈ܒܬܝ,ܠܟܬܝ̈ܒܬܝ
ܒܐܝ̈ܕܝ܂ܘܛܒܥ,ܒܐܝܕ̈ܝ܂ܘܛܒܥ̈
ܐܢܝܢ,ܐܢܝܢ
ܒܥܙܩܬܝ,ܒܥܙܩܬ
ܕܝܠܝ܂ܘܫܕܐܐܢܝܢܒܚܕܡܢ,ܕܝܠܝ܂ܘܫܕܐܐܢܝܢܒܚܕܡܢ
ܬܘܢܘ̈ܗܝ,ܬܘܢܘܗ̈ܝ
ܕܡܠܟܐ܂ܟܕܟܬܒܢܕܢܐܓܪܬܐܠܐܚܝܩܪܐܒܘܗܝܥܠܦܘܡ,ܕܡܠܟܐ܂ܟܕܟܬܒܢܕܢܐܓܪܬܐܠܐܚܝܩܪܐܒܘܗܝܥܠܦܘܡ
ܡܠܟܐ,ܡܠܟܐ܂
ܘܬܘܒܟܬܒܐܓܪܬܐ,ܘܬܘܒܟܬܒܐܓܪܬܐ
ܐ̄ܚܪܬܐ,ܐَܚܪܬܐ܂
ܐܝܟܕܡܢܡܪܝ,ܐܝܟܕܡܢܡܪܝ
ܡܠܟܐ,ܡܠܟܐ܂
ܡܢܣܪܚܕܘܡܠܐܚܝܩܪܣܦܪܐܕܡܪܝܫܠܡ܂ܟܕܐܓܪܬܐܗܕܐ,ܡܢܣܪܚܕܘܡܠܐܚܝܩܪܣܦܪܐܕܡܪܝܫܠܡ܂ܟܕܐܓܪܬܐܗܕܐ
ܬܬܩܒܠ܂,ܐܬܩܒܠܬ܂
ܟܢܫܚܝܠܐܟܠܗܠܛܘܪܐ܂ܘܡܢܬܡܢܦܘܩܠܦܩܥܬ,ܟܢܫܚܝܠܐܟܠܗܠܛܘܪܐ܂ܘܡܢܬܡܢܦܘܩܠܦܩܥܬ
ܢܫܪܝܢ܂ܒܝܘܡ܂ܟܗ܂,ܢܫܪ̈ܐܒܝܘܡܥܣܪܝܢܘܚܡܫܐ
ܒܝܪܚܐ,ܒܝܪܚܐ
,ܕܐܒ܂
ܘܡܐܕܚܙܐ,ܘܡܐܕܚܙܐ
ܐܢ̄ܬ,ܐܢَܬ
ܠܝܕܡܬܩܪܒ,ܠܝܕܡܬܩܪܒ
ܐ̄ܢܐ,ܐَܢܐ
ܠܘܬܟ܂ܣܕܘܪܚܝܠܐܠܘܩܒܠܝ܂ܐܝܟܓܒܪܐ,ܠܘܬܟ܂ܣܕܘܪܚܝܠܐܠܘܩܒܠܝ܂ܐܝܟܓܒܪܐ
ܕܥܬܝܕܠܩܪܒܐ܂,ܕܡܛܝܒܠܩܖܒܐ܂
ܡܛܠܕܐܝܙ̈ܓܕܐܕܦܪܥܘܢܡܠܟܐܕܡܨܪܝܢܐܬܘܠܘܬܝ܂ܕܢܕܥܘܢ,ܡܛܠܕܐܝܙ̈ܓܕܐܕܦܪܥܘܢܡܠܟܐܕܡܨܪܝܢܐܬܘܠܘܬܝ܂ܕܢܕܥܘܢ
ܡܢܐ,ܟܡܐ
ܚܝܠܐܐܝܬܠܝ܂,ܚܝܠܐܐܝܬܠܝ܂
ܘܫܕܪܗ,ܘܫܕܪܘܗܠܡ
ܠܝ,ܠܝ
ܗܕܐ,
ܥܡܬܪܝܢܓܒܪ̈ܝܢ܂ܟܕ,ܥܡܬܪܝܢܓܒܪ̈ܝܢ܂ܟܕ
ܝܗ̄ܒ,ܝܗَܒ
ܢܕܢܒܪܝܠܡܠܟܐܐܓܪܬܐ܂ܗܝܕܟܬܒܥܠܦܘܡܐܚܝܩܪ܂ܗܝܕܝܢܠܒܟܗܒܪܝܢܕܢܠܚܕܐܡܢ,ܢܕܢܒܪܝܠܡܠܟܐܐܓܪܬܐ܂ܗܝܕܟܬܒܥܠܦܘܡܐܚܝܩܪ܂ܗܝܕܝܢܠܒܟܗܒܪܝܢܕܢܠܚܕܐܡܢ
ܐܓܪ̈ܬܐ,ܐܓܪ̈ܬܐ܂
ܐܝܟܗܘ,ܐܝܟܗܘ
ܕܡܫܟܚܘܗ,ܕܡܫܟܚܘ
ܐܫܟܚܗ܂ܘܩܪܗܩܕܡܡܠܟܐ܂ܘܟܕܫܡܥܣܓܝ,ܐܫܟܚܗ܂ܘܩܪܗܩܕܡܡܠܟܐ܂ܘܟܕܫܡܥܣܓܝ
ܪܓܙ,ܪܓ
ܟܕܐܬܚܡܬܡܠܟܐܥܠܐܚܝܩܪ܂ܘܗܟܢܐ,ܟܕܐܬܚܡܬܡܠܟܐܥܠܐܚܝܩܪ܂ܘܗܟܢܐ
ܐܡܪ,ܐܡܪ܂
ܐܘܢܐܠܗܐ,ܐܘܢܐܠܗܐ
,ܐܠܗܐ܂
ܡܢܐ,ܡܢܐ
ܚܛܝܬ܆ܠܗ,ܚܛܝܬܠܟܘܠܗ
ܠܐܚܝܩܪܕܗܟܢܐܨܒܐܕܢܥܒܕ,ܠܐܚܝܩܪܕܗܟܢܐܨܒܐܕܢܥܒܕ
ܠܝ܂,ܠܝ
ܟܕܡܦܢܐܢܕܢܠܡܠܟܐܡܛܠܐܚܝܩܪ܂,ܟܕܡܦܢܐܢܕܢܠܡܠܟܐܡܛܠܐܚܝܩܪ܂
ܗܝܕܝܢ,ܗܝܕܝܝܢ
ܥܢܐܢܕܢܘܐܡܪܠܡܠܟܐ܂ܠܐܬܩܨܘܦܡܪܝ,ܥܢܐܢܕܢܘܐܡܪܠܡܠܟܐ܂ܠܐܬܩܨܘܦܡܪܝ
ܡܠܟܐ܂,ܡܠܟܐ
ܢܐܙܠܢܦܘܩܠܦܩܥܬܢܫܪܝܢܐܝܟܕܟܬܝܒ,ܢܐܙܠܢܦܘܩܠܦܩܥܬܢܫܪܝܢܐܝܟܕܟܬܝܒ
ܒܐܓܬܐ,ܒܐܓܪܬܐ
ܗܕܐ܂,ܗܕܐ܂
ܘܡܢ,ܕܡܢ
ܬܡܢܝܕܥܝܢܢܫܪܪܐܕܗܠܝܢ܂ܘܟܠܕܦܩܕ,ܬܡܢܝܕܥܝܢܢܫܪܪܐܕܗܠܝܢ܂ܘܟܠܕܦܩܕ
ܐܢ̄ܬܢܗܘܐ܂,ܐܢَܬܢܗܘܐ܁
ܟܕܕܝܢܦܩܕܡܠܟܐ,ܟܕܕܝܢܦܩܕܡܠܟܐ
ܕܢܬܛܝܒ̈ܘܢ,ܕܢܬܛܝܒܘܢ
ܕܢܣܩܘܢܠܦܩܥܬܐ܂ܕܢܚܙܘܢܫܪܪܐܕܝܠܗܕܣܘܥܪܢܐܘܕܒܪܢܕܢܒܪܝܠܡܠܟܐ܂ܘܐܬܘ,ܕܢܣܩܘܢܠܦܩܥܬܐ܂ܕܢܚܙܘܢܫܪܪܐܕܝܠܗܕܣܘܥܪܢܐܘܕܒܪܢܕܢܒܪܝܠܡܠܟܐ܂ܘܐܬܘ
ܘܢܫܟܚܘܢܢܝ܂,ܕܢܫܟܚܘܢܢܝ
ܘܠܚܝܠܐ,ܘܠܚܝܠܐ
ܕܥܡ,ܕܥܡܝ
ܒܦܩܥܬ,ܒܦܩܥܬ
ܢܫܪܝܢ܂,ܢܫܪ̈ܝܢ܂
ܘܟܕܚܙܝܬܗ,ܘܟܕܚܙܝܬܗ
ܘܐܬܐ,ܕܐܬܐ
ܠܘܩܒܠܝܣܕܪܬܚܝܠܐܠܩܘܒܠܗܐܝܟܕܠܩܪܒܐܥܠܬܘܟܠܢܐܕܐܓܪܬܐܗܝܕܫܕܪܠܝܒܪܝ܂ܘܐܡܪ,ܠܘܩܒܠܝܣܕܪܬܚܝܠܐܠܩܘܒܠܗܐܝܟܕܠܩܪܒܐܥܠܬܘܟܠܢܐܕܐܓܪܬܐܗܝܕܫܕܪܠܝܒܪܝ܂ܘܐܡܪ
ܠܗ,
ܒܪܝܠܡܠܟܐ܂ܙܠܠܒܝܬܟ,ܒܪܝܠܡܠܟܐ܂ܙܠܠܒܝܬܟ
ܒܢܝܚܐܡܪܝ܁,ܒܢܝܚܐ܂ܐܘܡܪܝ܂
ܘܐܢܐܠܐܚܝܩܪܐܒܝܡܝܬܐ,ܘܐܢܐܠܐܚܝܩܪܐܒܝܡܝܬܐ
ܐ̄ܢܐ,ܐَܢܐ
ܠܗܠܩܕܡܝܟ܂ܘܡܠܟܐܐܙܠܠܒܝܬܗ܂ܟܕܕܝܢܐܬܐܢܕܢܒܐܝܙܓܕܘܬܐܠܘܬ,ܠܗܠܩܕܡܝܟ܂ܘܡܠܟܐܐܙܠܠܒܝܬܗ܂ܟܕܕܝܢܐܬܐܢܕܢܒܐܝܙܓܕܘܬܐܠܘܬ
ܐܚܝܩܪ,ܐܚܝܩܖ
ܐܒܘܗܝ܂ܗܝܕܝܢܢܕܢܒܪܝܐܬܐܠܘܬܝ܂ܘܥܢܐܘܐܡܪܠܝ܂ܡܪܝܡܠܟܐܫܕܪܢܝܠܘܬܟ,ܐܒܘܗܝ܂ܗܝܕܝܢܢܕܢܒܪܝܐܬܐܠܘܬܝ܂ܘܥܢܐܘܐܡܪܠܝ܂ܡܪܝܡܠܟܐܫܕܪܢܝܠܘܬܟ
ܘܐܡܪ,ܕܐܡܪ
ܠܟܟܠ,ܠܟܟܠ
ܕܥܒܕܬ,ܕܥܒܪܬ
ܫܦܝܪܥܒܕܬ܂ܘܣܓܝܫܒܚܟܡܠܟܐ܂ܘܗܫܐܐܦܛܪܘ,ܫܦܝܪܥܒܕܬ܂ܘܣܓܝܫܒܚܟܡܠܟܐ܂ܘܗܫܐܐܦܛܪܘ
ܚܝܠܘ̈ܬܐܘܐ̄ܢܫܐܙܠ,ܚܝ̈ܠܘܬܐܟܠܢܫܢܐܙܠ
ܠܒܝܬܗ܂,ܠܒܝܬܗ܂
ܘܐܢ̄ܬ,ܘܐܢَܬ
ܕܝܢܒܠܚܘܕܝܟܬܐ,ܕܝܢܒܠܚܘܕܝܟܬܐ
ܠܘܬܝ܂,ܠܘܬܟ܂
ܟܕܐܬܐܐܚܝܩܪܣܦܪܐܕܝܠܝܘܒܥܠܬܪܥܝܬܐܕܝܠܝܘܕܐܬܘܪ,ܟܕܐܬܐܐܚܝܩܪܣܦܪܐܕܝܠܝܘܒܥܠܬܪܥܝܬܐܕܝܠܝܘܕܐܬܘܪ
ܘܢܝܢܘܐ,ܘܕܢܝܢܘ̈ܐ
ܐܢܐ,ܐܢܐ
ܐܦܛܪܬܟ,ܫܒܩܬܟ
ܠܐܝܩܪܐܘܠܢܝܚܐ,ܠܐܝܩܪܐܘܠܢܝܚܐ
ܘܐܢ̄ܬܗܦܟܬ,ܘܐܢَܬܗܦܟَܬ
ܘܗܘܝܬܡܢܒܥܠܕܒܒܝ̈܂,ܘܗܘܝܬܡܢܒܥܠܕܒܒܝ̈܂
ܘܝܗ̄ܒܠܝ,ܘܝܗَܒܠܝ
ܐܓܪܬܐ,ܐܓܪܬܐ
ܗܝܕܒܟܬܝܒܬܝܐܝܕ̈ܝ,ܗ݀ܝܕܒܟ̈ܬܒܬܝܐܝܕܝ
ܡܕܡܝܐ,ܡܕܡܝܐ
ܗ̄ܘܬ܂,ܗَܘܬ܂
ܘܒܥܙܩܬܐܕܝܠܝܚܬܝܡܐ,ܘܒܥܙܩܬܐܕܝܠܝܚܬܝܡܐ
ܗ̄ܘܬ܂,ܗَܘܬ܂
ܘܐܡܪܠܝ,ܘܐܡܪܠܝ
ܡܠܟܐ܂,ܡܠܟܐ
ܩܪܝܗܠܐܓܪܬܐܗܕܐ܂ܘܟܕܩܪܝܬܗܐܫܬܪܝܘ,ܩܪܝܗܠܐܓܪܬܐܗܕܐ܂ܘܟܕܩܪܝܬܗܐܫܬܪܝܘ
ܗܕܡܝ̈ܘܐܬܠܥܓܠܫܢܝ,ܗܕܡܝ̈܂ܘܐܬܠܥܠܝܠܫܢܝ܂
ܘܒܥܝܬܚܕܐܡܢ,ܘܒܥܝܬܚܕܐܡܢ
ܡ̈ܠܐܚܟܝܡ̈ܬܐ,ܡܢܡܠ̈ܐܚܟܝ̈ܡܬܐ
ܘܠܐܐܫܟܚܬ܂,ܘܠܐܐܫܟܚܬ܂
ܘܟܕܝܗ̄ܒ,ܟܕܝܗَܒ
ܠܗܐܓܪܬܐ,ܠܗܐܓܪܬܐ
ܕܗܝ,ܗܝ
ܕܥܠ,ܕܥܠ
ܦܘܡܗ,ܦܘܡܗ܂
ܐܬܟܬܒܬ,ܐܬܟܬܒܬ
ܕܢܩܪܐ܂,ܕܢܩܪܐ
ܘܩܪܗܘܐܒܕܬ,ܘܩܪܗܘܐܒܕܬ
ܚܟܡ̱ܬܗ,ܚܟܡِܬܗ
ܡܢ,ܡܢ
ܬܗܪܐ,ܬܗܖܐ
ܕܐܪܥܗ܂ܗܝܕܝܢܦܩܕܡܠܟܐܕܢܬܩܛܠܒܒܝܬܗ܂ܘܥܢܝܬܐܢܐܐܚܝܩܪܘܠܡܠܟܐ,ܕܐܪܥܗ܂ܗܝܕܝܢܦܩܕܡܠܟܐܕܢܬܩܛܠܒܒܝܬܗ܂ܘܥܢܝܬܐܢܐܐܚܝܩܪܘܠܡܠܟܐ
ܐܡܪܬܡܪܝܡܠܟܐܠܥܠܡܚܝܝ܂,ܐܡܪܬ܂ܡܪܝܡܠܟܐܠܥܠܡܚܝ܂
ܡܟܝܠ,ܡܟܝܠ
,ܕܝܢ
ܕܨܒܐ,ܕܨܒܐ
ܐܢܬ,ܐܢَܬ
ܕܬܩܛܠܢܝ܂ܨܒܝܢܟܢܗܘܐ܂ܘܐܢܐܝܕܥ,ܕܬܩܛܠܢܝ܂ܨܒܝܢܟܢܗܘܐ܂ܘܐܢܐܝܕܥ
ܐ̄ܢܐ,ܐَܢܐ
ܕܠܐܚܛܝܬܠܟ܂ܐܠܐܦܩܘܕܡܪܝܡܠܟܐ,ܕܠܐܚܛܝܬܠܟ܂ܐܠܐܦܩܘܕܡܪܝܡܠܟܐ
ܕܒܬܪܥ,ܕܢܬܪܥ
ܒܝܬܝܢܩܛܠܘܢܢܝ܂ܘܢܬܠܘܢܦܓܪܝܠܩܒܘܪܬܐ܂ܘܦܩܕܡܠܟܐܕܗܟܢܐ,ܒܝܬܝܢܩܛܠܘܢܢܝ܂ܘܢܬܠܘܢܦܓܪܝܠܩܒܘܪܬܐ܂ܘܦܩܕܡܠܟܐܕܗܟܢܐ
ܢܗܘܐܘܕܫܠܝܚ,ܢܗܘܐ܂ܘܫܠܚ
ܐܚܝܩܪ,ܐܚܝܩܪ
ܠܐܫܦܓܢܝܐܢܬܬܗ,ܠܘܬܐܫܦܓܥܝܐܢَܬܬܗ
ܡܛܠܩܛܠܗ܂ܘܐܢܐܐܚܝܩܪ,ܡܛܠܩܛܠܗ܂ܘܐܢܐܐܚܝܩܪ
ܫܠܚܬ,ܫܠܚ
ܠܘܬ,ܠܘܬ
ܐܢܬܬܝ,ܐܢَܬܬܐ
ܕܬܦܘܩ,ܕܬܦܘܩ
ܠܐܘܪܥܝ܂ܘܬܦܩ,ܠܐܖܪܥܝ܂ܘܬܦܘ
ܥܡܗ,ܥܡܗ
ܡܢܒܢܬܝ̈,
ܐܠܦ,ܐܠܦ
ܒܬܘ̈ܠܢ܂ܘܕܢܗܘܝܢ,ܒܬܘ̈ܠܢ܂ܘܢܗܘ̈ܝܢ
ܠܒܝܫ̈ܢ,ܠܒܝܫ̈ܢ
ܒܘ̈ܨܐܘܐܪ̈ܓܘܢܐ,ܒܘܨ̈ܐܘܐܪܓܘܢܐ
ܘܟܪ̈ܡܠܐ܂ܘܢܗ̈ܘܝܢܡܪ̈ܩܕܢܠܐܘܪܥܝ,ܘܟܪ̈ܡܠܐ܂ܘܢܗ̈ܘܝܢܡܪ̈ܩܕܢܠܐܘܪܥܝ
ܘܢܚܘ̈ܝܢ,ܘܢܚ̈ܘܝܢ
ܒܝܬ,ܒܝܬ
ܒܟܝ̈,ܒܟ̈ܝ
ܥܕܠܐܐܡܘܬ܂ܘܥܒܕܝܠܚܡܐܠܢܒܘܣܡܟ,ܥܕܠܐܐܡܘܬ܂ܘܥܒܕܝܠܚܡܐܠܢܒܘܣܡܟ
ܡܣܟܢܐܟܢܬܝ܂ܘܠܦܪ̈ܬܘ̈ܝܐ,ܡܣܟܝܢܟܢ̈ܬܝ܂ܘܠܦܪ̈ܬܘܝܐ
ܕܥܡܗ܂,ܕܥܡܗ܂
ܘܦܘܩܝ,ܘܦܘܩ
ܠܐܘܪܥܗܘܢܘܐܥܠܝܐܢܘܢܠܒܝܬܝܕܐܦܐܢܐܐܥܘܠܥܡܗܘܢ,ܠܐܘܪܥܗܘܢܘܐܥܠܝܐܢܘܢܠܒܝܬܝܕܐܦܐܢܐܐܥܘܠܥܡܗܘܢ
ܠܒܝܬܝ,ܠܒܝܬܟ
ܐܝܟܐܪܚܐ܂ܟܕܢܦܩܬ,ܐܝܟܐܪܚܐ܂ܟܕܢܦܩܬ
ܐܫܦܓܢܝܐܢ̄ܬܬ,ܐܫܦܥܓܝܐܢَܬܬ
ܐܚܝܩܪܠܐܘܪܥܗ܂ܗܝܕܝܢ,ܐܚܝܩܪܠܐܘܪܥܗ܂ܗܝܕܝܢ
ܐܢ̄ܬܬܝ,ܐܢَܬܬَܟ
ܟܕ,ܟܕ
ܐܝܙ̈ܓܕܐ,ܠܐܝܙ̈ܓܕܐ
ܩܒܠܬܣܓܝ,ܩܒܠܬܣܓܝ
ܚܟܡ̱ܬܐܐܬܡܠܝܬ,ܚܟܡِܬܐܡܠܝܬ܂
ܘܟܠ,ܘܟܠ
ܕܫܠܚܬ,ܕܫܕܪܬ
ܠܗ,ܠܗ
ܥܒܕܬܘܠܐܘܪܥܗܘܢ,ܥܒܕܬ܂ܘܠܐܘܪܥِܗܘܢ
ܕܢܒܘܣܡܟ,ܕܢܒܘܣܡܟ
ܘܕܦܪ̈ܬܘܝܐ,ܘܦܪ̈ܬܘܝܐ
ܢܦܩܬ܂ܘܐܥܠܬܐܢܘܢܠܒܝܬܗ܂ܘܟܕܩܪܒܬ,ܢܦܩܬ܂ܘܐܥܠܬܐܢܘܢܠܒܝܬܗ܂ܘܟܕܩܪܒܬ
ܐܫܦܓܢܝ,ܐܫܦܥܓܝ
ܠܚܡܐܠܢܒܘܣܡܟܘܠܦܪ̈ܬܘܝܐܘܩܪܒܬܠܗܘܢܐܦ,ܠܚܡܐܠܢܒܘܣܡܟܘܠܦܪ̈ܬܘܝܐܘܩܪܒܬܠܗܘܢܐܦ
ܚܡܪܐ,ܚܡܪܐ܂
ܘܡܙܓܬ,ܘܡܙܓܬ
ܠܗܘܢ܂,ܒܗܘܢ
ܘܗܝ,ܘܗܝ
ܐܫܦܓܢܝ,ܐܫܦܥܓܝ
ܡܫܡܫܐ,ܡܫܡܫܐ
ܗ̄ܘܬ,ܗَܘܬ
ܠܗܘܢܥܕܡܐܕܪܘܝܘܟܠܗܘܢܘܕܡܟܘ܂,ܠܗܘܢܥܕܡܐܕܪܘܝܘܟܠܗܘܢܘܕܡܟܘ܂
ܘܟܕ,ܟܕܪܘܝܘ
ܦܪ̈ܬܘܝܐܡܢܚܡܪܐ܂ܗܝܕܝܢܐܬܛܒܥܘ,ܦܪ̈ܬܘܝܐܡܢܚܡܪܐ܂ܗܝܕܝܢܐܬܛܒܥܘ
,ܐܬܛܒܥܘ
ܒܫܢܬܐ,ܒܫܢܬܐ
ܝܩܝܪܬܐ܂,ܝܩܝܪܬܐً
ܘܟܠܚܕ,ܘܟܠܚܕ
ܚܕ,
ܡܢܗܘܢܒܕܘܟܬܗ,ܡܢܗܘܢܒܕܘܟܬܗ
ܕܡܟܘ,ܕܡܟ܂
ܫܒܚܬܠܐܠܗܐܡܪܗܕܫܡܝܐ,ܫܒܚܬܠܐܠܗܐܡܪܗܕܫܡܝܐ
ܘܕܐܪܥܐ,ܘܕܐܪܥܐ܂
ܥܠܟܠ,ܥܠܟܠ
ܕܗܘܐ܂,ܕܗܘܐ
ܘܐܡܪܬ,ܘܐܡܪܬ
ܐܘܢ,ܩܘܢ
ܐܠܗܐܦܪܘܩܗ,ܐܠܗܐܦܪܘܩܗ
ܕܥܠܡܐ܂ܐܢ̄ܬܝܕܥܐܢ̄ܬ,ܕܥܠܡܐܐܢَܬܝܕܥܬܐܢَܬ
ܟܠܕܗܘܐܘܕܗܘܐ܂,ܟܠܕܗܘܐܘܕܗܘܐ܂
ܐܢ̄ܬ,ܐܢَܬ
ܚܘܪܒܝܒܥܝܢܐܕܪ̈ܚܡܐܩܕܡܢܒܘܣܡܟ܂,ܚܘܪܒܝܒܥܝܢܐܕܪ̈ܚܡܐܩܕܡܢܒܘܣܡܟ܂
,ܟܕܬܒܥܐܚܝܩܪܡܢܢܒܘܣܡܟ
ܕܠܐ,ܕܠܐ
ܢܬܩܛܠ,ܢܬܩܛܠ܂
ܗܝܕܝܢ,ܗܝܕܝܢ
ܐܢܐ,
ܐܚܝܩܪܟܕܚܙܝܬܗܟܢܐܥܢܝܬܘܐܡܪܬ,ܐܚܝܩܪܟܕܚܙܝܬܗܟܢܐܥܢܝܬܘܐܡܪܬ
ܠܢܒܘܣܡܟ܂,ܠܢܒܘܣܡܟ
ܐܪܝܡ,ܐܪܝܡ
ܥܝܢ̈ܝܟ,ܥܝܢܝܟ̈
ܠܫܡܝܐ,ܠܫܡܝܐ
,ܐܘ
ܢܒܘܣܡܟܘܚܙܝܠܐܠܗܐ܂ܘܐܬܕܟܪ,ܢܒܘܣܡܟܘܚܙܝܠܐܠܗܐ܂ܘܐܬܕܟܪ
ܡܠܚܐܘܠܚܡܐ,ܠܚܡܐܘܡܠܚܐ
ܕܐܟܠܢܥܡܚ̈ܕܕܐ܂ܘܠܐܬܚܫܘܒܒܡܘܬܝ܂,ܕܐܟܠܢܥܡܚ̈ܕܕܐ܂ܘܠܐܬܚܫܘܒܒܡܘܬܝ܂
ܘܐܬܥܗ̄ܕ,ܘܐܬܥܗܕ
ܕܐܦܠܟ,ܕܐܦܠܟ
ܐܫܠ̱ܡܟ,ܐܫܠܡܟ
ܐܒܘܗܝܕܡܪܝܡܠܟܐ,ܐܒܘܗܝܕܡܪܝܡܠܟܐ
ܒܐܝܕ̈ܝ,ܒܐܝܕܝ̈
ܕܐܩܛܠܟܘܠܐ,ܕܐܩܛܠܟܘܠܐ
ܩܛܠܬܟ܂,ܩܛܠܬܟ
ܡܛܠܕܝܕܥܬܕܠܝܬ,ܡܛܠܕܝܕܥܬܕܠܝܬ
ܗ̄ܘܐܠܟܣܟܠܘܬܐ܂,ܗَܘܐܣܟܠܘܬܐ
ܐܠܐܢܛܪܬܟܒܚܝ̈ܐܥܕܡܐܕܗܘܡܠܟܐܒܥܟ܂ܡܘܗ̈ܒܬܐ,ܐܠܐܢܛܪܬܟܒܚܝ̈ܐܥܕܡܐܕܗܘܡܠܟܐܒܥܟ܂ܡܘܗ̈ܒܬܐ
ܣܓܝܐ̈ܬܐܝܗ̄ܒܗ̄ܘܐ,ܣܓܝ̈ܐܬܐܝܗܒܗَܘܐ
ܠܝ܂,ܠܝ܂
ܐܢ̄ܬ,ܐܢَܬ
ܗܫܐ,ܗܫܐ
ܛܪܝܢܝ܂,ܛܪܥܝ܂
ܕܠܐܬܪܗܛܠܗ,ܕܠܐܬܪܗܛܠܗ
ܠܡܠܬܐ܂,ܡܠܬܐ܂
ܘܢܐܡܪܕܠܐܐܬܩܛܠ܂ܐܠܐܗܐܟܕܐܝܬܠܝܒܝܬܐܣܝܪ̈ܐܕܝܠܝܚܕܓܒܪܐ,ܘܢܐܡܪܕܠܐܐܬܩܛܠ܂ܐܠܐܗܐܟܕܐܝܬܠܝܒܝܬܐܣܝܪ̈ܐܕܝܠܝܚܕܓܒܪܐ
ܫܘܐ,ܫܩܐ
ܠܡܘܬܐ܂ܣܒ,ܠܡܘܬܐ܂ܣܒ
ܠܒܘܫ̈ܝܐܠܒܫܝܗܝ܂,ܠܒܘܫܝ̈܂ܘܐܠܒܫܝܗܝ܂
ܘܐܥܝܪܥܠܘܗܝܦܪ̈ܬܘܝܐ,ܘܐܥܝܪܥܠܘܗܝܦܪ̈ܬܘܝܐ
ܕܢܩܛܠܘܢܝܗܝ܂ܟܕ,ܕܢܩܛܠܘܢܝܗܝܘܟܕ
ܐܬܩܛܠܓܒܪܐܘܐܥܝܪܥܠܘܗܝ,ܐܬܩܛܠܓܒܪܐܘܐܥܝܪܥܠܘܗܝ
ܦܪ̈ܬܘܝܐ܂,ܦܪܬܘܢܐ܂
ܘܒܝܕ,ܘܒܝܕ
ܪܘܝܘܬܗܘܢ,ܪܘܝ̈ܘܬܗܘܢ
ܩܛܠܘܗܝܠܗܘܓܒܪܐܘܢܦܩ,ܩܛܠܘܗܝܠܗܘܓܒܪܐܘܢܦܩ
ܛܒܐ܂,ܛܒܐ
ܒܐܬܘܪ,ܒܐܬܘܪ
ܘܢܝܢܘܐ,ܘܒܢܝܢ̈ܘܐ
ܕܐܚܝܩܪܐܬܩܛܠ܂ܐܬܛܫܝܐܚܝܩܪܣܦܪܐ܂ܗܝܕܝܢܩܡܢܒܘܣܡܟ,ܕܐܚܝܩܪܐܬܩܛܠ܂ܐܬܛܫܝܐܚܝܩܪܣܦܪܐ܂ܗܝܕܝܢܩܡܢܒܘܣܡܟ
ܘܐܫܦܓܢܝܐܢ̄ܬܬܝܡܛܫܝܢܐ,ܘܐܫܦܥܓܢܝܐܢَܬܬܝ܂ܘܥܒܕܠܝܡܛܫܝܐ
ܒܓܘܐܪܥܐ܂ܦܬܝܗ,ܒܓܘܐܪܥܐ܂ܦܬܝܗ
ܐܡܝ̈ܢܬܠܬ,ܐܡܝܢܬܠܬ܂
ܘܐܘܪܟܗ,ܘܐܘܪܟܗ
ܐܡ̈ܝܢ,ܐܡܝܢ
ܐܪܒܥ܂,ܐܪܒܥ܂
ܘܪܘܡܗ,ܘܥܘܡܩܗ
ܐܡ̈ܝܢ,ܐܡ̈ܝܢ
ܚܡܫ܂ܬܚܝܬܐܣܟܘܦܬܐܕܬܪܥܐܕܒܝܬܐ܂,ܚܡܫܐ܂
ܘܣܡܘܠܝܠܚܡܐܘܡܝ̈ܐ܂ܘܐܙܠܘܘܚܘܝܘܠܡܪܝ,ܘܣܡܘܠܝܠܚܡܐܘܡܝ̈ܐ܂ܘܐܙܠܘܘܚܘܝܘܠܡܪܝ
ܡܠܟܐ,ܡܠܟܐ܂
ܕܐܚܝܩܪܐܬܩܛܠܠܗ܂ܘܗܟܢܐ,ܕܐܚܝܩܪܐܬܩܛܠܠܗ܂ܘܗܟܢܐ
ܡܬܐ̱ܡܪ,ܘܗܟܢܐܡܬܐِܡܪ
ܡܢܡܠܟܐ܂,ܡܢܡܠܟܐ܂
ܚܒ̈ܠܟ,ܚܒܠܝ̈ܟ
ܐܚܝܩܪ,ܐܚܝܩܪ
,ܢܦܠܘܥܠܝ܂
ܣܦܪܐ,ܣܦܪܐ
ܘܚܟܝܡܐ܂,ܘܚܟܝܡܐ
ܣܐܓ,ܣܐܓ
ܬܘܪܥ̱ܬܐܕܡܕܝܢ̄ܬܐ,ܬܘܪܥܬܐܕܡܕܝܢَܬܐ܂ܕܒܡ̈ܠܝܛܠܝܐܐܘܒܕܬܟ܂ܟܕܦܩܕܡܠܟܐܠܢܕܢ
ܕܢܥܒܕܠܝܒܝܬ,ܕܢܥܒܕܠܝܒܝܬ
ܒܟ̈ܐ܂,ܒܟܐܘܐܠܝܐ܂
ܗܝܕܝܢ,ܗܝܕܝܢ
,ܩܪܐ
ܩܪܐܡܠܟܐܠܢܕܢܒܪܝܘܐܡܪܠܗ܂ܙܠܥܒܕܒܝܬܒܟܐ,ܩܪܐܡܠܟܐܠܢܕܢܒܪܝܘܐܡܪܠܗ܂ܙܠܥܒܕܒܝܬܒܟܐ
,ܠܐܒܘܟ܂ܘܐܬܐܢܕܢܒܪܝܠܒܝܬܝ܂ܘܠܐܒܝܬܒܟܐ܂
ܥܒܕܠܝܘܠܐܥܗܕܢܝ܂ܐܠܐܟܢܫܢܫ̈ܐܦܚܙ̈ܬܐܘܐܣܡܟ,ܥܒܕܠܝܘܠܐܥܗܕܢܝ܂ܐܠܐܟܢܫܢܫ̈ܐܦܚܙ̈ܬܐܘܐܣܡܟ
ܐܢܘܢ,ܐܢܝܢ
ܒܙܡܪܐܘܚܕܘܬܐܠܡܐܟܠ,ܒܙܡܪܐܘܚܕܘܬܐܠܡܐܟܠ
ܘܠܡܫܬܐܘܠܥܫ̈ܕܝܘܠܐܡܗ̈ܬܝܡܫܠܚܘܡܢܓܕ,ܘܠܡܫܬܐ܂ܘܠܥܒ̈ܕܝܘܠܐܡܗ̈ܘܝܩܛܠ܂ܘܫܠܚܘܡܫܓܕ
ܠܗܘܢ܂ܘܐܦܠܐܡܢ,ܠܗܘܢ܂ܘܐܦܠܐܡܢ
ܡܢܐܢܬܬܝ,ܐܢَܬܬܟ܂
ܒܗܬ,ܒܗܬ
,ܕܝܢ
ܕܗܝܕܒܝܬܗ܂,ܕܗܝܕܒܝܬܗ܂
ܕܒܥܐ,ܒܥܐ
ܡܢܗܨܒܘܬܐ,ܡܢܗܨܒܘܬܐ
ܕܓܘܪܐ,ܕܓܘܪܐ܂ܘܙܢܝܘܬܐ
ܠܡܣܥܪܥܡܗ܂ܟܕܩܪܒܨܠܘܬܐܐܚܝܩܪ,ܠܡܣܥܪܥܡܗ܂ܟܕܩܪܒܨܠܘܬܐܐܚܝܩܪ
ܠܐܠܗܐ,ܠܐܠܗܐ܂
ܒܓܘܓܘܒܐܚܫܘܟܐ܂ܘܫܡܥܢܐܩܠ,ܒܓܘܓܘܒܐܚܫܘܟܐ܂ܘܫܡܥܢܐܩܠ
ܢܚܬܘ̈ܡܝܘܒܛܒܚ̈ܝ,ܢܚܬܘܡ̈ܝܘܛܒܚܝ̈
ܘܐܦ,ܘܐܦ
ܫܩܘ̈ܬܝ,ܫܩܘ̈ܬܝ܂
ܟܕ,ܟܕ
ܡܒܓܢܝܢܘܒܟܝܢ,ܡܒܓܥܝܢܘܒܟܝܢ܂
ܘܠܚܝܥܠܡ̈ܐܨܠܘܬܐܩܪܒܬܕܠܐܫܠܘܐ܂ܒܬܪ,ܘܠܚܝܥܠܡ̈ܐܨܠܘܬܐܩܪܒܬܕܠܐܫܠܘܐ܂ܒܬܪ
ܝܘ̈ܡܬܐ,ܝܩܡ̈ܬܐ܂
ܐܬܐܢܒܘܣܡܟ܂ܦܬܚܒܐܦܝ̈,ܐܬܐܢܒܘܣܡܟ܂ܦܬܚܒܐܦܝ̈
ܘܣܡ,ܕܣܡ
ܠܝܠܚܡܐ,ܠܝܠܚܡܐ
ܘܡ̈ܝܐ܂,ܘܡܝ̈ܐ܂
ܘܐܢܐܐܡܪܬ,ܘܐܢܐܐܡܪܬ
ܠܗܣܐ,ܠܗܕܐ
ܕܐܬܕܟܪܝܢܝܩܕܡܡܠܟܐ܂ܘܐܝܟܕܡܢܝܚܙܐܐܡܪܠܗ܂ܐܘܢܡܪܝܐܐܠܗܐ܂ܙܕܝܩܐܘܛܒܐܒܫܡܝܐ,ܕܐܬܕܟܪܝܢܝܩܕܡܡܠܟܐ܂ܘܐܝܟܕܡܢܝܚܙܐܐܡܪܠܗ܂ܐܘܢܡܪܝܐܐܠܗܐ܂ܙܕܝܩܐܘܛܒܐܒܫܡܝܐ
ܘܒܐܪܥܐ܂ܠܐܗܐ,ܘܐܪܥܐ܂ܗܫܐ
ܐܚܝܩܪܕܓܘܣܐ,ܐܚܝܩܪܕܓܘܣܐ
ܐܚܝܕܗ̄ܘܐ,ܐܚܝܗَܘܐܗَܘܐ
ܒܟ܂ܘܡܕܒܚ,ܒܟ܂ܘܡܕܒܚ
ܗ̄ܘܐ,ܗَܘܐ
ܠܟܬܘܪ̈ܐ,ܠܟܬܘܪ̈ܐ
ܡܦܛܡ̈ܐ܂,ܡܦܛܡ̈ܐ
ܘܗܐ,ܘܗܐ
ܪܡܐ,ܪܡܙ
ܒܓܘܒܐܚܫܘܟܐ܂ܐܬܪܕܢܘܗܪܐ,ܒܓܘܒܐܚܫܘܟܐ܂ܐܬܪܕܢܘܗܪܐ
ܠܐ,ܕܠܐ
ܢܦܠܥܠܘܗܝ܂ܫܡܥܡܪܝܐܒܩܠܗ,ܢܦܠܥܠܘܗܝ܂ܫܡܥܡܪܝܐܒܩܠܗ
ܕܥܒܕܟ,ܕܥܒܕܟ܂
ܘܐܬܪܚܡ,ܘܐܬܪܚܡ
ܥܠܘܗܝ,ܥܠܘܗܝ܀܀[Ornament]
܀܀܀܀܀,
ܗܕܐܐܓܪܬܐܕܫܕܪܦܪܥܘܢܡܠܟܐܕܡܨܪܝܢܠܣܪܚܕܘܡܡܠܟܐܕܐܬܘܪ,ܗܕܐܐܓܪܬܐܕܫܕܪܦܪܥܘܢܡܠܟܐܕܡܨܪܝܢܠܣܪܚܕܘܡܡܠܟܐܕܐܬܘܪ
ܘܕܢܝܢܘܐܗܝܕܝܢܦܪܥܘܢܡܠܟܐ܂,ܘܕܢܝܢܘ̈ܐ
,܀܀܀܀܀
,ܗܝܕܝܝܢܡܠܟܐ
ܕܡܨܪܝܢܟܕܫܡܥܕܐܢܐܐܚܝܩܪ,ܕܡܨܪܝܢܟܕܫܡܥܕܐܢܐܐܚܝܩܪ
ܐܬܩܛܠܬ܂,ܐܬܩܛܠܬ
ܒܚܕܘܬܐܪܒܬܐ,ܒܚܕܘܬܐܪܒܬܐ
ܗܘܐ܂,ܗَܘܐ܂
ܘܫܕܪܐܓܪܬܐܠܘܬܣܪܚܕܘܡܡܠܟܐ,ܘܫܕܪܐܓܪܬܐܠܘܬܣܪܚܕܘܡܡܠܟܐ
ܕܢܒܘܣܡܟ,ܕܡܨܪܝܢ
ܠܣܪܚܕܘܡܡܠܟܐ,ܠܣܪܚܕܘܡܡܠܟܐ
ܕܐܬܘܪܘܕܢܝܢܘܐܫܠܡ܀,ܕܐܬܘܪ܁ܘܕܢܝܢ̈ܘܐ܂ܫܠܡ܆
ܟܕܩܒܠܣܪܚܕܘܡܠܐܝܙ̈ܓܕܐܕܦܪܥܘܢܥܡܐܓܪܬܗ,ܟܕܩܒܠܣܪܚܕܘܡܠܐܝܙ̈ܓܕܐܕܦܪܥܘܢܥܡܐܓܪܬܗ
ܘܩܪܗ܂ܒܝܪܬܐ,ܘܩܪܗܒܝܬܐ
ܚܕܐܐܝܬܠܝܕܐܒܢܐ,ܚܕܐܐܝܬܠܝܕܐܒܢܐ
,ܠܝ
ܒܝܬܫܡܝܐܠܐܪܥܐ܂ܚܙܝܫܕܪܠܝܓܒܪܐܚܟܝܡܐ,ܒܝܬܫܡܝܐܠܐܪܥܐ܂ܚܙܝܫܕܪܠܝܓܒܪܐܚܟܝܡܐ
ܐܪܕܟܠܐܥܠܟܠܡܕܡܕܐܫܐ̱ܠܝܘܗܝ,ܐܪܕܟܠܐ܂ܕܥܠܟܠܡܕܡܐܫܠِܡܗ܂ܘܐܫܠِܝܘܗܝ
ܦܬܓܡܐܢܬܠܠܝ܂ܐܢܗܘܕܝܢܕܡܫܕܪܬܠܝܓܒܪܐ,ܦܬܓܡܐܢܬܠܠܝ܂ܐܢܗܘܕܝܢܕܡܫܕܪܬܠܝܓܒܪܐ
ܕܟܠܡܕܡܕܐܡܪ,ܕܟܠܡܕܡܕܐܡܪܬ
ܢܥܒܕ܂ܐܓܒܐܘܐܫܕܪܠܟ,ܢܥܒܕ܂ܐܓܒܐܘܐܫܕܪܠܟ
ܒܐܝܕܘ̈ܗܝܡܕܐܬܐ,ܒܐܝܕܘܗ̈ܝܡܕܐَܬܐ
ܕܡܨܪܝܢܕܬܠܬܫܢܝ̈ܢ܂,ܕܡܨܪܝܢܕܬܠܬܫܢܝ̈ܢ܂
ܐܢܕܝܢ,ܐܢܕܝܢ
ܠܐܬܫܕܪܠܝܓܒܪܐܕܡܕܡܕܐܡܪܢܐ,ܠܐܬܫܕܪܠܝܓܒܪܐܕܡܕܡܕܐܡܪܢܐ
ܠܐܢܥܒܕ܂,ܘܠܐܡܨܐܕܢܥܒܕ܂
ܓܒܝܘܫܕܪܠܝܐܝܙܓܕܐ,ܓܒܝܘܫܕܪܠܝܐܝܙܓܕܐ
ܗܢܐܘܡܕܐܬܐ,ܕܫܕܪܬܘܥܡܗܡܕܐܬܐ
ܕܐܬܘܪ,ܕܐܬܘܪ
ܘܕܢܝܢܘܐ,ܘܢܝܢܘܐ܂
ܕܬܠܬܫܢܝ̈ܢ܂ܟܕܟܢܫܣܪܚܕܘܡܡܠܟܐܠܟܠܗܘܢܚܐܪ̈ܐܕܡܠܟܘܬܗܘܚܘܝ,ܕܬܠܬܫܢܝ̈ܢ܂ܟܕܟܢܫܣܪܚܕܘܡܡܠܟܐܠܟܠܗܘܢܚܐܪ̈ܐܕܡܠܟܘܬܗܘܚܘܝ
ܠܗܘܢ,ܠܗܘܢ܂
ܡܛܠܐܓܪܬܐ,ܡܛܠܐܓܪܬܐ
ܗܕܐܕܦܪܥܘܢ,ܕܦܪܥܘܢ܂
ܟܕܕܝܢܐܓܪܬܐܗܕܐ,ܟܕܕܝܢܐܓܪܬܐܗܕܐ
,ܐܬܩܪܝܬ
ܩܕܡ,ܩܕܡ
ܡܠܟܐܐܬܩܪܝܬ܂,ܡܠܟܐ܂
ܫܕܪܟܢܫ,ܫܕܪܟܢܫ
ܠܟܠܗܘܢܚܐܪ̈ܐ,ܠܫܪܟܐܕܚܐܪ̈ܐ
ܘܚܟܝܡ̈ܐ,ܘܚܟܝܡ̈ܐ
ܕܡܠܟܘܬܗ,ܘܡܓܘܫ̈ܐܘܝܕܘ̈ܥܐܕܡܠܟܘܬܗ܂
ܘܐܡܪܐܝܢܐܡܢܟܘܢ,ܘܐܡܪܐܝܢܐܡܢܟܘܢ
ܐܐܙܠ,ܢܐܙܠ
ܠܡܨܪܝܢ܂ܘܦܬܓܡܐܢܬܠ,ܠܡܨܪܝܢ܂ܘܦܬܓܡܐܢܬܠ
ܠܦܪܥܘܢ,ܠܦܪܥܘܢ܂
ܟܕܦܢܝܘ,ܟܕܦܢܝܘ
ܚܐܪ̈ܐܦܬܓܡܐܢܬܠܐܡܪܝܢ,ܝܕܥܬܡܪܝܡܠܟܐ܂ܕܨܒܘ̈ܬܐ
ܟܠܗܘܢܝܕܥܬ,ܟܠܗܘܢܝܕܥܬ
ܡܪܢ,ܡܪܝ
ܡܠܟܐ܂ܕܨܒܘ̈ܬܐܕܐܝܟܗܠܝܢ,ܡܠܟܐ܂ܕܨܒܘ̈ܬܐܕܐܝܟܗܠܝܢ
ܒܝܘ̈ܡܝܟܘܒܝܘܡܝ̈ܐܒܘܟ,ܒܝܘܡ̈ܝܟܘܒܝܘܡܝܐܒܘܟ܂
ܐܚܝܩܪܣܦܪܐܫܪܐ,ܐܚܝܩܪܣܦܪܐܫܪܐ
ܗ̄ܘܐܠܗܝܢ܂ܐܦ,ܗَܘܐܠܗܘܢ܂ܘܐܦ
ܗܫܐܢܕܢ,ܗܫܐܢܕܢ
ܒܪܗܗܘ,ܒܪܗ܂ܕܗܘ
ܝܠܦܣܦܪܐܕܝܠܗ܂ܗܘ,ܝܠܦܣܦܪܐܕܝܠܗ܂ܗܘ
ܕܚܟܡ̱ܬܗ,ܕܚܟܡِܬܗ
ܝܕܥ܂ܗܘ,ܝܕܥ܂ܗܘ
ܢܐܙܠ,ܐܙܠ
ܢܫܪܐܠܨܒܘܬܐܗܕܐ܂ܟܕ,ܢܫܪܐܠܨܒܘܬܐܗܕܐ܂ܟܕ
ܩܪܒ,ܩܪܐ
ܢܕܢܩܕܡܡܠܟܐܘܫܡܥܩܠܗ܂ܗܝܕܝܢܟܕܢܕܢ,ܢܕܢܩܕܡܡܠܟܐܘܫܡܥܩܠܗ܂ܗܝܕܝܢܟܕܢܕܢ
ܡ̈ܠܐܗܠܝܢܫܡܥ܂,ܫܡܥܡܠ̈ܐܗܠܝܢ܂ܩܥܐ
ܩܥܐܒܩܠܐܪܡܐܩܕܡܡܠܟܐ܂ܘܐܡܪ,ܩܥܐܒܩܠܐܪܡܐܩܕܡܡܠܟܐ܂ܘܐܡܪ
ܠܡܠܟܐ܂,ܠܡܠܟܐ
ܐܠܗ̈ܐܠܐܡܫܟܚܝܢܠܡܥܒܕܨܒܘ̈ܬܐ,ܐܠܗ̈ܐܠܐܡܫܟܚܝܢܠܡܥܒܕܨܒܘ̈ܬܐ
ܘܕܐܝܟܗܠܝܢ,ܕܕܐܝܟܗܠܝܢ܂
ܐܝܟܢܐ,ܐܝܟܢܐ
ܒܢܝܢ̈ܫܐ܂,ܒܢܝܢܫ̈ܐܡܨܝܢ܂
ܘܟܕܗܠܝܢܫܡܥܡܠܟܐ܂ܣܓܝܩܨܦܘܟܪܝܬ,ܘܟܕܗܠܝܢܫܡܥܡܠܟܐ܂ܣܓܝܩܨܦܘܟܪܝܬ
ܠܗ,ܠܗ܂
ܘܢܚܬܡܢ,ܘܢܚܬܡܢ
ܟܘܪܣܝܗ܂,ܟܘܪܣܝܗ
ܘܥܠܣܩܐ,ܘܥܠܣܩܐ
ܝܬܒ܂ܘܒܟܐ,ܝܬܒܘܒܟܐ܂
ܘܟܕܒܟܐܘܗܟܢܐܐܡܪ,ܘܟܕܒܟܐܘܗܟܢܐܐܡܪ
ܗ̄ܘܐ܂,ܗَܘܐ܂
ܚܒܠܟܐܚܝܩܪܣܦܪܐ,ܚܒܠܟܐܚܝܩܪܣܦܪܐ
ܚܟܝܡܐ܂,ܡܗܝܪܐ܂
ܕܒܡ̈ܠܝܛܠܝܐ,ܕܒܡ̈ܠܝܛܠܝܐ
ܐܘܒܕܬܟ܂ܘܐ̄ܢܬ,ܐܘܒܕܬܟ܂ܘܐَܢܫ
ܐܟܘܬܟ,ܐܟܘܬܟ
,ܕܕܡܐܠܟ܂
ܠܝܬܠܝ,ܠܝܬܠܝ
,ܕܝܢ܂
ܡܢܕܝܢ,ܡܢܕܝܢ
ܕܝܗ̄ܒܟ,ܝܗَܒܟ
ܠܝ,ܠܝ
ܝܘܢܐ܂ܘܦܪܩܬܟ,ܝܘܡܢܐ܂ܘܬܩܠܢܐ
ܒܡܬܩܠܟܕܗܒܐ܂,ܒܡܬܩܠܟܕܗܒܐ܂
ܟܕܐܘܕܥ,ܘܟܕܒܥܐ
ܢܒܘܣܡܟ,ܢܒܘܣܡܟ
,ܕܢܘܕܥ
ܠܡܠܟܐܡܛܠܐܚܝܩܪܣܦܪܐ܂ܗܝܕܝܢܟܕܫܡܥܢܒܘܣܡܟܡ̈ܠܐܕܐܝܟ,ܠܡܠܟܐܡܛܠܐܚܝܩܪܣܦܪܐ܂ܗܝܕܝܢܟܕܫܡܥܢܒܘܣܡܟܡ̈ܠܐܕܐܝܟ
ܗܠܝܢ,ܗܠܝܢ܂
ܡܢ,ܡܢ
ܡܠܟܐ܂,ܡܠܟܐ
ܢܦܠܥܠ,ܢܦܠܥܠ
ܐܦܘܗ̈ܝ,ܐܪܥܐ܂
ܘܣܓܕܘܐܡܪ,ܘܣܓܕܘܐܡܪ
ܠܡܠܟܐ܂,ܡܠܟܐ
ܠܥܠܡܚܝܝ܂ܕܡܢܕܝܢܕܡܠܬܐܕܡܪܗܫܐܛܡܘܬܐܚܝܒ܂ܘܐܢܐܕܡܠܬܡܠܟܘܬܟܫܛܬܦܩܘܕ,ܠܥܠܡܚܝܝ܂ܕܡܢܕܝܢܕܡܠܬܐܕܡܪܗܫܐܛܡܘܬܐܚܝܒ܂ܘܐܢܐܕܡܠܬܡܠܟܘܬܟܫܛܬܦܩܘܕ
ܙܩܦܝܢ,ܕܙܩܦܝܢ
ܠܝܥܠܩܝܣܐ܂ܡܛܠܕܐܚܝܩܪܕܦܩܕܬܠܝ,ܠܝܥܠܩܝܣܐ܂ܡܛܠܕܐܚܝܩܪܕܦܩܕܬܠܝ
ܕܢܩܛܠܝܘܗܝ,ܕܐܩܛܠܝܘܗܝ
ܐܝܬܘܗܝ,ܐܝܬܘܗܝ
ܒܚܝ̈ܐ܂,ܒܚܝ̈ܐ
ܟܕܡܦܢܐܡܠܟܐ,ܟܕܡܦܢܐܡܠܟܐ
ܠܢܒܘܣܡܟ,ܠܢܒܘܣܡܟ܂
ܡܠܠܢܒܘܣܡܟܡܛܠ,ܡܠܠܢܒܘܣܡܟܡܛܠ
ܓܒܪܐ,ܡܕܓܒܪܐ
ܛܒܐܘܙܕܝܩܐܕܒܝܫܬܐܠܐ,ܛܒܐܘܙܕܝܩܐܕܒܝܫܬܐܠܐ
ܥܒܕ܂,ܥܒܕܬ܂
ܐܢܐܝܟܢܐ,ܐܢܐܝܟܢܐ
ܐܝܬܝܗ,
ܐܝܟܕܐܡܪܬ,ܐܝܟܕܐܡܪܬ
,ܐܝܬܘܗܝ܂
ܐܝܬܘܗܝ,
ܘܬܚܘܝܢܝܐܚܝܩܪ,ܘܬܚܘܝܢܝܐܚܝܩܪ
,ܐܝܬܘܗܝ
ܒܚܝ̈ܐ܂ܡܘܗ̈ܒܬܐ,ܒܚܝ̈ܐ܂ܡܘܗ̈ܒܬܐ
ܪ̈ܘܪܒܬܐ,ܪܘܪ̈ܒܬܐ
ܐܬܠ,ܐܬܠ
ܠܟܪ̈ܒܘܟܟܪ̈ܝܢ܂,ܠܟ܂ܘܪ̈ܒܘܟܟܪ̈ܝܢܣܐܡܐ܂
ܘܡܢ,ܘܡܢ
ܠܒܘ̈ܫܐ,ܠܒܘܫ̈ܐ
ܕܐܪ̈ܓܘܢܐܡܐܐܠܒܘ̈ܫܝܢ܂ܘܟܕܫܡܥܢܒܘܣܡܟܡܢܡܠܟܐ܂,ܕܐܪ̈ܓܘܢܐܡܐܐܠܒܘ̈ܫܝܢ܂ܘܟܕܫܡܥܢܒܘܣܡܟܡܢܡܠܟܐ܂
,ܗܠܝܢ܂
ܫܪܝ,ܫܪܝ
ܘܐܡܪ܂,ܕܢܐܡܪܠܗ܂
ܚܕܐܒܥܐ,ܚܕܐܒܥܐ
ܐ̄ܢܐ,ܐَܢܐ
ܡܢܡܪܝܡܠܟܐ܂ܕܢܐܡܪܠܝܕܠܐܢܬܕܟܪܠܝܣܟܠܘܬܐܗܕܐ܂ܘܐܟܬܐܠܐܬܐܚܘܕܥܠܝ܂ܘܡܠܟܐܥܠ,ܡܢܡܪܝܡܠܟܐ܂ܕܢܐܡܪܠܝܕܠܐܢܬܕܟܪܠܝܣܟܠܘܬܐܗܕܐ܂ܘܐܟܬܐܠܐܬܐܚܘܕܥܠܝ܂ܘܡܠܟܐܥܠ
,ܗܕܐ
ܚܕܝܐܝܬ,ܚܕܝܐܝܬ
ܝܡܐ,ܝܑܡܐ
ܠܗ܂ܟܕܦܬܚܢܒܘܣܡܟ,ܠܗ܂ܟܕܦܬܚܢܒܘܣܡܟ
ܒܐ̈ܦܝ,ܒܐܦܝ̈ܒܐܦ̈ܝ
ܐܚܝܩܪܣܦܪܐ܂ܗܝܕܝܢܢܒܘܣܡܟܒܗܒܫܥܬܐܥܠ,ܐܚܝܩܪܣܦܪܐ܂ܗܝܕܝܢܢܒܘܣܡܟܒܗܒܫܥܬܐܥܠ
ܡܪ̈ܟܒܬܐ,ܡܪܟܒܬܐ
ܝܬܒ܂ܘܐܝܟܪܘܚܐܕܢܫܒܐܡܛܐ,ܝܬܒ܂ܘܐܝܟܪܘܚܐܕܢܫܒܐܡܛܐ
ܠܘܬܝ܂,ܠܘܬܟ
ܘܦܬܚ,ܘܦܬܚ
ܒܐܦܝ̈ܘܣܠܩܬ,ܒܐܦ̈ܝܘܣܠܩܬ܂
ܡܛܠܕܒܐܠܗܐܣܒܪܬܠܐܒܗܬܬ܂ܟܕ,ܡܛܠܕܒܐܠܗܐܣܒܪܬܠܐܒܗܬܬ܂ܟܕ
ܐܝܬܝܢ,ܐܝܬܝ
ܢܒܘܣܡܟ,ܢܒܘܣܡܟ
ܠܘ,ܠܐܚܝܩܪܠܘܬ
ܡܠܟܐܥܠܐܦܝ̈ܢܦܠܬ܂ܟܕܣܥܪܐܕܝܠܝܥܠ,ܡܠܟܐܥܠܐܦܝ̈ܢܦܠܬ܂ܟܕܣܥܪܐܕܝܠܝܥܠ
ܟܬܦܬ̈ܝ,ܟܬ̈ܦܬܝ
ܢܚܬ,ܢܚܬ
ܗ̄ܘܐ܂,ܗَܘܐ
ܘܕܩܢܝܥܠ,ܘܕܩܢܝܥܠ
ܠܚܕܝܝ,ܠܚܕܝ܂
ܡܛܐ܂ܘܓܘܫܡܝܒܥܦܪܐ,ܡܛܐ܂ܘܓܘܫܡܝܒܥܦܪܐ
ܚܒܠ܂,ܡܚܒܠ܂
ܘܛܦܪ̈ܬܝܐܪ̈ܝܟܢܐܝܟ,ܘܛܦܪ̈ܬܝܐܪ̈ܝܟܢܐܝܟ
ܕܢܫܪܐ܂,ܕܢܫܪܐ
ܘܟܕܚܙܢܝܡܠܟܐܣܓܝܒܟܐ,ܘܟܕܚܙܢܝܡܠܟܐܣܓܝܒܟܐ
ܘܐܡܪ,ܐܡܪ
ܠܝܐܘܐܚܝܩܪܐܢܐܠܐܚܛܝܬܒܟ܂ܐܠܐܒܪܐܗܘ,ܠܝܐܘܐܚܝܩܪܐܢܐܠܐܚܛܝܬܒܟ܂ܐܠܐܒܪܐܗܘ
ܕܪܒܝܬܗ,ܕܕܒܝܬܗ
ܗܘ,ܗܘ
ܚܛܐ,ܚܛܐ܂
ܒܟ܂,ܒܟ܂
ܐܠܐ,
ܟܕܡܦܢܐܐܚܝܩܪ,ܟܕܡܦܢܐܐܚܝܩܪ
ܠܡܠܟܐ,ܠܡܠܟܐ܂
ܦܬܓܡܐ܂ܗܝܕܝܢܥܢܝܬ,ܦܬܓܡܐ܂ܗܝܕܝܢܥܢܝܬ
ܘܐܡܪܬ,ܘܐܡܪܬ܂
ܠܡܠܟܐ܂ܡܪܝܗܫܐ,ܠܡܠܟܐ܂ܡܪܝܗܫܐ
ܕܐܦܝ̈ܟ,ܕܐܦܝܟ̈
ܚܙܝܬܠܐܗܘܐܠܝܡܕܡܕܒܝܫ܂ܗܝܕܝܢܥܢܐܡܠܟܐܘܐܡܪ,ܚܙܝܬܠܐܗܘܐܠܝܡܕܡܕܒܝܫ܂ܗܝܕܝܢܥܢܐܡܠܟܐܘܐܡܪ
ܠܝ,ܠܝ܂
ܙܠܠܒܝܬܟܘܣܦܪ,ܙܠܠܒܝܬܟܘܣܦܪ
ܣܥܪܟܘܐܣܚܐ,ܣܥܪܟ܂ܘܐܫܝܓ
ܓܘܫܡܟܒܡܝ̈ܐ܂,ܓܘܫܡܟܒܡܝ̈ܐ܂
ܘܐܥܘܠ,ܘܬܥܘܠ
ܒܟܢܦܫܟܐܪܒܥܝܢ,ܒܟܢܦܫܟܐܪܒܥܝܢ
ܝܘܡܝ̈ܢ܂,ܝܘܡܝܢ̈܂
ܘܒܬܪܟܢܬܐܬܐ,ܘܒܬܪܟܢܬܐܬܐ
ܠܘܬܝ܂,ܠܘܬܟ܂
ܗܝܕܝܢܐܙܠܬ,ܗܝܕܝܢܐܙܠܬ
ܠܒܝܬܝ,ܠܒܝܬܝ܂
ܘܥܒܕܬܐܝܟܕܦܩܕܡܪܝ,ܘܥܒܕܬܐܝܟܕܦܩܕܡܪܝ
ܡܠܟܐܝܬܒܬܝܘܡ̈ܬܐܥܣܪܝܢ܂,ܡܠܟܐ܂ܘܝܬܒܬܥܣܪܝܢܝܘܡ̈ܝܢܒܒܝܬܟ܂
ܘܟܕܬܩܢܬܢܦܫܝܥܠܝܐܬܝܬܩܕܡܡܠܟܐ܂ܘܟܕܐܬܐܐܚܝܩܪܠܘܬܡܠܟܐ܂ܡܢܒܬܪܡܦܩܬܗܕܡܢ,ܘܟܕܬܩܢܬܢܦܫܝܥܠܝܐܬܝܬܩܕܡܡܠܟܐ܂ܘܟܕܐܬܐܐܚܝܩܪܠܘܬܡܠܟܐ܂ܡܢܒܬܪܡܦܩܬܗܕܡܢ
ܚܒܘܫܝܐ܂ܐܫܬܥܝ,ܒܝܬܚܒܘܫܝܐܗܘܕܗܘܐܒܗ܂ܐܬܡܠܠܘܐܫܬܥܝ
ܠܗ,ܠܗ
ܡܛܠ,ܥܠ
ܐܓܪܬܐܕܫܠܚܠܗ,ܐܓܪܬܐܕܫܠܚܠܗ
ܡܨܪ̈ܝܐ܂,ܡܠܟܐܕܡܨܪܝܢ܂
ܗܝܕܝܢܥܢܐܡܠܟܐܘܐܡܪܠܝ܂ܚܙܝܬܐܚܝܩܪܡܨܪ̈ܝܐܡܢܐܟܬܒܘܠܢ܂ܘܐܝܕܐ,ܗܝܕܝܢܥܢܐܡܠܟܐܘܐܡܪܠܝ܂ܚܙܝܬܐܚܝܩܪܡܨܪ̈ܝܐܡܢܐܟܬܒܘܠܢ܂ܘܐܝܕܐ
ܡܕܐܬܐ,ܡܕܐَܬܐ
ܣܡܘܥܠܐܬܘܪ,ܣܡܘܥܠܐܬܘܪ
ܘܢܝܢܘܐ܂,ܘܢܝܢ̈ܘܐ܂
ܟܕܡܦܢܐܐܚܝܩܪܦܬܓܡܐܠܡܠܟܐ܂ܗܝܕܝܢܥܢܝܬܘܐܡܪܬܠܗ܂,ܟܕܡܦܢܐܐܚܝܩܪܦܬܓܡܐܠܡܠܟܐ܂ܗܝܕܝܢܥܢܝܬܘܐܡܪܬܠܗ܂
ܡܠܟܐܠܥܠܡܚܝܝ܂,ܡܪܝܡܠܟܐܠܥܠܡܚܝܝ܂ܥܠ
ܥܠܨܒܘܬܐܗܕܐܨܦܬܐܠܐܢܗܘܐܠܟ܂,ܥܠܨܒܘܬܐܗܕܐܨܦܬܐܠܐܢܗܘܐܠܟ܂
,ܘܠܐܥܡܠܐ܂
ܐܢܐ,ܐܢܐ
ܓܝܪ,ܕܝܢ
ܐܙܠ,ܐܙܠ
ܐ̄ܢܐ,ܐَܢܐ
ܠܡܨܪܝܢ܂ܘܝܗܒ,ܠܡܨܪܝܢ܂ܘܝܗܒ
ܐܢܐ,ܐَܢܐ
ܦܬܓܡܐ܂ܘܠܟܠܗܘܢ,ܦܬܓܡܐ܂ܘܠܟܠܗܘܢ
ܒܥܠܕܒ̈ܒܝܟܦܠܐ̱ܬܐ,ܒܥܠܕܒܒܝ̈ܟܦܠܐِܬܐ
ܝܗܒ,ܝܗܒ
ܐܢܐ܂ܘܡܕܐܬܐ,ܐَܢܐܘܦܬܓܡܐܘܡܕܐَܬܐ
ܕܡܨܪܝܢ,ܕܡܨܪܝܢ
ܐܝܬܐܠܟ܂,ܡܝܬܐܐَܢܐܠܟܕܬܠܬܫܢܝ̈ܢ܂
ܘܟܕ,ܘܟܕ
ܗܠܝܢ,
ܫܡܥܡܠܟܐ܂ܚܕܝ,ܫܡܥܡܠܟܐ܂ܚܕܝ
ܚܕܘܐܪܒܬܐ,ܚܕܘܬܐܕܪܒܬܐ܂
ܘܝܘܡܐܪܒܐܥܒܕ܂ܘܥܩܬܐܡܢܪܥܝܢܗܐܥܒܪ܂ܘܕܒܚܬܘܪ̈ܐ,ܘܝܘܡܐܪܒܐܥܒܕ܂ܘܥܩܬܐܡܢܪܥܝܢܗܐܥܒܪ܂ܘܕܒܚܬܘܪ̈ܐ
ܡܦܛܡ̈ܐ,ܘܥܢ̈ܐ
ܘܡܘܗ̈ܒܬܐ,ܘܡܘܗ̈ܒܬܐ
ܪ̈ܘܪܒܬܐܝܗ̄ܒ,ܪܘܪ̈ܒܬܐܝܗَܒ
ܠܝ܂,ܠܝ܂
ܘܠܢܒܘܣܡܟ,ܘܐܦܢܒܘܣܡܟ
ܒܪܫܟܠܢ,ܒܪܫܟܠܢ
ܐܘܬܒܗ܂,ܐܘܬܒܗ
ܘܒܕܪܓܐ,ܘܒܕܪܓܐ
ܪܫܝܐܥܒܕܗ܂,ܪܒܐܥܒܕܗܘܐܩܝܡܗ܂
ܟܕܟܬܒܐܚܝܩܪܐܓܪܬܐܠܘܬ,ܟܕܟܬܒܐܚܝܩܪܐܓܪܬܐܠܘܬ
ܐܢ̄ܬܬܗܘܠܨܦܪܗܕܝܘܡܐܐܓܪܬܐܠܘܬܐܫܦܓܢܝ܂ܐܢ̄ܬܬܝܟܬܒܬ܂ܟܕ,ܐܫܦܓܢܝܐܢَܬܬܗ܂ܐܘܐܢَܬܬܝ܂ܗܕܐ
ܐܓܪܬܐ,ܐܓܪܬܐ
ܗܕܐܠܘܬܟܝܬܡܛܐ܂ܐܡܪܝܠܨܝ̈ܕܐܕܝܠܝ,ܐܡܬܝܕܡܛܝܐܠܘܬܟܝ܂ܒܗܒܫܥܬܐܦܩܘܕܘܠܨܝܕ̈ܐ
ܕܢܨܘܕܘܢܠܝ,ܕܢܨܘܕܘܢܠܝ
ܬܪܝܢܒܢܝ̈,ܬܪ̈ܝܢܒܢ̈ܝ
ܢܫܪ̈ܐ܂ܘܐܡܪܝ,ܢܫܪ̈ܐ܂ܘܐܡܪܝ
ܠܥܕ݁ܕܝ,ܠܥܒ̈ܕܝ
ܕܢܝܬܘܢܠܝ,ܕܢܝܬܘܢܠܝ
ܟܬܢܐ܂ܘܢܐܡܪܘܢ,ܥܕܠܐܕܟܬܢܐ܂ܘܢܥܒܕܘܢ
ܠܝܬܪ̈ܬܝܢܓܝܓ̈ܠܐ܂ܘܢܗܘܐ,ܠܝܬܪ̈ܬܝܢܓܝܓ̈ܠܐ܂ܘܢܗܘܐ
ܥܘܒܗ̈ܝܢ,ܥܘܒܗܝܢ
ܚܨܪܐܚܕܐ܂,ܚܨܪܐܚܕܐ܂
ܘܐܘܪ̈ܟܝܗܝܢ,ܘܐܘܪܟܝܗܝܢ
ܐܠܦܐܡܝ̈ܢ܂,ܐܠܦܐܡܝ̈ܢ܂
ܘܦܩܘܕܝ,ܘܦܩܘܕ
ܠܩܝܢܝ̈ܐ,ܠܩܝܢܝ̈ܐ
ܕܢܥܒܕܘܢ,ܘܢܥܒܕܘܢ
ܠܝ,ܠܝ
ܬܪ̈ܬܝܢ,ܬܪ̈ܬ݀ܢ
ܟܘܠܒ̈ܐ܂ܘܐܫܠܡܠܢܒܘܚܝܠ,ܟܘܠܒ̈ܐ܂ܘܐܫܠܡܠܢܒܘܚܝܠ
ܘܠܛܒܫܠܡ,ܘܠܛܒܫܐܠܘܡ
ܛܠܝ̈ܐܕܝܠܝ,ܛܠܝ̈ܐܕܝܠܝ
ܠܢܫ̈ܐܫܒܥ,ܠܫܒܥܢܫ̈ܐܒܟܝܪ̈ܬܐ
ܕܡܝܢܩ̈ܢܐܢܘܢ,ܕܡܝܢܩ̈ܢܐܢܘܢ
ܕܢܬܪܒܘܢ,ܕܢܬܪܒܘܢ܂
ܘܐܩܝܡ,ܘܐܩܝܡ
ܠܒܢܝ̈,ܠܗܘܢܠܚܨܝ̈ܒܢ̈ܝ
ܢܫܪ̈ܐ,ܢܫܪ̈ܐ
ܘܢܪܒܘܢ,ܘܢܕܒܘܢ
ܛܠܝ̈ܐ,ܛܠܝ̈ܐ
ܥܠܝܗܘܢ,ܥܡܗܘܢ܂
ܘܐܡܪ̈ܐܬܪܝܢ,ܘܐܡܪ̈ܐܬܪܝܢ
ܒܝܘܡܐܚܕܢܘܟܠܘܢܐܢܘܢ܂ܘܢܐܠܦܘܢ,ܒܚܕܝܘܡܐܢܣܝܡܘܢܠܡܐܟܠܐܕܝܠܗܘܢ܂ܘܝܠܦܘܢ
ܛܠܝ̈ܐ,ܛܠܝ̈ܐ
ܕܢܐܡܪܘܢ,ܘܢܐܡܪܘܢ
ܛܝܢܐ,ܛܝܢܐ
ܘܡܠܛܐ܂ܐܪ̈ܚܐ,ܘܡܠܛܐܦܫܘܛܘ܂
ܓܒܪ̈ܐ,ܓܒܪ̈ܐ
ܠܐܪ̈ܕܟܠܐܕܡܠܟܐܒܛܜܠܝܢ܂ܘܐܢ̄ܬܬܝ,ܐܪ̈ܕܟܠܐܐܪ̈ܚܐܕܡܠܟܐܒܛܝܠܝܢܡܢܥܒܕܐ܂ܘܐܢَܬܬَܝ
ܣܓܝܚܟܝܡܐ,ܣܓܝܚܟܝܡܐ
ܗ̄ܘܬ܂,ܗَܘܬ܂
ܘܥܠ,ܘܥܠ
,ܟܠ
ܕܦܩܕܬܗ,ܕܦܩܕܬܗ
ܥܒܕܪ܆,ܥܒܕܬ܂
ܟܕܢܣܒܦܘܩܕܢܐ,ܟܕܢܣܒܦܘܩܕܢܐ
ܐܚܝܩܪ,
ܡܢܡܠܟܐܕܢܐܙܠ,ܡܢܡܠܟܐܕܢܐܙܠ
ܠܡܨܪܝܢ,ܠܡܨܪܝܢ܂
ܗܝܕܝܢܐܬܘܪ̈ܝܐ,ܗܝܕܝܢܐܬܘܪ̈ܝܐ
ܘܢܝܢܘܝܐ,ܘܢܝܢܘ̈ܝܐ
ܟܕܫܡܥܗܟܢܐ܂ܚܕܝܘ,ܟܕܫܡܥܗܟܢܐ܂ܚܕܝܘ
,ܚܕܝܘ
ܚܕܘܬܐܪܒܬܐ܂,ܚܕܘܬܐܪܒܬܐ܂
ܘܠܕܘܟܝ̈ܬܗܘܢ,ܘܠܕܘܟ̈ܝܬܗܘܢ
ܗܦܟܘ܂ܘܥܢܝܬܐܢܐܘܐܡܪܬܠܡܠܟܐ܂ܡܪܝܡܠܟܐ܂,ܗܦܟܘ܂ܘܥܢܝܬܐܢܐܘܐܡܪܬܠܡܠܟܐ܂ܡܪܝܡܠܟܐ܂
ܘܐܦܣܠܝܡܠܟܐܕܒܪܬ,ܐܦܣܠܝ܂ܘܕܒܪܬ
ܥܡܝܚܝܠܐ,ܥܡܝܚܝܠܐ
,ܣܓܝܐܐ
ܘܐܙܠܬ܂ܘܟܕܡܛܝܬܠܒܝܬܒܘܬܐ܂ܩܕܡܝܑܬ,ܘܐܙܠܬ܂ܘܟܕܡܛܝܬܠܒܝܬܒܘܬܐ܂ܩܕܡܝܑܬ
ܐܫܪܝܬ,ܫܪܝܬ
ܠܚܝܠܐ,ܠܚܝܠܐ
ܘܢܦܩܬ,ܘܐܦܩܬ
ܠܒܢܝ̈ܢܫܪ̈ܐ܂ܘܩܛܪܬ,ܠܒܢܝ̈ܢܫܪ̈ܐ܂ܘܩܛܪܬ
ܓܝ̈ܓܠܐ,ܓܝܓܠܐ
ܒܪ̈ܓܠܝܗܘܢܘܐܪܟܒܬܥܠܝܗܘܢܛܠܝ̈ܐ,ܒܪ̈ܓܠܝܗܘܢܘܐܪܟܒܬܥܠܝܗܘܢܛܠܝ̈ܐ
ܕܝܠܝ܂,ܕܝܠܝ
ܘܐܪܦܝܬܐܢܘܢ,ܘܐܪܦܝܬܐܢܘܢ
ܘܣܠܩܘܠܪܘܡܐ܂,ܘܠܩܠܩܘܠܪܘܡܐܒܐܐܪ܂
ܘܗܘܘܩܥܝܢܛܠܝ̈ܐܐܝܟܕܝܠܦܘ܂ܐܝܬܘ,ܘܗܘܘܩܥܝܢܛܠܝ̈ܐܐܝܟܕܝܠܦܘ܂ܐܝܬܘ
ܠܒ̈ܢܐܘܐܪ̈ܚܐܘܛܝܢܐܘܡܠܛܐܠܐܪ̈ܕܟܠܐ,ܠܒܢ̈ܐܘܛܝܢ̈ܐܘܡܠܛܐ܂ܐܪ̈ܚܐܘܐܪ̈ܕܟܠܐ
ܕܡܠܟܐ,ܕܡܠܟܐ
ܗܐܒܛܝܠܝܢ܂,ܒܛܝܠܝܢ
ܘܗܝܕܝܢ,ܘܗܝܕܝܢ
ܢܓܕܬ,ܩܦܣܬ
ܐܢܘܢ,ܐܢܘܢ
ܠܘܬܟ܀,ܠܘܬܝ܀܀܀
ܡܥܠܬܗܕܐܚܝܩܪ,ܡܥܠܬܗܕܐܚܝܩܪ
ܠܡܨܪܝܢ,ܠܡܨܪܝܢ܂
ܥܡ,ܥܡ
ܐܝܙ̈ܓܕܐܠܘܬܦܪܥܘܢ܂,ܐܝܙܓ̈ܕܐܕܦܪܥܘܢ
,ܡܠܟܐ
ܘܟܕ,
ܡܠܟܐ,
,ܕܡܨܪܝܢ
,ܘܟܕ
ܘܝܗܒܠܗܒܝܬܡܫ̱ܪܝܐ܂ܟܕܦܩܕ,
,ܡܛܝܬܠܡܨܪܝܢܐܘܡܢ̈ܐܕܡܠܟܐܐܘܕܥܘܗܝܘܦܩܕ
ܡܠܟܐܕܢܥܘܠܐܚܝܩܪ,ܡܠܟܐܕܢܥܘܠܐܚܝܩܪ
ܠܘܬܗ܂,ܠܘܬܝܗ܂
ܘܥܠܬܠܘܬܗܘܫܐܠܬܒܫܠܡܗ܂ܘܗܝܕܝܢܐܡܪܠܝܡܢܘܫܡܟ܂ܘܐܡܪܬܠܗܐܒܝܩܡܚܕܡܢ,ܘܥܠܬܠܘܬܗܘܫܐܠܬܒܫܠܡܗ܂ܘܗܝܕܝܢܐܡܪܠܝܡܢܘܫܡܟ܂ܘܐܡܪܬܠܗܐܒܝܩܡܚܕܡܢ
ܫܘܫܡܢܘ̈ܗܝܕܡܠܟܐ܂,ܫܘܫܡܢ̈ܘܗܝܕܡܠܟܐܕܢܝܢ̈ܘܐ
ܘܟܕܫܡܥܦܪܥܘܢ܂ܐܬܬܦܝܪܘܐܡܪ,ܘܟܕܫܡܥܦܪܥܘܢ܂ܐܬܬܦܝܪܘܐܡܪ
ܠܝ܂,ܠܝ
ܗܟܢܐ,ܗܟܢܐ
ܐܬܬܒܫܝܛܬ,ܐܬܬܫܝܛܬ
ܠܘܬܡܪܟܕܫܘܫܡܢܐܢܫܕܪܠܝ܂,ܠܘܬܡܪܟܕܫܘܫܡܢܐܢܫܕܪܠܝ܂
ܘܗܘ,ܕܗܘ
ܢܬܠܠܝܦܬܓܡܐ܂ܘܐܡܪܠܝܙܠܐܒܝܩܡܠܒܝܬ,ܢܬܠܠܝܦܬܓܡܐ܂ܘܐܡܪܠܝܙܠܐܒܝܩܡܠܒܝܬ
ܡܫ̱ܪܝܟ܂,ܡܫܪܝܟ܂
ܘܩܕܡܒܨܦܪܐܘܬܐ,ܘܩܕܡܒܨܦܪܐܘܬܐ
ܠܘܬܝ܂,ܠܘܬܟ܂
ܘܦܩܕܡܠܟܐ,ܘܦܩܕܡܠܟܐ
,ܠܪܘܪ̈ܒ܏ܢܘ
ܠܪܘܪ̈ܒܢܘܗܝܕܠܡܚܪ,ܠܪܘܪ̈ܒܢܘܗܝܕܠܡܚܪ
ܢܬܟܣܘܢ,ܢܬܟܣܣܘܢܘܢܠܒܫܘܢ
ܠܒܘܫܝ̈,ܠܒܘܫܝ̈
ܟܪܡܠܐܣܘܡܩܐ܂,ܒܪܡܠܐܣܘܡ̈ܩܐ܂
ܘܒܨܦܪܐܠܒܫܡܠܟܐܠܒܘܫܝ̈,ܘܒܨܦܪܐܠܒܫܡܠܟܐܠܒܘܫܝ̈
ܒܘܨܐܘܐܪ̈ܓܘܢܐܘܥܠܟܘܪܣܝܐܬܬܒ܂ܘܪ̈ܘܪܒܢܘܗܝ,ܒܘܨܐ܂ܘܐܪ̈ܓܘܢܐ܂ܘܝܬܒܥܠܟܘܪܣܝܐ܂ܘܪܘܪ̈ܒܢܘܗܝ
ܝܬܒܝܢ,ܝܬܒܝܢ
ܗ̄ܘܘܩܕܡ܏ܘ܇ܩܕܡܘܗܝ܇ܘܦܩܕ,ܗَܘܘܚܕܕ̈ܘܗܝ܂ܘܩܕܡܘܗܝ܂ܘܦܩܕܡܠܟܐ
ܘܥܠܬ,ܘܥܠܬ
,ܩܕܡܘܗܝ܂
ܘܐܡܪܠܝܠܡܢܐܕܡܐ,ܘܐܡܪܠܝܠܡܢܐܕܡܐ
ܐ̄ܢܐܐܘܐܒܝܩܡ܂ܘܪ̈ܘܪܒܢܝܠܡܘܢܕܡܝܢ܂ܘܐܡܪܬܠܗ,ܐَܢܐܐܒܝܩܡ܂ܘܪܘܪ̈ܒܢܝܠܡܘܢܕܡܝܢܕܡܝܢ܂ܐܡܪܬܠܗ܂
ܕܡܝܬ,ܕܡܝܬ
,ܡܪܝ
ܡܠܟܐܠܒܝܠ܂,ܡܠܟܐܠܒܝܠ܂
ܘܪ̈ܘܪܒܢܝܟܠܟܘܡܪ̈ܘܗܝ,ܘܪܘܪ̈ܒܢܝܟܠܟܘܡܪ̈ܘܗܝ܂
ܘܬܘܒܐܡܪܠܝܙܠܐܒܝܩܡ܂ܘܠܨܦܪܗܕܝܘܡܐ,ܘܬܘܒܐܡܪܠܝܙܠܐܒܝܩܡ܂ܘܠܨܦܪܗܕܝܘܡܐ
ܬܐܠܟ܂,ܬܐ܂
ܟܕܦܩܕܡܠܟܐ,ܟܕܦܩܕܡܠܟܐ
ܠܪ̈ܘܪܒܢܘܗܝ,ܠܪ̈ܘܪܒܢܘܗܝ܂
ܕܢܫܚܠܦܘܢܠܒܘܫ̈ܐ,ܕܢܫܚܠܦܘܢܠܒܘܫ̈ܐ
,ܕܝܠܗܘܢ܂
ܘܗܘܡܠܟܐܦܩܕܠܪܘܪ̈ܒܢܘܗܝܕܢܠܒܫܘܢ,ܘܗܘܡܠܟܐܦܩܕܠܪܘܪ̈ܒܢܘܗܝܕܢܠܒܫܘܢ
ܠܒܘܫܝ̈ܟܬܢ̈ܐ,ܠܒܘܫ̈ܝܟܬܢ̈ܢܐ
ܚܘܪ̈ܐ܂ܘܡܠܟܐܠܒܫ,ܚܘܪ̈ܐ܂ܘܡܠܟܐܠܒܫ
ܚܘܪ̈ܐܩܛܝܢܐܘܥܠܟܘܪܣܝܐܝܬܒܗ̄ܘܐ,ܚܘܪܐܩܛܝܢܐ܂ܘܝܬܒܥܠܟܘܪܣܝܐ܂
ܘܪܘܪ̈ܒܢܘܗܝܩܝܡܝܢ,ܘܪܘܪ̈ܒܢܘܗܝܩܝܡܝܢ
ܗ̄ܘܘܩܕܡܘܗܝ܂,ܩܕܡܘܗܝܘܚܕܪ̈ܘܗܝ܂
ܘܦܩܕܘܥܠܬܩܕܡܘܗܝܘܐܡܪܠܝܠܡܘܢܕܡܐ,ܘܦܩܕܘܥܠܬܩܕܡܘܗܝܘܐܡܪܠܝܠܡܘܢܕܡܐ
ܐ̄ܢܐ,ܐَܢܐ
ܐܒܝܩܡ܂ܘܪܘܪ̈ܒܢܝܠܡܘܢܕܡܝܢ܂ܟܕܡܦܢܐ,ܐܒܝܩܡ܂ܘܪܘܪ̈ܒܢܝܠܡܘܢܕܡܝܢ܂ܟܕܡܦܢܐ
ܐܚܝܩܪܦܬܓܡܐܘܥܢܝܬܘܐܡܪܬܠܗܕܡܐܐܢ̄ܬܠܫܡܫܐܘܪܘܪ̈ܒܢܘܗܝ,ܐَܢܐܦܬܓܡܐ܂ܥܢܝܬܘܐܡܪܬܠܗ܂ܕܡܐܐܢَܬܠܫܡܫܐ܂ܘܪܘܪ̈ܒܢܝܟ
ܠܙܠܝܩܘ̈ܗܝ܂ܘܬܘܒܐܡܪܠܝ܂ܙܠ,ܠܙܠܝܩܘ̈ܗܝ܂ܘܬܘܒܐܡܪܠܝ܂ܙܠ
ܐܒܝܩܡ܂,ܐܒܝܩܡ
ܘܠܨܦܪܐ,ܘܠܨܦܪܐ
,ܕܝܘܡܐ
ܬܐ,ܬܐ
ܠܘܬܝ܂,ܠܘܪܝ܂
ܟܕܦܩܕܠܪܘܪ̈ܒܢܘܗܝ,ܟܕܦܩܕܠܪܘܪ̈ܒܢܘܗܝ
ܕܢܫܚܠܦܘܢܠܒܘܫܝ̈ܗܘܢ܂ܘܦܩܕܦܪܥܘܢܠܪ̈ܘܪܒܢܘܗܝܕܢܫܚ̱ܠܦܘܢܠܒܘܫܝܗ̈ܘܢ܂ܕܠܡܚܪܠܒܫܘ,ܕܠܡܚܪܠܡܠܒܫ
ܠܒܘܫ̈ܐܐܘܟܡ̈ܐܘܬܪ̈ܥܝܗܝܟܠܐܢܬܟܣܣܘܢ,ܠܒܘܫ̈ܐܐܘܟܡ̈ܐܘܬܪ̈ܥܝܗܝܟܠܐܢܬܟܣܣܘܢ
ܐܘܟܡ̈ܐ,ܘܟܡ̈ܐ
ܘܬܘܠܥܐ܂ܘܡܠܟܐܠܒܫ,ܘܬܘܠܥܐ܂ܘܡܠܟܐܠܒܫ
ܠܒܘܫܐܬܘܠܥܐ܂ܟܕܦܩܕܦܪܥܘܢܕܢܥܘܠܐܚܝܩܪ,ܠܒܘܫ̈ܐܕܬܘܠܥܐ܂ܟܕܦܩܕܦܪܥܘܢܕܢܥܘܠܐܒܝܩܡ܂
ܘܥܠܬ,ܘܥܠܬ
ܩܕܡܝ,
ܘܐܡܪܠܝܠܡܘܢܕܡܐ,ܘܐܡܪܠܝܠܡܘܢܕܡܐ
ܐ̄ܢܐܐܒܝܩܡ܂ܘܪ̈ܘܪܒܢܝܠܡܘܢܕܡܝܢ܂ܘܥܢܝܬܘܐܡܪܬܠܗ܂ܕܡܐܐܢ̄ܬ,ܐَܢܐܐܒܝܩܡ܂ܠܘܪܘܪ̈ܒܢܝܠܡܘܢܕܡܝܢ܂ܘܐܡܪܬܠܗܕܡܐܐܢَܬ
ܡܠܟܐܠܣܗܪܐ,ܡܠܟܐܠܣܗܪܐ
ܘܪ̈ܘܪܒܢܝܟ,ܘܪܘܪܒܢܝܟ
ܠܟܘܟܒ̈ܐ܂ܘܐܡܪܠܝܙܠܐܒܝܩܡܘܠܨܦܪܐܬܐܠܘܬܝ܂,ܠܟܘܟܒ̈ܐ܂ܘܐܡܪܠܝܙܠܐܒܝܩܡܘܠܨܦܪܐܬܐܠܘܬܝ܂
ܘܟܕ,ܟܕ
ܦܩܕܦܪܥܘܢ,ܦܩܕܦܪܥܘܢ
ܠܪ̈ܘܪܒܢܘܗܝܕܠܡܚܪܠܒܘܫܘܠܒܘܫ̈ܐ܆ܕܨܘܒܥܗܝܢ,ܠܪܘܪ̈ܒܢܘܗܝܕܠܡܚܪܕܢܠܒܫܘܢܠܒܘܫ̈ܐܐَܚܪ̈ܢܐܕܨܘܒܥِܗܝܢ
ܡܦܬܟ̈ܐܕܟܠ,ܡܦܬܟ̈ܐܕܟܠ
ܓܘܢ̈ܝܢ,ܓܘܢܝ̈ܢ
ܘܬܪ̈ܥܝܗܝܟܠܐ,ܘܬܪ̈ܥܝܗܝܟܠܐ
ܢܬܟܣܘܢܣܘܡܩ̈ܐ,ܢܬܟܣܣܘܢܣܘܡ̈ܩܐ܂
ܦܬܝ̈ܟܐ܂ܘܡܠܟܐܠܒܫܠܒܘܫܝ̈,ܦܬܝ̈ܟܐ܂ܘܡܠܟܐܠܒܫܠܒܘܫܝ̈
ܡܝ̈ܠܬܐܟܕܦܩܕܦܪܥܘܢܕܢܥܘܠ,ܡܝ̈ܠܬܐ܂ܟܕܦܩܕܦܪܥܘܢܕܢܥܘܠܐܚܝܩܪ
ܐܚܝܩܪ܂ܘܥܠܬܘܥܢܐܘܐܡܪܠܝ܂ܠܡܘܢܕܡܐ,ܐܚܝܩܪ܂ܘܥܠܬܘܥܢܐܘܐܡܪܠܝ܂ܠܡܘܢܕܡܐ
ܐ̄ܢܐ܂ܘܪ̈ܘܪܒܢܝ,ܐَܢܐ܂ܘܪܘܪ̈ܒܢܝ
ܠܡܘܢܕܡܝܢ܂ܘܥܢܝܬܘܐܡܪܬܠܗ܂ܕܡܐ,ܠܡܘܢܕܡܝܢ܂ܘܥܢܝܬܘܐܡܪܬܠܗ܂ܕܡܐ
ܐܢ̄ܬܠܢܝܣܢܘܪ̈ܘܪܒܢܝܟܠܗܒܒ̈ܘܗܝ܂,ܐܢَܬܠܢܝܣܢ܂ܘܪܘܪ̈ܒܢܝܟܠܗܒܒܘܗ̈ܝ
ܟܕܫܡܥܡܠܟܐܣܓܝ,ܟܕܫܡܥܡܠܟܐܣܓܝ
ܚܕܘܬܐܐܬܡ̱ܠܝ܂,ܦܨܚ܂ܘܚܕܘܬܐܐܬܡِܠܝ܂
ܘܐܡܪܠܝܐܒܝܩܡ܂ܚܕܐܙܒܢܕܡܝܬܢܝܠܒܝܠ,ܘܐܡܪܠܝܐܒܝܩܡ܂ܚܕܐܙܒܢܕܡܝܬܢܝܠܒܝܠ
ܘܪ̈ܘܪܒܢܝܠܟܘܡܪ̈ܘܗܝ܂,ܘܪܘܪ̈ܒܢܝܠܟܘܡ܏ܪܠܟܘܡܪܐ܇
ܘܬܪ̈ܬܝܢܕܡܝܬܢܝ,ܘܬܪ̈ܬܝܢܕܡܝܬܢܝ
ܠܣܗܪܐܘܪ̈ܘܪܒܢܝ,ܠܣܗܪܐ܂ܘܪܘܪ̈ܒܢܝ
ܠܟܘܟܒ̈ܐ܂ܘܕܬܠܬܕܡܝܬܢܝܠܢܝܣܢ,ܠܟܘܟܒ̈ܐ܂ܘܕܬܠܬܕܡܝܬܢܝܠܢܝܣܢ
ܘܪ̈ܘܪܒܢܝܠܗܒܒܘܗ̈ܝ,ܘܪܘܪ̈ܒܢܝܠܗܒܒܘ̈ܗܝ܂
ܘܡܟܝܠܐܡܪܠܝ,ܘܡܟܝܠܐܡܪܠܝ
ܣܪܚܕܘܡ,ܣܪܚܕܘܡ܂
ܡܪܟܠܡܘܢ,ܡܪܟܠܡܘܢ
ܕܡܐ܂,ܕܡܐ
ܟܕܡܦܢܐܐܚܝܩܪܠܦܪܥܘܢ,ܟܕܡܦܢܐܐܚܝܩܪܠܦܪܥܘܢ
ܬܬܓܡܐ܂,ܦܬܓܡܐ
ܗܝܕܝܢܥܢܝܬܘܐܡܪܬ,ܗܝܕܝܢܥܢܝܬܘܐܡܪܬ
ܘܐܡܪܬܠܗ܂,ܠܗ
ܚܣܠܟܡܠܟܐܕܠܣܪܚܕܘܡܡܪܝ,ܚܣܠܟܡܠܟܐܕܠܣܪܚܕܘܡܡܪܝ
ܐܬܕܟܖ,ܬܬܕܟܪ
ܟܕܝܬܒ,ܟܕܝܬܒ
ܐܢ̄ܬ܂,ܐܢَܬ܂
ܡܛܠܕܡܪܝ,ܡܛܠܕܡܪܝ
ܕܝܠܝܣܪܚܕܘܡ,ܡܠܟܐܣܪܚܕܘܡ܂
ܕܡܐܠܐܠܗܝ,ܕܡܐܠܐܠܗܝ
ܫܡܝܐܘܪ̈ܘܪܒܢܘܗܝ,ܕܒܫܡܝܐܘܪܘܪ̈ܒܢܘܗܝ
ܠܒܪ̈ܩܐ܂ܕܐܡܬܝܕܨܒܐܕܢܓܒܘܠܛܠܐ,ܠܒܪ̈ܩܐ܂ܕܐܡܬܝܕܨܒܐܕܢܓܒܘܠܛܠܐ
ܘܡܛܪܐ܂,ܘܡܛܪܐ
ܘܛܒ̈ܬܐ,ܘܛܒ̈ܬܐ
ܢܣܘ,ܢܣܩ
ܠܫܡ̈ܝ,ܠܫܡ̈ܝ
ܡܠܟܘܬܗܘܢܪܥܡ܂ܘܢܬܥܙܙ܂,ܡܠܟܘܬܗ܂ܘܢܪܥܡܘܢܬܥܙܪ܂
ܘܢܟܠܐ,ܘܢܟܠܐ
ܠܫܡܫܐ܂,ܠܫܡܫܐ
ܠܡܕܢܚ܂ܘܠܙܠܝܩܘܗ̈ܝܬܘܒ,ܠܡܕܢܚ܂ܘܠܙܠܝܩܘܗ̈ܝܬܘܒ
ܠܡܬܚܙܝܘ܂,ܠܡܬܚܙܝܘ
ܘܢܟܠܐܠܒܝܠܘܠܟܘܡܪ̈ܘܗܝܠܡܥܠ,ܘܢܟܠܐܠܒܝܠܘܠܟܘܡܪ̈ܘܗܝܠܡܥܠ
ܘܠܘܢܦܩ,ܠܘܠܡܦܩ
ܒܫܘܩ̈ܐ܂ܘܢܟܠܐܠܣܗܪܐܠܡܕܢܚܘܠܟܘܟܒ̈ܐ,ܒܫܘܩ̈ܐ܂ܘܢܟܠܐܠܣܗܪܐܠܡܕܢܚܘܠܟܘܟܒ̈ܐ
ܠܡܬܚܙܝܘ܂,ܠܡܢܗܪܘ܂
ܘܐܢܨܒܐܕܢܦܩܘܕܠܓܪܒܝܐܘܪܘܚܐܬܚܫܘܠ,ܘܐܢܨܒܐܕܢܦܩܘܕܠܓܪܒܝܐܘܪܘܚܐܬܚܫܘܠ
ܒܪܩܐ,ܒܪܕܐ
ܘܡܛܪܐܘܢܚܒܘܛ,ܘܡܛܪܐܘܢܚܒܘܛ
ܠܢܝܣܢ,ܠܢܝܣܢ܂
ܘܢܘܒܕܠܗܒܒܘ̈ܗܝ܂ܘܟܕܫܡܥܡܠܟܐܩܨܦ܂ܟܕܡܫܐܠܦܪܥܘܢ,ܘܢܘܒܕܠܗܒܒܘ̈ܗܝ܂ܘܟܕܫܡܥܡܠܟܐܩܨܦ܂ܟܕܡܫܐܠܦܪܥܘܢ
ܠܐܚܝܩܪ܂,ܠܐܚܝܩܪܡܛܠܫܡܗܘܐܡܪܠܗ܂ܕܐܢَܬܐܢَܬܐܚܝܩܪ
ܗܝܕܝܢ,ܗܝܕܝܢ
,ܐܡܪܬܕܐܢܐܐَܢܐܡܪܝ܂
ܐܡܪ,ܐܡܪ
ܫܪܝܪܐܝܬ,ܦܪܥܘܢ܆
ܒܚܝܝ̈,ܒܚܝܝ̈
ܡܪܟ,ܡܟܟ
ܣܪܚܕܘܡ,ܣܪܚܕܘܡ
,ܡܢܘ
ܡܢܘܫܡܟ܂ܘܥܢܝܬܘܐܡܪܬܠܗ܂,ܡܢܘܫܡܟ܂ܘܥܢܝܬܘܐܡܪܬܠܗ܂
ܐܢܐܐܚܝܩܪ܂,ܐܚܝܩܪ
ܣܦܪܐܘܥܙܩܬܗܕܣܪܚܕܘܡܡܠܟܐ,ܣܦܪܐܘܥܙܩܬܗܕܣܪܚܕܘܡܡܠܟܐ
ܒܐܝܕ̈ܝ,ܒܐܝܕܝ̈
ܐܝܬܝܗ܂ܘܐܡܪܠܝܦܪܥܘܢ,ܐܝܬܝܗ܂ܘܐܡܪܠܝܦܪܥܘܢ
ܐܝܟܢܐ,ܐܢَܬ
ܐܝܬܝܟܒܚܝ̈ܐ܂ܘܐܡܪܬܠܗܐܝܬܝܒܚܝ̈ܐ܂ܘܠܣܪܚܕܘܡܡܪܝܡܠܟܐ,ܐܝܬܝܟܒܚܝ̈ܐ܂ܘܐܡܪܬܠܗܐܝܬܝܒܚܝ̈ܐ܂ܘܠܣܪܚܕܘܡܡܪܝܡܠܟܐ
ܚܙܝܬ,ܚܙܝܬ܂
ܘܠܝܐܬܬܘܣܦ,ܘܠܝܐܬܬܘܣܦ
ܚܝ̈ܐ܆,ܚܝ̈ܐ܂
ܘܐܠܗܐܦܪܩܢܝܡܢ,ܘܐܠܗܐܦܪܩܢܝܡܢ
ܟܠܡܕܡ,ܡܘܬܐܘܩܛܠܐ܂ܘܡܢܡܕܡ
ܕܠܐܥܒܕ,ܕܠܐܥܒܕ
ܒܝܡܕܡ܂ܘܐܡܪ,ܐܝܕܝ̈܂ܘܐܡܪܠܝ
ܡܠܟܐܙܠ,ܡܠܟܐܙܠ
ܘܠܨܦܪܐ,ܣܦܪܐ܂ܘܠܨܦܪܗܕܝܘܡܐ
ܬܐ,ܬܐ
ܠܘܬܝ܂,ܠܘܬܟ܂
ܘܐܡܪܠܝܡܠܬܐܕܠܐܫܡܝܥܐ,ܘܐܡܪܠܝܡܠܬܐܕܠܐܫܡܝܥܐ
ܠܝܘܠܐܠܚܕ,ܠܐَܢܫܘܠܐܠܐَܢܫ
ܡܢ,ܡܢ
ܪ̈ܘܪܒܢܝ,ܪܘܪ̈ܒܢܝ
ܘܠܐܒܡܕܝܢܬܡܨܪܝܢ,ܘܠܐܒܡܕܝܢܬܡܨܪܝܢ
ܐܫܬܡܥܬ܂,ܐܫܬܡܥܬ
ܟܕܟܬܒܐܚܝܩܪܡܠܬܐ,ܟܕܟܬܒܐܚܝܩܪܡܠܬܐ
ܕܬܒܥܡܢܗܦܪܥܘܢ܂ܗܝܕܝܢܐܢܐܐܚܝܩܪܡܠܬܐܕܬܒܥ,ܕܪܒܥ
ܡܢܗܦܪܥܘܢ܂ܗܝܕܝܢܐܢܐܐܚܝܩܪܐܪܚܩܬܘܟܬܒܬܐܓܪܬܐܚܕܐܕܗܟܢܐܐܝܬܒܗ܂ܕܡܢ,ܡܢܗܦܪܥܘܢ܂ܗܝܕܝܢܐܢܐܐܚܝܩܪܐܪܚܩܬܘܟܬܒܬܐܓܪܬܐܚܕܐܕܗܟܢܐܐܝܬܒܗ܂ܕܡܢ
ܦܪܥܘܢ,ܦܪܥܘ
ܡܠܟܐܕܡܨܪܝܢܠܣܪܚܕܘܡܡܠܟܐܕܐܬܘܪ,ܡܠܟܐܕܡܨܪܝܢܠܣܪܚܕܘܡܡܠܟܐܕܐܬܘܪ
ܘܕܢܝܢܘܐܫܠܡ܂,ܫܠܡ܀܀܀
ܡܣܬܢܩܝܢܡܠܟ̈ܐܥܠ,ܡܣܬܢܩܝܢܡܠܟ̈ܐܥܠ
ܡܠܟ̈ܐ,ܡܠܟ̈ܐ܂
ܘܕܝܢ̈ܐܥܠܕܝܢ̈ܐ܂ܘܒܗܢܐܙܒܢܐ,ܘܕܝܢ̈ܐܥܠܕܝܢ̈ܐ܂ܘܒܗܢܐܙܒܢܐ
ܐܣܬܢܩܢܢܕܡܘܗ̈ܒܬܐܐܬܒܨܪܘ܂ܘܟܣܦܐ,ܐܣܬܢܩܝܢܠܡܘ̈ܗܒܬܐ܂ܡܛܠܕܐܬܒܨܪܝܢܗܫܐ܂ܟܣܦܐ
ܚܣܪܡܢ,ܚܣܪܡܢ
ܒܝܬܓܙܐܕܝܠܝ,ܓܙܐܕܝܠܝ܂
ܐܠܐܦܩܘܕܕܡܫܕܪܝܢܠܝܡܢ,ܐܠܐܦܩܘܕܕܡܫܕܪܝܢܠܝܡܢ
ܒܝܬܓܙܐܕܝܠܟ܂,ܒܝܬܓܙܟ
ܟܟܪ̈ܐ,ܟܟܪ̈ܐ
ܬܫܥܡܐܐ܂,ܠܬܫܥܡܐܐܟܣܦܐ܂
ܘܥܕܙܒܢܐܩܠܝܠ,ܘܥܕܙܒܢܐܩܠܝܠ
ܗܦܟܢ̈ܠܕܘܟ̈ܝܬܗܝܢ܂,ܗܦ̈ܟܢܠܕܘܟܝ̈ܬܗܝܢ܂
ܘܠܗܠܐܓܪܬܐ,ܘܠܗܠܐܓܪܬܐ
ܟܪܟܬܗ,ܟܪَܟܬܗ
ܘܐܥܠܬܗܩܕܡܘܗܝ܂,ܘܐܥܠܬܗܩܕܡܘܗܝ܂
ܐܡܪܢܐ,ܐܡܪܬܠܗ܂
ܠܐܡܢ,ܠܐܡܢ
ܪ̈ܘܪܒܢܝܟܘܠܐܡܢܡܨܪܝܢ܂,ܪܘܪ̈ܒܢܐ܂ܘܐܦܠܐܒܡܨܪܝܢ
ܐܫܬܡܥܬܡܕܡ,ܐܫܬܡܥܬܡܕܡ
ܕܒܗܕܐܐܓܪܬܐܟܬܝܒܐ܂,ܕܐܝܬܟܬܝܒ̈ܐܒܗܕܐܐܓܪܬܐ܂
ܡܠܬܐ,ܡܠܬܐ
ܕܠܐܠܟܫܡܝܥܐ,ܕܠܟܠܐܫܡܝܥܐ܂
ܐܦܠܐ,ܐܦܠܐ
ܠܐ̄ܢܫܐ̄ܚܪܝܢ܂,ܠܐَܢܫܐَܚܪܝܢ܂
ܐܡܪܝܢܟܠܗܘܢܫܡܝܥܐܠܢ܂ܘܒܫܪܪܐ,ܐܡܪܝܢܟܠܗܘܢܫܡܝܥܐܠܢ܂ܘܒܫܪܪܐ
ܐܝܬܝܗܘܟܕ,ܐܝܬܝܗ܂
ܩܪܐܘܗ,ܩܪܐܘܗ
ܐܓܪܬܐܬܡܗܘܗ̄ܘܘ܂,ܠܐܓܪܬܐܘܬܡܗܘܗَܘܘ܂
ܐܡܪܠܝ,ܐܡܪܠܝ
,ܗܝܕܝܢ
ܡܠܟܐ܂,ܡܠܟܐ܂
,ܐܚܝܩܪܘܐܡܪܬܗܐܐܢܐܐܢܐ܂ܘܐܡܪܠܝ
ܒܢܝܠܝ,ܒܢܝܠܝ
ܐܒܝܩܡ,
,ܚܕܐ
ܒܝܪܬܐ,ܒܝܪܬܐ
ܚܕܐ,
ܒܝܬܫܡܝܐܠܐܪܥܐ܂ܘܬܗܘܐܪܡܐ,ܒܝܬܫܡܝܐܠܐܪܥܐ܂ܘܬܗܘܐܪܡܐ
,ܘܡܥܠܝܐ
ܡܢܐܪܥܐ,ܡܢܐܪܥܐ
,ܐܝܟ
ܐܠܦ,ܐܠܦ
ܐܡܝ̈ܢ,ܐܡܝܢ܂
ܘܒܗܒܫܥܬܐܐܦܩܬ,ܘܒܗܒܫܥܬܐܐܦܩܬ
ܒܢܝ̈,ܠܒܢܝ̈
ܢܫܪ̈ܐܡܢ,ܢܫܪ̈ܐܡܢ
ܕܖܟ̈ܝܬܗܝܢ,ܕܘܟܝܬܗ̈ܘܢ܂
ܘܩܛܪܬܓܝ̈ܓܠܐܒܪ̈ܓܠܝܗܘܢ,ܘܩܛܪܬܓܝ̈ܓܠܐܒܪ̈ܓܠܝܗܘܢ
ܒܡܫܘܚܬܐ,ܒܡܫܘܚܬܐ܂
ܘܐܪܟܒܬܥܠܝܗܘܢܛܠܝ̈ܐܗܢܘܢ,ܘܐܪܟܒܬܥܠܝܗܘܢܛܠܝ̈ܐܗܢܘܢ
ܕܐܡܪܝܢ,ܘܐܡܪܝܢ
ܛܝܢܐܘܡܠܛܐܐܪ̈ܚܐ,ܛܝܢܐܘܡܠܛܐܐܪ̈ܚܐ
ܠܒ̈ܢܐ,ܐܪ̈ܕܟܠܐܐܝܬܠܢ
ܐܣܩܘ,ܐܣܩܘ
ܠܐܪ̈ܕܟܠܐ,ܠܗܘܢܠܥܒܕܐ܂ܡܛܠܕܐܪ̈ܕܟܠܐ
ܕܡܠܟܐ,ܕܡܠܟܐ
ܕܒܛܝܠܝܢܘܡܪ̈ܓܕܐܕܦܠܚܝܢܢܡܙܘܓܘܠܢ܂,ܒܛܝܠܝܢ܂ܘܡܙܘܓܘܡܪ̈ܓܪ̈ܐ܂ܐܘܟܝܬܚܡܪܐܠܐܪ̈ܕܟܠܐ܂
ܘܟܕܚܙܘ,ܘܟܕܚܙܘ
ܪ̈ܘܪܒܢܐܬܡܗܘ܂,ܪܘܪ̈ܒܢܐܫܡܥܘܘܬܡܗܘ
ܗܝܕܝܢܐܢܐܐܚܝܩܪܢܣܒܬ,ܗܝܕܝܢܐܢܐܐܚܝܩܪܢܣܒܬ
ܠܝ,
ܚܘܛܪܐܘܗܘܝܬܡܚܐ,ܚܘܛܪܐܘܗܘܝܬܡܚܐ
ܐܢܐܠܗܘܢܠܪ̈ܘܪܒܢܘܗܝ,ܠܗܘܢܗܘܘܪܘܪ̈ܒܢܘܗܝ
ܥܕܡܐܕܥܪܩܘ܂ܡܛܠܕܢܗܘܘܢܡܣܩܝܢܡܕܡܕܡܬܒܥܐܠܒܢܝܢܐ܂ܗܝܕܝܢܡܠܟܐܐܡܪ,ܥܕܡܐܕܥܪܩܘ܂ܡܛܠܕܢܗܘܘܢܡܣܩܝܢܡܕܡܕܡܬܒܥܐܠܒܢܝܢܐ܂ܗܝܕܝܢܡܠܟܐܐܡܪ
ܠܝ,
ܫܢܝܬܠܟܐܚܝܩܪ܂ܡܢܘܡܫܟܚܕܢܣܩܠܗܘܢܗܘ,ܫܢܝܬܠܟܐܚܝܩܪ܂ܡܢܘܡܫܟܚܕܢܣܩܠܗܘܢܗܘ
ܡܕܡ,ܡܐ
ܕܒܥܝܢ܂ܘܐܢܐܐܡܪܬ,ܕܒܥܝܢ܂ܘܐܢܐܐܡܪܬ
ܠܗ܂,ܠܗ
ܘܠܡܢܐܗܟܝܠܫܡܗ,ܘܠܡܢܐܗܟܝܠܫܡܗ
ܕܣܪܚܕܘܡ,ܕܣܪܟܝܕܘܡ
ܡܪܝ,ܡܪܝ
ܡܝܬܝܬܘܢ܂,ܒܦܘܡܟܘܢܡܝܬܝܬܘܢ
ܗܘܕܐܠܘܬܢܢ,ܗܘܕܐܠܘܬܢܢ
ܗܘܐ܂,ܗَܘܐ܂
ܘܒܥܐ,ܘܒܥܐ
ܗ̄ܘܐ,ܗَܘܐ
ܕܢܒܢܐܬܪ̈ܬܝܢܒܝܪ̈ܢܒܝܘܡܐܚܕܒܢܐ,ܕܢܒܢܐܬܪ̈ܬܝܢܒܝܪ̈ܢܒܝܘܡܐܚܕܒܢܐ
ܗ̄ܘܐ܂,ܗَܘܐܠܗܘܢ܂
ܐܡܪܠܝܥܒܪܠܟܡܟܝܠܡܢܡܢܪܬܐ܂ܘܠܨܦܪܐܬܐܠܘܬܝ܂ܘܟܕܗܘܐܨܦܪܐܥܠܬ,ܐܡܪܠܝܥܒܪܠܟܡܟܝܠܡܢܡܢܪܬܐ܂ܘܠܨܦܪܐܬܐܠܘܬܝ܂ܘܟܕܗܘܐܨܦܪܐܥܠܬ
ܠܘܬܗ,ܠܘܬܗ܂ܘܗܘܚܪܘܚܙܢܝ
ܘܐܡܪܠܝܐܚܝܩܪ܂ܚܘܢܝܨܒܘܬܐܗܕܐܕܓܕܫܬ,ܘܐܡܪܠܝܐܚܝܩܪ܂ܚܘܢܝܨܒܘܬܐܗܕܐܕܓܕܫܬ
ܠܢ܂,ܠܢ܆
ܣܘܣܝܐܐܘܫܢܐܕܡܪܟ,ܣܘܣܝܐܐܘܫܢܐܕܡܪܟ
,ܘܥܗܪܐ܂
ܨܗܠܒܐܬܘܪ,ܨܗܠܒܐܬܘܪ
ܘܢܝܢܘܐ܂,ܘܒܢܝܢܘ̈ܐ܀
ܘܫܡܥ̈ܝܩܠܗ,ܘܫܡܥ̈ܝܩܠܗ
ܪ̈ܟܫܬܐ,ܪ̈ܟܫܐ
ܕܗܪܟܐ,ܕܗܪܟܐ
ܘܝܚ̈ܛܢ,ܘܚܝ̈ܛܢ
ܥܘܠܝܗܝܢ܂ܗܝܕܝܢܐܢܐܐܚܝܩܪܢܦܩܬܡܢܩܕܡܡܠܟܐ܂,ܥܘܠܝܗܝܢ܂ܗܝܕܝܢܐܢܐܐܚܝܩܪܢܦܩܬܡܢܩܕܡܡܠܟܐ܂
ܘܠܒ̈ܕܝܦܩܕܬܕܢܝܕܘܢ,ܘܠܥܒ̈ܕܝܕܝܠܝܦܩܕܬ܂ܕܢܨܘܕܘܢ
ܠܝܚܕܐ,ܠܝܚܕܐ
ܟܟܘܫܬܐ܂,ܟܟܘܫܬܐܐܠܗܬܗܘܢܕܡܨܪ̈ܢܐ܂
ܘܢܗܘܘܢ,ܘܢܗܘܘܢ
,ܡܢܓܕܝܢ
ܡܢܓܕܝܢܠܗܥܕܡܐܕܫܡܥܘܡܨܪ̈ܝܐ܂ܘܐܙܠܘܘܐܡܪܘܩܕܡ,ܡܢܓܕܝܢܠܗܥܕܡܐܕܫܡܥܘܡܨܪ̈ܝܐ܂ܘܐܙܠܘܘܐܡܪܘܩܕܡ
ܡܠܟܐ܂,ܡܠܟܐ
ܕܗܢܐ,ܕܗܢܐ
ܐܚܝܩܪ,ܐܒܝܩܡ
ܐܥܠܠܗܟܟܘܫܬܐ,ܐܥܠܠܗܟܟܘܫܬܐ
ܚܕܐ܂,ܚܕܐܐܠܗܬܐ܂
ܘܐܚܝܕܠܗܘܡܢܓܕܠܗ܂ܡܠܟܐܕܝܢ,ܘܐܚܝܕܠܗܘܡܢܓܕܠܗ܂ܡܠܟܐܕܝܢ
ܟܕܫܡܥ,ܫܡܥ܂
ܐܡܪܠܝ܂,ܐܡܪܠܝ܂
,ܐܘܐܚܝܩܪ܂
ܡܛܠܐܝܕܐܨܒܘܬܐܠܐܠܗ̈ܝܢ,ܡܛܠܐܝܕܐܨܒܘܬܐܠܐܠܗ̈ܝܢ
ܡܨܥܪܬ܂,ܡܨܥܪܐܢَܬ
ܐܢܐܕܝܢܐܡܪܬ,ܐܢܐܕܝܢܐܡܪܬ
ܠܗ,ܠܗ܂ܐܘ
ܡܠܟܐܠܥܠܡܚܝܝ܂ܟܟܘܫܬܐܗܕܐܒܣܘܓܐܐܐܚܣܪܬܢܝܘܠܘܒܙܥܘܪ܂,ܡܠܟܐܠܥܠܡܚܝܝ܂ܟܟܘܫܬܐܗܕܐܒܣܘܓܐܐܐܚܣܪܬܢܝܘܠܘܒܙܥܘܪ܂
,ܟܕ
ܡܪܝܡܠܟܐ,ܡܪܝܡܠܟܐ
ܬܪܢܓܠܐ,
ܡܫܠܡ,ܡܫܠܡ
ܗ̄ܘܐ܂,ܗَܘܐܠܝܚܕܬܪܢܓܠܐ܂
ܘܩܠܗܣܓܝܫܦܝܪ,ܘܩܠܗܣܓܝܫܦܝܪ
ܗ̄ܘܐ܂,ܗَܘܐ܂
ܘܒܐܝܢܐܥܕܢܐܕܨܒܐ,ܘܒܐܝܢܐܥܕܢܐܕܨܒܐ
ܗ̄ܘܝܬ,ܗَܘܝܬ
ܕܠܬܪܥ,ܕܠܬܪܥ
ܡܠܟܐ,ܡܠܟܐ܂
ܐܙܠ܂ܕܗܘܡܠܟܐ,ܐܙܠ܂ܕܗܘܡܠܟܐ
ܒܟܐܗ̄ܘܐ,ܒܥܐܗَܘܐ
ܠܝ܂ܒܗܒܥܕܢܐܩܪܐ,ܠܝ܂ܒܗܒܥܕܢܐܩܪܐ
ܗ̈ܘܐ,ܗَܘܐ
ܘܡܥܝܪ,ܘܡܥܝܪ
ܗ̄ܘܐ,ܗَܘܐ
ܠܝܡܢܫܢܬܝ܂ܘܐܙܠ,ܠܝܡܢܫܢܬܝ܂ܘܐܙܠ
ܗ̄ܘܝܬ,ܗَܘܝܬ
ܠܬܪܥܡܠܟܐ܂ܘܡܡܬܘܡܗܕܐܠܐ,ܠܬܪܥܡܠܟܐ܂ܘܡܡܬܘܡܗܕܐܠܐ
ܛܒܐ܂,ܛܒܐܗَܝ܂
ܕܗܟܢܐܥܒܕܬܒܝܟܟܘܫܬܐܗܕܐ܂ܕܒܠܠܝܐܗܢܐܥܒܪܬ,ܕܗܟܢܐܥܒܕܬܒܝܟܟܘܫܬܐܗܕܐ܂ܕܒܠܠܝܐܗܢܐܥܒܪܬ
ܩܕܡܝܗܝ,ܩܕܡܝ܂ܗܕܐ
ܟܟܘܫܬܐܗܕܐܘܐܙܠܬܠܐܬܘܪ,ܟܟܘܫܬܐܗܕܐܘܐܙܠܬܠܐܬܘܪ
ܘܠܢܝܢܘܐܘܫܩܠܬܗܪܫܗܕܬܪܢܓܠܐܗܘܘܐܬܬ܂,ܘܠܢܝܢ̈ܘܐܘܫܩܠܬܗܠܪܫܗܕܬܪܢܓܠܐܗܘܘܐܬܬܠܗܪܟܐ܂
ܗܝܕܝܢܐܡܪܠܝܡܠܟܐ܂ܗܫܐܕܣܐܒܬ,ܗܝܕܝܢܐܡܪܠܝܡܠܟܐ܂ܗܫܐܕܣܐܒܬ
ܫܢܝܬܘܛܥܝܬ܂,ܛܥܝܬ܂
ܬܠܬܡܐܐܓܝܪ,ܬܠܬܡܐܐܓܝܪ
ܦܪ̈ܣܚܝܢܘܫܬܝܢܐܝܬܒܝܬܐܬܘܪܠܡܨܪܝܢ܂,ܦܪ̈ܚܝܢܐܝܬܒܝܬܐܬܘܪܠܡܨܪܝܢ
ܐܝܟܢܐ,ܐܝܟܢܐ
ܐܙܠܬܟܟܘܫܬܐܗܕܐܘܫܩܠܬܗܠܪܫܗܕܬܪܢܓܠܐܗܘܘܐܬܬ܇ܗܝܕܝܢܐܢܐܐܡܪܬܠܗ܂,ܡܨܝܐܗَܘܬܕܐܝِܠܐܗܘܬܒܗܢܐܠܠܝܐ܂ܘܫܩܠܬܗܠܪܫܗܕܬܪܢܓܠܐ܂ܗܘܘܐܬܬ܂ܘܗܝܕܝܢܐܡܪܬܠܗ
ܐܝܟܢܐܕܟܕܬܠܬܡܐܐ,ܐܝܟܢܐܕܟܕܬܠܬܡܐܐ
ܘܫܬܝܢ,
ܦܪ̈ܣܚܝܢ,ܦܪ̈ܣܚܝܢ
ܐܝܬܒܝܬܒܐܬܘܪܠܡܨܪܝܢ܂ܫܡ̈ܥܢܪ̈ܟܫܬܐ,ܘܬܠܬܝܢܐܝܬܒܝܬܐܬܘܪܠܡܨܪܝܢ܂ܠܐܫܡܥ̈ܢܢܕܫܡ̈ܥܢܣܘܣ̈ܝܬܐ
ܕܝܠܟܘܢܩܠܗܕܣܘܣܝܐܕܝܠܢ,ܕܝܠܟܘܢܩܠܗܕܣܘܣܝܐܕܝܠܢ
ܘܝܚ̈ܛܢ̈ܥܝܠܗܝܢ܂,ܘܚܝ̈ܛܢܥܘܠܝܗ̈ܝܢ܂
ܗܟܢܐܐܦ,ܗܟܢܐܐܦ
ܟܟܘܫܬܐܗܕܐ܂,ܟܟܘܫܬܐ܂
ܘܟܕܫܡܥܡܠܟܐܗܟܢܐܒܗܬ,ܘܟܕܫܡܥܡܠܟܐܗܟܢܐܒܗܬ
,ܘܐܬܕܡܪ܂
ܘܐܡܪܠܝ,ܘܐܡܪܠܝ
,ܐܘ
ܐܘܐܚܝܩܪܦܫܠܝܡܡܠܠܐ,ܐܘܐܚܝܩܪܦܫܠܝܡܡܠܠܐ
ܕܐܡܪܢܐ,ܕܐܡܪܐَܢܐ
ܠܟ܂ܐܝܬܠܝܚܕܐܣܛܘܢܐ,ܠܟ܂ܐܝܬܠܝܚܕܐܣܛܘܢܐ
ܪܒܐ܂,ܪܒܐ܀
ܘܠܥܠܡܢܗܢܨܝܒܝܢ,ܘܠܥܠܡܢܗܢܨܝܒܝܢ
ܐܪܙܐ,ܐܪ̈ܙܐ
ܬܪܥܣܪ܂ܘܠܥܠܡܢ,ܬܪܥܣܪ܂ܘܠܥܠܡܢ
ܟܠܚܕ,ܟܠܚܕ
ܡܢ,ܡܢ
ܐܪ̈ܙܐ܂,ܐܪ̈ܙܐ
ܓܝܓ̈ܠܐܬܠܬܝܢ܂ܘܠܥܠܡܢܓܝܓܠܐ,ܓܝܓ̈ܠܐܬܠܬܝܢ܂ܘܠܥܠܡܢܓܝܓܠܐ
ܚܕܐ,ܚܕܐ܂
ܪܗܛܝܢܬܪܝܢ܂ܚܕ,ܪܗܛܝܢܬܪܝܢ܂ܚܕ
ܚܘܪܐ,ܚܘܪܐ܂
ܘܚܕܐܘܟܡܐ܂ܗܝܕܝܢܐܢܐܐܡܪܬܠܡܠܟܐ܂ܡܠܬܐܗܕܐܕܐܡܪܡܪܝ,ܘܚܕܐܘܟܡܐ܂ܗܝܕܝܢܐܢܐܐܡܪܬܠܡܠܟܐ܂ܡܠܬܐܗܕܐܕܐܡܪܡܪܝ
ܡܠܟܐ,ܡܠܟܐ܂
ܪ̈ܥܝܝܥܢ̈ܐܘܬܘܪ̈ܐܝܕܥܝܢܠܗ,ܪ̈ܥܝܝܥܢ̈ܐܘܬܘܪ̈ܐܝܕܥܝܢܠܗ
ܡܠܬܗܕܐ܂,ܡܠܬܐܗܕܐܕܡܫܐܠܡܠܟܐ܂
ܐܣܛܘܢܐܚܕܕܐܡܪܬܡܪܝܡܠܟܐ,ܐܣܛܘܢܐܚܕܕܐܡܪܬܡܪܝܡܠܟܐ
ܫܢ̄ܬܐ,ܫܢَܬܐ
ܐܝܬܝܗ,ܐܝܬܝܗ
,ܗܝܐܣܛܘܢܐܒܢܗܡܢܬܡܢܝܐܐܠܦܝܢܘܫܒܥܡܐܐܘܫܬܝܢܘܬܠܬܐܠܒܢ̈ܐ܀܆ܘܫܒܥܡܐܐܐܠܦܝ̈ܢܘܫܒܥܡܐܐܘܫܬܝܢܘܬܠܬܐܫܥ̈ܐܐܝܬܝܗܘܢ܀܀
ܘܬܪܥܣܪ,ܘܬܪܥܣܪ
ܐܪ̈ܙܐܝܪ̈ܚܝܫܢ̄ܬܐܐܢܘܢ܂ܬܠܬܝܢܓܝܓܠܐܝܘܡ̈ܝ,ܐܪ̈ܙܐ܂
ܝܪ̈ܚܐ,ܝܪ̈ܚܐ
ܐܢܘܢ܂,ܬܪܥܣܪܕܫܢَܬܐܐܝܬܝܗܘܢ܂ܬܠܬܝܢܓܝܓ̈ܠܐܬܠܬܝܢܝܘܡ̈ܝܢܕܝܪܚܐܐܝܬܝܗܘܢ܂
ܬܪܝܢ,ܬܪܝܢ
ܪ̈ܗܛܐ,ܪܗܛܐ
ܚܕܐܘܟܡܐܘܚܕܚܘܪܐ܂ܠܠܝܐܘܐܝܡܡܐ,ܚܕܐܘܟܡܐܘܚܕܚܘܪܐ܂ܠܠܝܐܘܐܝܡܡܐ
ܐܢܘܢ,ܐܝܬܝܗܘܢ܂
ܘܬܘܒܐܡܪ,ܘܬܘܒܐܡܪ
ܠܝ܂,ܠܝ
ܫܒܘܩܗܫܐ,ܫܒܘܩܗܫܐ
ܚܕܐܫܐܠܢܐܡܢܟ܂,ܒܥܢܐܡܢܟܐܘܐܚܝܩܪ܂
ܕܬܦܬܘܠ,ܕܬܦܬܘܠ
ܬܪܝܢ,ܬܪ̈ܝܢ
ܚܒ̈ܠܐܐܪ̈ܝܟܐܕܚܠܐ܂ܕܢܗܘܘܢܚܡܫܝܢ,ܚܒ̈ܠܐܐܪ̈ܝܟܐܕܚܠܐ܂ܕܢܗܘܘܢܚܡܫܝܢ
ܐܡ̈ܝܢ܂,ܐܡ̈ܝܢ
ܘܥܘܒܝܗܝܢܐܝܟܚܨܪܐܚܕܐ܂ܘܐܡܪܬܦܩܘܕܡܪܝܡܠܟܐ܂ܕܡܦܩܝܢܡܢܒܝܬܓܙܟܚܒܠܐ,ܘܥܘܒܝܗܝܢܐܝܟܚܨܪܐܚܕܐ܂ܘܐܡܪܬܦܩܘܕܡܪܝܡܠܟܐ܂ܕܡܦܩܝܢܡܢܒܝܬܓܙܟܚܒܠܐ
,ܕܐܦܬܘܠ
ܠܟܐܟܘܬܗ܂ܗܝܕܝܢܐܡܪܠܝ܂ܡܘܢܐܡܪܬܠܐܝܕܥܢܐ܂ܐܢܗܘܚܒܠܐܕܐܡܪܬܠܟ܂ܠܐܬܦܬܘܠܠܝܡܕܐܬܐܕܡܨܪܝܢܠܐܬܣܒ܂ܗܝܕܝܢܐܢܐܐܚܝܩܪܢܦܩܬܡܢ,ܠܟܐܟܘܬܗ܂ܗܝܕܝܢܐܡܪܠܝ܂ܡܘܢܐܡܪܬܠܐܝܕܥܢܐ܂ܐܢܗܘܚܒܠܐܕܐܡܪܬܠܟ܂ܠܐܬܦܬܘܠܠܝܡܕܐܬܐܕܡܨܪܝܢܠܐܬܣܒ܂ܗܝܕܝܢܐܢܐܐܚܝܩܪܢܦܩܬܡܢ
ܠܘܬ,ܠܘܪ
ܡܠܟܐ܂ܘܒܬܬܒܠܠܝܐܗܘܒܪܢܝܐ,ܡܠܟܐ܂ܘܒܬܬܒܠܠܝܐܗܘܒܪܢܝܐ
ܣܓܝܐܐ,ܣܓܝܐܐ܂
ܘܟܕܗܘܐܨܦܪܐܐܬܐܠܝܚܘܫܒܐ,ܘܟܕܗܘܐܨܦܪܐܐܬܐܠܝܚܘܫܒܐ
ܘܢܦܩܬ,
ܘܐܬܝܬ,ܘܐܬܝܬ
,ܘܢܦܩܬ
ܥܕܡܐܠܒܣܬܪܗܝܟܠܐ,ܥܕܡܐܠܒܣܬܪܗܝܟܠܐ
,ܗܝܟܠܐ܂
ܗܘܕܒܗܝܬܒ,ܗܘܕܒܗܝܬܒ
ܗ̄ܘܐܡܠܟܐ܂ܘܢܩܒܦ,ܗَܘܐܡܠܟܐ܂ܘܢܩܒܬ
ܢܩܒܐܚܕܙܥܘܪܐ,ܢܩܒܐܚܕܙܥܘܪܐ
ܒܐܣܬܐ܂,ܒܐܣܬܐ
ܠܘܩܒܠܫܡܫܐ܂ܘܥܠ,ܠܘܩܒܠܫܡܫܐ܂ܘܥܠ
ܫܡܤܐ,ܫܡܫܐ
ܒܓܘܗܕܐܣܬܐܕܗܝܟܠܐ܂ܘܒܗܒܐܣܬܐܢܩܒܬܢܩܒܐ,ܒܓܘܗܕܐܣܬܐܕܗܝܟܠܐ܂ܘܒܗܒܐܣܬܐܢܩܒܬܢܩܒܐ
ܐ̄ܚܪܢܐܘܐܪܡܝܬܠܝܥܦܪܐ,ܐَܚܪܢܐ܂ܘܡܠܝܬܠܝܚܘܦܢܐܕܥܦܪܐ܂
ܘܐܪܡܝܬܒܢܩܒܐ܂ܘܐܬܚܙܝܘܒܟܪܟܗܘܡܬܦܠܫܝܢ܂ܘܥܢܝܬ,ܘܐܪܡܝܬܒܢܩܒܐ܂ܘܐܬܚܙܝܘܒܟܪܟܗܘܡܬܦܠܫܝܢ܂ܘܥܢܝܬ
ܘܠܡܠܟܐܐܡܪܬ܂,ܘܐܡܪܬܠܡܠܟܐ܂
ܦܩܘܕܡܪܝܡܠܟܐ,ܦܩܘܕܡܪܝܡܠܟܐ
ܕܟܪܟܝܢܠܗܘܢܒܩܕܡܐ,ܟܪܟܝܢܠܗܘܢ܂ܩܕܡܐ
ܒܩܕܡܐ܂ܘܟܡܐܕܒܥܝܬܐܥܒܕ,ܒܩܕܡܐ܂ܘܟܡܐܕܒܥܝܬܐܥܒܕ
ܠܟܐܟܘܬܗܘܢ܂,ܐܟܘْܬܗܘܢ
ܘܟܕܚܙܐܡܠܟܐ,ܘܟܕܚܙܐܡܠܟܐ
ܘܟܠܗܘܢܪ̈ܘܪܒܢܘܗܝܥܡܗܬܡܗܘܗ̄ܘܘ,ܟܠܗܝܢܘܪܘܪ̈ܒܢܘܗܝܥܡܗ܂ܬܗܪܘܘܬܡܗܘ
ܘܒܗܬܘ܂,ܘܒܗܬܘ܂
,ܣܓܝ܂
ܗܝܕܝܢܦܩܕܡܠܟܐ,ܗܝܕܝܢܦܩܕܡܠܟܐ
ܘܐܝܬܘ,ܘܐܝܬܝܘ
ܠܝܪܟܒܐܕܪܚܝܐ,ܠܝܪܟܒܐܕܪܚܝܐ
ܕܬܒܝܪ܂ܘܥܢܐ,ܕܬܒܝܪ܂ܘܥܢܐ
ܡܠܟܐܘܐܡܪܠܝ܂,ܡܠܟܐܘܐܡܪܠܝ܂
,ܐܘ
ܚܘܛܠܝ,
ܐܚܝܩܪ,ܐܚܝܩܪ
,ܚܘܛܠܝ
ܪܚܝܐܗܕܐ܂ܘܐܢܐ,ܪܚܝܐܗܕܐ܂ܘܐܢܐ
ܫܩܠܬ܂,ܫܩܠܬ
ܒܪܫܥܬܗܡܪܫܐܚܕܕܟܐܦܐܕܪܚܝܐ,ܒܪܫܥܬܗܡܪܫܐܚܕܕܟܐܦܐܕܪܚܝܐ
,ܗܝ
ܘܫܕܝܬ,ܘܫܕܝܬ
ܩܕܡܘܗܝܘܐܡܪܬܠܗ܂,ܘܐܡܪܬܠܗ
ܡܪܝܡܠܟܐ܂,ܡܪܝܡܠܟܐ܂
ܡܛܠܕܐܟܣܢܝܐܐܝܬܝܗܪܠܐ܂ܘܠܐ,ܠܐ
ܩܪܝܒܝܢܠܝ,ܩܪܝܒܝܢܠܝ
ܡܐܢ̈ܝܐܫ̈ܟܦܝ܂,ܡܐܢܝ̈ܫܟܦܘܬܝ܂
ܘܠܐܫܟܝܚܠܝܡܕܡ,ܘܠܐܫܟܝܚܠܝܡܕܡ
ܕܡܬܒܥܐ,ܕܡܬܒܢܐ
ܠܝ܂,ܠܝ܂
,ܒܪܡ
ܦܩܘܕܠܐܫ̈ܟܦܐܕܝܠܟܘܢ,ܦܩܘܕܠܐܫ̈ܟܦܐܕܝܠܟܘܢ
ܕܢܗܘܘܢܘܢܦܩܝܢܠܝܩܪܕܐ,ܕܢܒܗܘܘܢܡܦܩܝܢܠܝܩܕܪܐ
ܡܢܡܪܫܐܗܢܐܒܪܓܢܣܗ,ܡܢܡܪܫܐܗܢܐܒܪܓܢܣܗ
ܕܪܚܝܐ܂,ܕܪܚܝܐ
ܘܒܗܒܫܥܬܐܚܐܛ,ܘܒܗܒܫܥܬܐܚܐܛ
ܐ̄ܢܐ,ܐَܢܐ
ܠܗ܂,ܠܗ܂
ܟܕ,ܘܟܕ
ܗܠܝܢܫܡܥܡܠܟܐ,ܗܠܝܢܫܡܥܡܠܟܐ
ܘܓܚܟܘܐܡܪ܂,ܓܚܟܘܐܡܪܟܝ܂
ܐܝܘܠܝܘܡܐ,ܐܝܘܠܝܘܡܐ
ܕܗܘܝܬܒܗܐܚܝܩܪ,ܗܘܗܘܕܐܝܬܝܠܕܬܒܗ܂ܘܗܘܝܬܒܗ܂ܐܘܐܚܝܩܪ܂
ܢܗܘܐܒܪܝܟܩܕܡ,ܢܗܘܐܒܪܝܟܩܕܡ
ܐܠܗ̈ܐܕܡܨܪܝܢ,ܐܠܗ̈ܐ܂ܕܡܨܪܝܢ܂
ܘܥܠܕܚܙܝܢܟܒܚܝ̈ܐܠܚܡܐܪܒܐ,ܘܥܠܕܚܙܝܢܟܒܚܝ̈ܐܠܚܡܐܪܒܐ
,ܘܡܫܬܘܬܐ
ܥܒܕ,ܥܒܕ
ܐܢܐ܀,ܐَܢܐ܂ܡܢܝܘܡܐܗܢܐ
ܡܦܩܬܗܕܐܚܝܩܪܡܢ,ܡܦܩܬܗܕܐܚܝܩܪܡܢ
ܡܨܘܦܘܢܝܗ,ܡܨܪܝܢ܇ܘܦܘܢܝܗ
ܕܠܘܬܣܪܚܕܘܡ,ܕܠܘܬܣܪܚܕܘܡ
ܡܠܟܐ܂,ܡܠܟܐܠܢܝܢ̈ܘܐܘܐܬܘܪ܂
ܘܟܕܒܟܠܡܕܡܐܬܚܝܒܡܠܟܐܦܪܥܘܢ܂ܘܐܢܐܠܘܩܒܠ,ܘܟܕܒܟܠܡܕܡܐܬܚܝܒܡܠܟܐܦܪܥܘܢ܂ܘܐܢܐܠܘܩܒܠ
ܫܟܝܚܬܗ,ܫܟܝ̈ܚܬܗ
ܩܡܬ܂,ܩܡܬ܂
ܘܦܘ̈ܩܕ܏ܘ܇ܘܦܘ̈ܩܕܩܗܝ܇ܘܐܘ̈ܚܕܬܗ,ܘܦܘܪ̈ܣܘܗܝܘܐܘܚ̈ܕܬܗܫܪܝܬ
ܫܪܝܬܘܒܛܠܬ܂,ܫܪܝܬܘܒܛܠܬ܂
ܘܡܕܐܬܐ,ܘܡܕܬܐ
ܕܡܨܪܝܢܕܬܠܬ,ܕܡܨܪܝܢܕܬܠܬ
ܫܢ̈ܝܢܝܗ̄ܒ,ܫܢܝ̈ܢܝܗَܒ
ܠܝ܂ܘܟܟܪ̈ܐ,ܠܝ܂ܘܟܟܪ̈ܐ
ܬܫܪܡܐܐ,ܬܫܥܡܐܐ
ܗܠܝܢܕܒܐܓܪܬܐܗܝ,ܗܠܝܢܕܒܐܓܪܬܐܗܝ
ܕܟܬܒܬ܂,ܕܟܬܒܬ
ܗܠܝܢܕܝܙܦ,ܗܠܝܢܕܝܙܦ
,ܡܢ
ܡܪܝܕܐܘܕܝܘܟܠܗܘܢ,ܡܪܝܕܐܘܕܝܘܟܠܗܘܢ
ܫܡܝܥܐ,ܕܫܡܝܥܐ
ܠܢܫܩܠܬ܂,ܠܢܫܩܠܬ܂
ܘܡܘܗ̈ܒܬܐ,ܘܡܘ̈ܗܒܬܐ
ܡܢܡܠܟܐܢܣܒܬ܂ܘܐܝܩܪܐܡܢ,ܡܢܡܠܟܐܢܣܒܬ܂ܘܐܝܩܪܐܡܢ
ܪ̈ܘܪܒܢܘܗܝ܂ܘܒܥܓܠܩܕܡܣܪܚܕܘܡ܂,ܪܘܪ̈ܒܢܘܗܝ܂ܘܒܥܠܓܩܕܡܣܪܚܕܘܡܡܠܟܐ܂
ܠܩܕܡܝܐܬܐ܂,ܠܩܕܡܝܐܬܐ܂
ܟܕ,ܘܟܕ
ܦܢܐܐܚܝܩܪܡܢܡܨܪܝܢ܂,ܦܢܐܐܚܝܩܪܡܢܡܨܪܝܢ܂
ܘܡܐܕܩܒܠܡܚܬܬܝܕܠܡܕܝܢ̄ܬܐ܂ܘܢܦܩܠܡܐܪܥܢܝ܂ܘܚܕܝܚܕܘܬܐܪܒܬܐ܂ܘܩܕܡܘܢܝܘܐܘܬܒܘܢܝܠܓܒܗܕܡܠܟܐܒܓܘܟܘܪܣܝܗ܂ܘܐܬܬܢܝܚܬܘܐܡܪܒܥܝ,ܥܠܠܘܬܡܠܟܐܘܩܒܠܗܒܐܝܩܪܐ܂ܘܫܪܝܡܠܟܐܡܠܬܐܕܒܘܝܐܐܠܡܐܡܪܩܕܡܝܥܠܟܠܡܕܡܕܒܥܐܐܢَܬܫܐܠܘܬܒܥ܂ܘܐܡܪܬܐܘܡܪܝܡܠܟܐܠܥܠܡܚ݀ܝܝ܂ܘܫܪܝܡܠܟܐܠܡܦܩܩܕܡܝ܂ܘܚܕܝܚܕܘܬܐܪܒܬܐ܂ܒܪܡܩܕܡܝܠܝܘܐܘܬܒܢܝܠܓܢَܒܗ܂ܠܥܠܡܢܟܘܪܣܝܗܘܡܓܕܠܗ܂ܘܐܡܪܠܝ܂ܫܐܠ
ܡܢܝܐܘ,ܡܢܝܐܘ
,ܐܘ
ܐܚܝܩܪ,ܐܚܝܩܪ
ܟܠܡܕܡܕܨܒܐܐܢ̄ܬܘܬܪܓ܂ܘܝܗܒܢܐܠܟܥܕܡܐܕܐܥܬܪܟ܂ܘܐܡܪܬܠܗܐܘܡܪܝܡܠܟܐ,ܟܠܡܕܡ܂ܕܪܐܓܐܢܬܘܒܥܐܐܢَܬ܂ܘܐܢܐܝܗܒܐَܢܐܠܟܟܠܗܡܠܟܘܬܐ܂ܐܡܪܠܗܐܚܝܩܪܐܘܡܪܝܡܠܟܐܠܥܠܡ
ܚܝܝ,ܚܝܝ
ܥܕܡܐܠܥܠܡ܂ܒܪܡܡܢܛܒ̈ܬܟܐܢܬܛܐܒܠܝܕܡܕܡܢܗܘܐܨܒܝܢܟ܂ܟܠܡܕܡܕܒܥܢܐܡܢܛܝܒܘܬܟ܂ܐܢܬܩܒܠܗܘܠܝ܂ܘܬܬܠܠܝܗܘܡܐ,ܘܠܕܪܕܪܝܢ܂ܒܪܡܡܢܛܝܒܘܬܟܫܟܢܠܝܐܢܗܘܕܨܒܝܬ܂ܒܓܘܡܕܡ
ܕܚܫܚ,ܕܚܫܚ
ܠܝܢܗܘܐܠܢܒܘܣܡܟ܂ܒܪܡܡܢܐܠܗܐܘܢܒܘܣܡܟܚܙܝܬܠܢܦܫܝܗܠܝܢܚܝ̈ܐ܂ܘܗܫܐܣܒܪܐܗܘܐܠܝܒܐܠܗܐܘܐܫܬܘܙܒܬܡܢܡܘܬܐ܂ܘܗܝܕܝܢܐܛܐܒܠܗܡܠܟܐܒܛܒܬ̈ܐܣܓܝܐܬ̈ܐܘܝܗ̄ܒ,ܠܟ܂ܟܠܡܕܡܕܒܥܐܐَܢܐܡܢܐܝܩܪܐܕܪܒܘܬܟܗܢܐܗَܘ܂ܐܢܗܘܬܩܒܠܘܬܛܐܒܥܠܝ܂ܒܥܢܐܕܢܗܘܐܢܒܘܣܡܟܐܣܦܘܩܠܛܪܐ܂ܕܡܩܝܡܬܠܗܥܠܫܕܬܐܛܒܬܐ܂ܡܛܠܕܚܝ̈ܐܡܢܗܚܙܝܬ܂ܘܗܫܐܢܛܪܢܝܣܒܪܝܒܐܠܗܐ܂ܘܐܢܠܐܗَܘܐܕܗܘܥܕܪܢܝܡܐܬܗَܘܝܬ܂ܗܝܕܝܢܪܚܡܥܠܝܡܠܟܐܒܪܚ̈ܡܘܗܝܓܘܢܝ̈ܐܣܓܝܐ̈ܐܘܡ̈ܠܝܣܛܐܒܫܘܟܢ̈ܐܘܒܡܘܗ̈ܒܬܐܕܝܗَܒܣܓܝܕܩܒܠܬܡܢܗ܂ܘܫܪܝܘܫܪܝܡܠܟܐܠܡܩܒܠܘܬܢܝܒܛܒ̈ܬܐܣܓܝ̈ܐܬ܂ܘܫܟܢ
ܠܗܡܘܗ̈ܒܬܐ,ܠܗܡܘܗ̈ܒܬܐ
ܣܓܝܐ̈ܬܐ܂ܘܫܪܝܡܠܟܐܢܒܝܐܢܝܥܠܟܠܡܕܡ܂ܘܝܬܒܬܩܕܡܦܪܥܘܢܘܡܠܠܬ܂ܘܗܘܝܬܒܡܡܠܠܐܕܬܫܥ̈ܝܬܐܩܕܡܘܗܝܘܣܘ̈ܟܠܝܗܘܢܚܕܐܒܬܪܚܕܐ܂ܘܗܘ,ܣܓܝܐ̈ܐܬܐܘܫܪܝܡܠܟܐܠܡܒܝܐܘܬܢܝܥܠܟܠܡܐܕܕܕܫܠܝܩܕܡܦܪܥܘܢ܂ܘܫܐܠܢܝܥܠܟܠܐܘܚ̈ܕܬܐ܂ܘܫܪܝܬܠܡܡܢܐܐܢܘܢܡܢܩܕܡܝ̈ܐܥܕܠܐܚܪ̈ܢܐ܂ܟܠܚܕܚܕܒܫܡܗ܂ܘܟܕܗܘ
ܫܡܥ,ܫܡܥ
ܗ̄ܘܐܠܝ܂ܘܐܬܕܡܪܬܕܡܘܪܬܐܪܒܬܐ܂ܘܗܝܕܝܢ,ܥܠܝ܂ܘܡܬܕܡܪܕܘܡܪܐܪܒܐ܂ܘܒܬܪܟܢ
ܐܦܩܬ,ܐܦܩܬ
ܩܢܝܢܐ,ܠܩܢܝܢ̈ܐ
ܘܣܐܡܐ,ܘܣܐܡܐ
ܘܕܗܒܐ܂ܘܡܘܗܒ̈ܬܐܗܠܝܢܕܐܝܬܝܬܠܗ܂ܡܢܡܨܪܝܢ܂ܘܚܕܝܚܕܘܬܐܪܒܬܐ܂ܠܥܠܡܢܟܠ܂ܘܐܡܪ,ܘܕܗܒܐܘܡܘ̈ܗܒܬܐܘܫܘܟܢ̈ܐ܂ܗܢܘܢܕܝܗَܒܠܝܡܠܟܐܕܡܨܪܝܢ܂ܐܝܬܝܬܐܢܘܢܠܗܡܢܡܨܪܝܢܘܚܕܝܚܕܘܬܐܪܒܬܐܣܓܝܠܥܠܡܢܗܘܢܐ܂ܘܬܡܪ
ܠܝܟܡܐܒܥܐ,ܠܝܟܡܐܒܥܐ
ܐܢ̄ܬ,ܐܢَܬ
ܡܢܝ,ܡܢܝ
ܥܕܡܐܕܛܐܒܠܟܘܝܗܒܐ̄ܢܐܠܟ܂ܘܐܡܪܬ,ܕܐܬܠܠܟ܂ܐܡܪܬ
ܠܗܠܐ,ܠܗܠܐ
ܒܥܢܐܡܢ̄ܕܡ,ܡܬܒܥܐܠܝܡܕܡ܂
ܐܠܐ,ܐܠܐ
ܚܠܝܡܘܬܟ܂,ܒܣܝܡܘܬܟܘܫܠܡܟ܂
ܘܡܢܐ,ܘܡܢܐ
ܐܥܒܕܒܝܘܬܪܢܐܘܣܛܖܡܢܗܘܗܫܐܒܥܢܐܡܢܛܒܬ̈ܟܐܢܬܦܣܠܝܕܒܢܕܢܒܪܚܬܝ܂ܥܕܡܐ,ܥܒܕܢܐ܂ܒܗܠܝܢܩܢܝܢ̈ܐܘܫܪܟܝܗܘܢ܂ܒܪܡܡܬܟܫܦܐَܢܐܡܢܛܘܒܬܢܘܬܟ܂ܐܢܬܬܝܗܒܠܝܫܘܠܛܢܐܕܐܥܒܕܒܢܕܢܟܠܡܕܡܕܨܒܢܐ
ܕܐܬܢܩܡ,ܕܐܬܢܩܡ
ܡܢܗܠܐܬܣܒܕܡܗܡܢܝ܂ܘܦܩܕܕܢܬܝܗܒܠܗ܂ܘܢܣܒܬܗ,ܡܢܗ܂ܘܠܐܬܬܒܥܢܝܒܕܡܗ܂ܒܗܝܫܥܬܐܦܩܕܡܠܟܐܕܢܥܒܕܠܗܐܝܟܕܨܒܐ܂ܒܪܡܫܩܠܬܠܢܕܢ
ܘܐܙܠܬ,ܘܐܙܠܬ
ܠܒܝܬܟ܂,ܠܒܝܬܝ
ܘܐܣܪܬܗ,ܘܐܣܪܬܗ
ܒܫ̈ܫܠܬܐ,
ܕܦܪܙܠܐ܂,
ܘܟܒܫܬܗ,
ܒܣܘܛܡ̈ܐ,ܒܣܘܛܡ̈ܐ
ܕܦܪܙܠܐܒܐܝܕܘ̈ܗܝܘܒܪ̈ܓܠܘܗܝ܂ܘܐܪܡܝܬ,ܘܒܫܫ̈ܠܬܐ
,ܕܦܪܙܠܐ܂
,ܘܒܓܘܩܝܕܐܘܩܘ̈ܕܐܕܦܪܠܐ܂ܒܓܘܐܝܕܘ̈ܗܝܘܪܓܠܘܗܝ܂ܘܣܡܬ
ܒܩܕܠܗܦܪܙܠܐ܂,ܒܩܕܠܗܦܪܙܠܐ܂
ܘܗܘܝܬܢܓܕܬܗ,ܘܫܪܝܬܠܡܢܓܕܘܬܗ
ܒܢ̈ܓܕܐ,ܒܢ̈ܓܕܐ
ܩܫܝ̈ܐܘܡܪܝܪ̈ܐ܂ܘܡܚܝܬܗܡܚܘܬܐܩܫܝܬܐ܂,ܩܫܝ̈ܐ܂ܘܡܚ̈ܘܬܐܩܫܝ̈ܐ܂ܘܐܕܟܪܬܠܗ܂ܝܘܠܦܢܐܕܐܠܦܬܗܘܚܟܡِܬܐܘܝܕܥܬܐܘܦܝܠܣܘܦܘܬܐ܂ܘܐܡܪܬܠܗ܂
