433,Sachau 336
ܩܢܝܢܝܘܝܘܠܦܢܝܘܝܕܥܬܝܘܚܟܡܬܝ܂ܘܐܢ̄ܬ,
ܠܐ,ܠܐ
,ܡܠܬܝ
ܝܘܠܦܢܝܩܒܠܬ܂,
,ܫܡܥܬ܂
ܘܠܐ,ܘܠܐ
,ܝܘܠܦܢܝܩܒܠܬ܂
ܡܠܝ̈,
ܫܡܥܬ܂,
,ܘܐܦܠܐ
ܘܐܦ,
ܠܐܠܗܐ,ܠܐܠܗܐ
ܠܐ,
ܫܡܥܬ,ܫܡܥܬ
ܘܠܐܚܫܠܬ܂ܘܐܦ,ܘܝܕܥܬ܂ܘܐܦܠܐ
ܗܘ,ܗܘ
ܠܐܢܫܡܥܩܠܟ܀ܐܘܒܪܝܗܘܝܬܠܝ,ܫܡܥܩܠܟ♰♰ܒܪܝܒܪܝ܂ܦܬܓܡܐܗܒܠܝ܂ܟܕܦܫܬܥܠܝ
ܐܝܟܐܪܝܐ,ܐܝܟܐܪܝܐ
ܕܚܙܐ,ܟܦܝܢܐ܂ܘܛܥܘܫܐܐܝܟ
ܚܡܪܐ,ܚܡܪܐ
ܒܥܕܢܐܕܨܦܪܐ܂ܘܐܡܪ,ܒܨܦܪܐ܂ܒܪܡܐܡܪ
ܐܪܝܐܠܚܡܪܐܬܐ,ܐܪܝܐܠܚܡܪܐܬܐ
ܒܫܠܡܐ,ܒܫܠܡ܂
ܐܘܐܚܝ,ܐܘܐܚܝ
ܪܚܝܡܐ܂ܘܐܡܪ,ܘܚܒܝܒ܂ܐܡܪ
ܚܡܪܐܗܢܐܫܠܡܐ,ܚܡܪܐܗܢܐܫܠܡܐ
ܐܪܥܠܓܒܪܐ,ܕܡܐܠܗܘܐَܢܫ
ܕܠܐ,ܕܠܐ
ܐܣܪܢܝܒܥܕܢܐܕܪܡܫܐ܂ܘܠܐܚܙܩܚܒܠܐܕܐܣܪܐܥܠܝ܂ܟܒܪܠܐܚܙܐܗ̄ܘܝܬܐܦܝ̈ܟ܂ܘܐ,ܐܣܪܠܝܒܪܡܫܐ܂ܘܠܐܐܬܝܬܠܒܠܗܕܢܐَܕܣܢܝܘܥܕܡܐܠܗܫܐܕܚܙܝܬܐܦܝ̈ܟ܆
ܒܪܝܗܘܝܬܠܝܐܝܟܦܚܐ,ܒܪܝܗܘܝܬܠܝܐܝܟܦܚܐ
ܕܛܡܝܪ,ܕܡܬܛܡܪ
ܒܙܒܠܐ܂ܘܐܬܐܨܦܪܐܚܕ,ܒܙܒܠܐ܂ܘܐܬܐܨܦܪܐܚܕ
ܘܐܫܟܚ,ܘܚܙܐܗܝ
ܦܚܐ܂,ܦܚܐ܂
ܘܐܡܪܠܦܚܐ,ܘܐܡܪܬܠܗܦܚܐ
ܡܢܐ,
ܬܥܒܕ,
ܐܘܐܚܝ,ܐܘܐܚܝ
,ܡܢܐ
,ܥܒܕܬ
ܗܪܟܐ܂ܘܐܡܪ,ܗܪܟܐ܂ܘܐܡܪ
ܦܚܐܐܙܠܐ,ܨܦܪܐܗܐܚܐܪܢܐܒܟܝ܂ܘܐܡܪܬܦܚܐܨܠܐ
ܠܐܠܗܐܫܘܒܚܐ,ܠܐܠܗܐܫܘܒܚܐ
ܠܗ,ܠܗ܂
ܘܫܐܠܗ,ܘܫܐܠܗ
,ܙܒܢَܬܐܐَܚܪܬܐ
ܨܦܪܐܘܐܡܪܠܗ܂,ܨܦܪܐܘܐܡܪܠܗ܂
ܡܢܐܗ̄ܘ,ܘܡܢܐܐܝܬܘܗܝ
,ܗܢܐ
ܩܝܣܐ,ܩܝܣܐ
ܗܢܐ,
,ܕܐܣܝܪܒܟܝ܂ܘܐܡܪܪܬ
ܕܐܚܝܕܐܐܢ̄ܬܠܗ܂ܘܐܡܪܬ,
ܦܚܐܠܨܦܪܐܗܕܐ,ܦܚܐܠܨܦܪܐܗܕܐ
ܗ̄ܝܚܘܛܪܝܕܐܣܬܡܟ,ܗَܝܫܒܛܝܘܟܪܘܠܝܕܡܣܬܡܟܐܐَܢܐ
ܥܠܝܗ,ܥܠܝܗ
ܒܥܕܢܐܕܨܠܘܬܐ܂ܘܐܡܪܨܦܪܐܡܢܘܗܢܐܒܓܘܦܘܡܟ܂,ܒܥܕܢܨܠܘܬܝ܂
ܘܐܡܪ,ܘܐܡܪ
ܦܚܐܗܢܘܠܚܡܐܘܡܐܟܘܠܬܐ܂,ܨܦܪܐ܂ܘܡܢܐܐܝܬܝܗܗܝܚܛܬܐܕܐܝܬܝܗܒܦܘܡܟܝ܂ܐܡܪܬܠܓܦܚܐ܂ܗܢܐܗَܘܡܐܟܠܐܘܠܚܡܐ܂ܕܝܗܒܚܝܠܐܠܟܦܝܢ̈ܐ܂
ܘܐܢܐ,ܘܐܢܐ
ܛܝܝܢܐܢܐ,ܣܡܬ
ܠܗ,ܠܗ
ܠܟܠܟܦܢܐܘܡܣܟܢܐ܂ܗܢܘܢܕܢܐܬܘܢܘܢܬܥܬܕܘܢ,ܒܦܘܡܝ܂ܕܢܗܘܐܐܘܟܠܐܠܐܝܠܝܢܕܟܦܢܝܢ܂ܘܐܬܝܢܘܨܝܒܝܢ
ܠܘܬܝ܂,ܠܘܬܝ܂
ܘܐܡܪܬܨܦܪܐܐܢܐܐܬܩܪܒܘܐܟܠܢܐܐܢܐ,ܘܐܡܪܨܦܪܐ܂ܒܪܡܐܢܐܗܫܐܟܦܝܢܐ
ܐܝܬܝ,ܐܝܬܝ
ܟܦܢܐ܂ܘܐܡܪܬܦܚܐܐܬܩܪܒ,ܣܓܝ܂ܡܩܕܡܐَܢܐܘܐܟܠܐَܢܐܠܗ܂ܥܢܬܘܐܡܪܬܠܗܦܚܐ܂ܩܕܡ
ܐܘܐܚܝ,ܐܘܐܚܝ
ܠܐ,ܘܠܐ
ܬܕܚܠ܂,ܬܕܚܠ܂
ܘܫܪܝ,ܟܕܐܬܛܝܒ
ܨܦܪܐ,ܨܦܪܐ
ܠܡܐܟܠ܂ܘܗܫܐܦܚܐܕܒܩܬܘܐܚܕܬܠܨܦܪܐ,ܕܠܩܛܠܗ܂ܒܗܝܫܥܬܐܐܚܕܬܗ
ܒܩܕܠܗ܂,ܒܩܕܠܗ܂
ܥܢܐ,ܘܥܢܐ
ܨܦܪܐܘܐܡܪܠܦܚܐ܂ܐܢ,ܨܦܪܐܘܐܡܪܠܦܚܐ܂ܐܢ
ܐܝܬܘܘܗܝ,ܐܝܬܘܗܝ
ܗܢܐ,ܗܢܐ
ܠܚܡܐܕܦܦܢ̈ܐ܂,ܨܘܡܟܝܘܨܠܘܬܟܝܥܠܗܢܐܠܚܡܐ܂
ܐܠܗܐܠܐܡܩܒܠ,ܐܠܗܐܠܐܡܩܒܠ
ܠܐܨܘܡܟܘܠܐܨܠܘ̈ܬܟܘܠܐܙܕܩ̈ܬܟ,ܨܘܡܟܝܘܨܠܘܬܟܝܘܨܠܘܬܟܝ܂
ܘܠܐ,ܘܠܐ
ܛܒ̈ܬܟ܂ܐܢܗܘܕܗܢܐܨܘܡܟܘܨܠܘ̈ܬܟ܂,ܡܫܠܡ
ܐܠܗܐ,ܐܠܗܐ
ܠܐܢܫܠܡܥܡܟܒܛܒܬܐ܂ܐܘ,ܥܡܟܝܛܒܬܐ܀
ܒܪܝܗܘܝܬܠܝܐܝܟܩܠܡܐ,ܒܪܝܗܘܝܬܠܝܐܝܟܩܠܡܐ
ܕܬܗܘܐ,ܗܝܕܗܘܝܐ
ܒܓܘ,ܒܓܘ
ܚ̈ܛܐ܂ܘܗܝܠܐܚܫܚܐ,ܚ̈ܛܐ܀ܒܪܝܗܘܝܬ
ܠܡܕܡ܂ܘܬܚܒܠ,ܠܡܕܡ܂ܘܬܚܒܠ
ܠܚ̈ܛܐ܂ܐܘ,ܚ̈ܛܐ܀
ܒܪܝܗܘܝܬܠܝܐܝܟ,ܒܪܝܗܘܝܬܠܝܐܝܟ
ܒܪܢܫܐ,ܗܘܐَܢܫܐ
ܕܙܪܥ,ܕܙܪܥ
ܥܣܪܐ,ܥܣܪ
ܟܝ̈ܠܝܢ,ܟܝ̈ܠܝܢ
ܚ̈ܛܐܫܟܪܬܐ,ܚܛ̈ܐܐܫܟܪܐ܂
ܘܟܕ,ܘܟܕ
ܚܨܕܠܗܘܕܩܩܠܗ,ܡܛܐܚܨܕܐܘܚܨܕܗ܂ܘܕܩܕܩܗ܂
ܢܦܩܬ,ܢܦܩܬ
ܥܣܪܐܟܝ̈ܠܝܢ܂ܘܐܡܪ,ܥܣܪܟܝ̈ܠܝܢܚܛ̈ܐ܂ܒܪܡܐܡܪܗܘ
ܓܒܪܐ,ܓܒܪܐ
ܡܪܐܫܟܪܬܐ܂ܒܪܡܠܐܐܘܬܪܬܝ,ܠܐܫܟܪܐܗܝ܂ܡܛܠܡ̈ܢܠܐܝܬܪܬܝܠܝ
ܡܕܡ܂,ܡܕܡ܂
ܐܠܐܗܘܕܙܪܥܬܟܢܫܬ܂ܐܠܘܠܐ,ܐܢܐܟܪܒܬܟܝܘܬܢܝܬܝܟܝܘܙܪܥܬܟܝ܂ܟܕ
ܠܐ,ܠܐ
ܗܘܬ,ܒܪܝܬܝܗَܘܝܬܝ܂
ܘܠܐ,ܘܠܐ
ܢܒܥܬ܀ܐܘܒܪܝܗܘܝܬ,ܢܒܥܘܝܗَܘܝܬܝܛܒܠܝ܀ܒܪܝܗَܘܝܬ
ܠܝܐܝܟ,ܠܝܐܝܟ
ܐܣܪܐܕܚܗܠܐ܂ܗܘܕܠܐܡܫܟܚܡܦܨ,ܛܒܥܐܕܡܬܥܪܩܠܒܢܫܒܐ܂ܘܠܐܡܨܐܕܡܦܨܐ
ܢܦܫܗܡܢ,ܢܦܫܗܡܢ
ܨܝܕܐ܂ܗܘܕܒܩܠܗ,ܨܝܪܐ܂ܒܪܡܡܪܝܡܩܠܗ
ܚܠܝܐ,ܚܠܝܐ
ܘܒܣܝܡܐܡܟܢܫܚ̈ܓܠܐ,ܘܒܣܝܡܐ܂ܘܡܟܢܫܠܘܬܗܛܒܝ̈ܐܐܘܚܓ̈ܠܐ
ܣܓܝܐ̈ܐܠܘܬܗ,ܣܓܝܐ̈ܐܠܘܬܗ
ܥܕܡܐܕܢܨܘܕܘܢܐܟܘܬܗܐܘ,ܐܝܟܕܢܨܝܕܘܢܐܢܘܢ܀
ܒܪܝܗܘܝܬܠܝܐܝܟܟܠܒܐ,ܒܪܝܗܘܝܬܠܝܐܝܟܟܠܒܐ
ܗܘܕܡܢܩܘܪܫܗܥܠܠܒܝܬܒܢܐܕܢܫܚܢܕܢܗܘܐܬܡܢ܂ܘܥܕܡܐܕܫܚܢܫܬܩ܂ܘܟܕܫܚܢܫܪܝ,ܕܟܕܡܬܡܚِܠܡܢܩܘܪܫܐ܂ܥܪܩܘܐܙܠܕܢܛܫܐܢܦܫܗܠܘܬܐܦܝ̈ܐܘܟܕܛܫܝ܂ܒܥܐ
ܕܢܒܚ,ܕܢܒܚ
ܥܠܝܗܘܢܘܛܪܕܘܗܝܘܡܚܐܘܗܝܥܕܡܐܕܐܣܬܡܝ܂ܘܩܛܠܘܗܝ,ܘܢܪܬܠܗܘܢ܂ܒܪܡܗܢܘܢܡܚܝܢܠܗܘܗܘܢܒܚܘܗܢܘܢܕܚܠܝܢ
ܕܠܐ,ܕܠܐ
ܢܪܬ,ܢܬܬ
ܠܗܘܢ܂,ܠܗܘܢ܂
ܐܘܒܪܝܗܘܝܬܠܝ,ܘܩܛܠܝܢܠܗ܀ܒܪܝܗܘܝܬ
ܐܝܟܚܙܝܪܐܗܘܕܐܙܠܥܡ,ܐܝܟܚܙܝܪܐܗܘܕܐܙܠܥܡ
ܪܫܢܐܚܐܪ̈ܐ,ܪܘܪ̈ܒܢܐ
,ܕܢܣܚܐ܂
ܠܒܢ̈ܐ,
ܕܢܣܚܐ܂,
,ܘܟܕܡܛܐ
,ܠܒܢ̈ܐ
ܥܕܡܐܕܣܚܐ,
,ܣܚܐܥܡܗܘܢ܂ܘܟܕ
ܢܦܩܡܢ,ܢܦܩܡܢ
ܒܢ̈ܐ܂,ܒܢ̈ܐ
ܚܙܐ,ܚܙܐ
ܡܪܕܝܐܕܒܢܐܣܪܝܐ܂ܢܚܬ,ܣܝܢܐܬܡܢ܂
ܘܐܬܥܪܓܠ,ܘܐܬܥܪܓܠ
ܒܗ܀ܐܘܒܪܝܗܘܝܬ,ܒܓܘܗ܁ܨܒܪܝܗَܘܝܬ
ܠܝܐܝܟ,ܠܝܐܝܟ
ܩܕܣܐܕܥܒܕܘ,ܩܕܪܐܕܫܝܚܘܪܘܟܕܥܒܕ
ܠܗ,ܠܗ
ܩܕܫ̈ܐ,ܩܕܫܐ
ܕܕܗܒܐ,ܕܕܗܒܐ
ܒܓܘܐܕܢܘܗ̈ܝ܂ܘܚܙܐܐܢܘܢܡܢܫܘܚܪ̈ܐܘܨܐܬܐ܂ܘܠܐܡܬܕܟܐ܀ܐܘ,܀
ܒܪܝܗܘܝܬܠܝܐܝܟܬܝܫܐ,ܒܪܝܗܘܝܬܠܝܐܝܟܬܝܫܐ
ܕܥܢ̈ܐܗܘܕܡܥܠܚܒܪ̈ܘܗܝܬܝܫ̈ܐܠܘܬܛܒܚ̈ܐ,ܕܥܪ̈ܒܐܗܘܕܟܐܦܘܡܥܠܪܫܗܩܕܡܛܒܚܐܘܗܘ
ܘܗܘܠܐ,ܘܗܘܠܐ
ܦܪܩ,ܡܨܐܕܢܦܝܨܐ
ܢܦܫܗ,ܢܦܫܗ
ܢܟܣܬܐ܂ܐܘܒܪܝ,ܡܢܗ܀ܒܪܝ܆
ܟܠܒܐ,ܟܠܒܐ
ܗܘܕܠܐ,ܕܩܛܤܠܨܝܕܐ܂ܕܐܢܠܐܢܣܝܡܒܠܗܥܠܨܝܕܗܡܚܕܐ
ܐܟܠ,ܐܟܠ
ܡܢܨܝܕܘܗܝ܂ܡܐܟܘܠܬܐܠܕܐܒ̈ܐܨܐܕ܀ܒܪܝ,ܠܗܕܐܒܐ܀ܒܪܝ܆
ܐܝܕܐܕܠܐ,ܐܝܕܐܕܠܐ
ܦܠܚܐܘܬܗܘܐܟܫܝܪܬܐܡܢܟܬܦܗܬܬܦܫܚܘܬܬܦܣܩ܀ܐܘ,ܠܐܝܐܘܦܠܚܐܘܥܡܠܐ܂ܬܬܦܣܩܒܡܐܝܢܘܬܗ܆
ܒܪܝܥܝܢܐܕܠܐ,ܒܪܝܥܝܢܐܕܠܐ
ܡܬܚܙܐܒܗ,ܚܙܝܐ
ܢܘܗܪܐ܂,ܢܘܗܪܐ܂
ܥܘܪ̈ܒܐܢܕܩܪܘܢܗܘܢܚܝܨܘܢܗ܂ܐܘ,ܚܝܨܝܢܠܗ܀
ܒܪܝܐܢܐ,ܒܪܝܐܢܐ
ܚܘܝܬܟܐܦ̈ܐܕܡܠܟܐ,ܗܘܕܐܦܝ̈ܡܠܟܐܚܘܝܬܟ܂
ܘܥܠ,ܘܥܠ
ܐܝܩܪܐ,ܛܝܒܘܬܐܪܒܬܐ
ܡܛܝܬܟ܂ܘܐܠܦܬܟܘܪܒܝܬܟܘܥܒܕܬ,ܡܛܝܬܟ܂ܘܐܠܦܬܟܘܪܒܝܬܟܘܥܒܕܬ
ܥܡܟ,ܥܡܟ܂
ܟܠ,ܟܠ
ܛܒ̈ܢ܂ܘܐܢ̄ܬܒܡܢܐܦܪܥܬܢܝ܀ܐܘ,ܡܕܡܕܛܒ܂ܘܐܢَܬܡܢܐܦܪܥܬܠܝܘܡܙܕܩܐܢَܬܠܝ܀
ܒܪܝܗܘܝܬܠܝܐܝܟܐܝܠܢܐ,ܒܪܝܗܘܝܬܠܝܐܝܟܐܝܠܢܐ
ܗܘܕܐܡܪܬܠܗܢܘܢܕܐܬܘܕܢܦܣܩܘܢܗ܂ܐܘܗܐܠܘܠܐܗ̄ܘܬܐܝܕܟܘܢܡܢܝܘܚܝܠܝ܂,ܕܦܩܕܘܥܠܝܗܕܢܦܣܩܘܢܗ܀ܐܗܘܐܘܗܘܘܝ܂ܐܢܠܡ
ܠܐ,ܠܐ
ܡܫܟܚܝܢܗ̄ܘܝܬܘܢܥܠܝ܀ܒܪܝ,ܫܩܠܬܘܢܣܒܬܡܢܝ܂ܠܐܡܨܐܐܢَܬܥܠܝܟܠܗܙܒܢܐܕܚܝܝ̈ܟ܀܀܀ܐܚܕܐܘܐܪܘܙܒܟܐܘܒܪܝܘܬܬܪܘܚܢܦܫܝ܂
ܐܢܐܠܗ̈ܐܢܓܢܒܘܢܒܡܢܢܘܡܐܐܢܘܢ܂ܘܐܢ,ܐܢܐܠܗ̈ܐܢܓܢܒܘܢܒܡܢܢܘܡܐܐܢܘܢ܂ܘܐܢ
,ܬܓܢܘܒܐܪܥܐܐܝܟܐܐܝܟܐܬܐܡܐ܂ܐܢܐَܢܫ
ܢܓܢܘܒܐܪܥܐ,ܢܓܢܘܒܐܪܥܐ
ܐܝܟܢܐܙܠܐܟܠܠܗ܂ܐܢܐ,ܐܝܟܐܢܐܟܘܠܠܗ܀ܐܢܐ
ܒܪܝ,ܒܪܝ
ܐܦܝ̈ܡܠܟܐܘܪ̈ܘܪܒܢܐ,ܡܠܟܐܘܪܘܪ̈ܒܢܐ
ܚܘܝܬܟ,ܚܘܝܬܟ
ܘܠܐܝܩܪܐ,ܘܠܐܝܩܪܐ
ܪܒܐ,ܪܒܐ
ܡܛܝܬܟܘܐܢ̄ܬ,ܡܛܝܬܟ܂ܘܐܢَܬ
ܠܥܒ̈ܕܝܛܒ̈ܬܐܒܝܫ̈ܬܐܦܪܥܬ܂,ܠܥܒ̈ܕܝܛܒ̈ܬܐܒܝܫ̈ܬܐܦܪܥܬ܂
ܠܥܒ̈ܕܝܒܝܫ̈ܬܐܡܢܐܦܪܥܬ܇,ܘܠܥ̈ܒ̈ܕܝܛܒ̈ܬܐܦܪܥܐܢَܬ܂
ܗܘܝܬܠܝܒܪܝܐܝܟܟܟܘܫܬܐܕܐܡܪܝܢܠܗܫܒܘܩܝ,ܗܘܝܬܠܝܒܪܝܐܝܟܟܟܘܫܬܐܕܐܡܪܝܢܠܗܫܒܘܩܝ
ܓܘܢܒܝ̈ܟܝ܂ܘܗܘܝܬ,ܓܘܢܒܝܟ̈ܝܘܗܘܝܬܝ
ܥܐܠܐܘܢܦܩܐܐܝܟ,ܥܐܠܐܘܢܦܩܐܐܝܟ
ܕܨܒܝܐܢܦܫܟܝ܂,ܕܢܨܒܝܐܐܢَܬܝ
ܐܡܪܐܠܗܘܢܟܟܘܫܬܐ,ܐܡܪܐܠܗܘܢܟܟܘܫܬܐ
ܗܝ܂,ܗܕܐܗܝܨܢܥِܬܝ܆
ܐܢ,ܐܢ
ܢܗܘ̈ܝܢ,ܢܛܘ̈ܝܢ
ܠܝܥܝܢ̈ܐ,ܠܝܥܝܢ̈ܐ
ܕܒܪ̈ܘܠܐܓܘܢ̈ܒܝ,ܕܣܐܡܐܘܐܝ̈ܕܝܐܕܕܗܒܐܘܪ̈ܓܠܐܕܒܪ̈ܘܠܐ܂ܓܘܢܒܝ̈
ܠܐܫܒܩܐ,ܠܐܫܒܩܐ
ܐܢܐܠܗܘܢ܀,ܐَܢܐܠܗܘܢ܂
ܗܘܝܬܠܝܒܪܝܐܝܟܚܘܝܐܐܝܢܐܕܥܠܣܢܝܐܪܟܝܒ,ܗܘܝܬܠܝܒܪܝܐܝܟܚܘܝܐܐܝܢܐܕܥܠܣܢܝܐܪܟܝܒ
ܗ̄ܘܐ,ܪܟܒܗَܘܐ܂
ܘܐܙܠ,ܘܐܙܠ
ܗ̄ܘܐ,ܗَܘܐ
ܒܢܗܪܐ܂ܘܚܙܐܐܪܝܐܘܐܡܪܕܒܝܫܥܠܒܝܫܪܟܝܒ܂ܘܕܒܝܫܡܢܬܪ̈ܝܗܘܢ,ܒܢܗܪܐ܂ܘܚܙܐܐܪܝܐܘܐܡܪܕܒܝܫܥܠܒܝܫܪܟܝܒ܂ܘܕܒܝܫܡܢܬܪ̈ܝܗܘܢ
ܐܘܒܠ,ܡܘܒܠ
ܠܗܘܢ܂ܐܡܪܠܗܚܘܝܐ,ܠܗܘܢ܂ܐܡܪܠܗܚܘܝܐ
ܠܐܪܝܐ܂,ܠܐܪܝܐ
ܗܘ܂ܗܐ,ܗܘ܂ܗܐ
ܐܢ̄ܬ,ܐܢَܬ
ܡܦܢܐ,ܡܦܢܐ
ܐܢ̄ܬ,ܐܢَܬ
ܥܙ̈ܐܥܠ,ܥܙ̈ܐܥܠ
ܡܪܗܘܢ܆,ܡܪ̈ܝܗܘܢ܀
ܗܘܝܬܠܝܒܪܝܐܝܟܥܝ̈ܠܐܕܗܘܘ,ܗܘܝܬܠܝܒܪܝܐܝܟܥܝ̈ܠܐܕܗܘܘ
ܩܛܘ̈ܠܐ,ܩܛܘܠ̈ܐ
ܠܐܡܗܬܗ̈ܘܢ܂,ܠܐܡܗܬܗ̈ܘܢ܂
,܀
ܒܪܝܐܢܐܟܠܡܕܡܕܒܣܝܡ,ܒܪܝܐܢܐܟܠܡܕܡܕܒܣܝܡ
ܠܛܥܡܬܟܝܗ̄ܒܬ܂ܘܐܢ̄ܬ,ܛܥܡܬܟܘܐܢَܬ
ܠܚܡܐܒܥܦܪܐܠܐܣܒܥܬܢܝ܂ܐܢܐܒܡܫܚܢ̈ܐܒܣܝܡ̈ܐܡܫܚܬܟ܂,ܠܚܡܐܒܥܦܪܐܠܐܣܒܥܬܢܝ܂ܐܢܐܒܡܫܚܢ̈ܐܒܣܝܡ̈ܐܡܫܚܬܟ܂
ܘܐܢ̄ܬ,ܘܐܢَܬ
ܓܘܫܡܝܒܥܦܪܐܚܒܠܬ܂ܐܢܐܚܡܪ̈ܢܐܥܬܝܩ̈ܐܐܫܩܝܬܟ܂,ܓܘܫܡܝܒܥܦܪܐܚܒܠܬ܂ܐܢܐܚܡܪ̈ܢܐܥܬܝܩ̈ܐܐܫܩܝܬܟ܂
ܘܐܢ̄ܬ,ܘܐܢَܬ
ܡܝ̈ܐܒܟܝܠܐܠܐ,ܡܝ̈ܐܒܟܝܠܐܠܐ
ܣܒܥܬܢܝ܂,ܣܒܥܬܢܝ܀
ܗܘܝܬܠܝܒܪܝ,ܗܘܝܬܠܝܒܪܝ
ܐܝܠ,ܠܐܝܟ
ܚܘܠܕܐܕܣܠܩܠܦܘܡ,ܚܘܠܕܐܕܣܠܩܠܦܘܡ
ܐܪܥܐ܂,ܐܪܥܐ܁
ܕܢܩܒܘܠܠܐܠܗܐܡܛܠ,ܕܢܩܒܘܠܠܐܠܗܐܡܛܠ
ܥܝܢܘ̈ܗܝ,ܥܝܢܘܗ̈ܝ܂
ܘܐܬܐܢܫܪܐ,ܘܐܬܐܢܫܪܐ
ܘܚܛܦܗ܂,ܘܚܛܦܗ܀
ܥܢܐܢܕܢ,ܥܢܐܢܕܢ
,ܒܪܝ
ܘܐܡܪܠܝ܂ܚܣܠܟܡܪܝܕܬܗܘܐܡܢܗܠܝܢܕܠܐ,ܘܐܡܪܠܝ܂ܚܣܠܟܡܪܝܕܬܗܘܐܡܢܗܠܝܢܕܠܐ
ܪ̈ܚܡܐ܂,ܪ̈ܚܡܐ܁܂
ܐܠܐܐܝܟܪ̈ܚܡܝܟܥܒܕܥܡܝ܂ܘܐܦܠܐܠܗܐܚܛܐ,ܐܠܐܐܝܟܪ̈ܚܡܝܟܥܒܕܥܡܝ܂ܘܐܦܠܐܠܗܐܚܛܐ
ܐ̄ܢܫ,ܐَܢܫ
ܘܫܒܩܠܗܚܛܗܘ̈ܗܝ܂ܐܦ,ܘܫܒܩܠܗܚܛܗܘ̈ܗܝ܂ܐܦ
ܐܢ̄ܬ,ܐܢَܬ
ܗܫܐܫܒܘܩܠܝ܂ܘܐܗܘܐܡܫܡܫܪ̈ܟܫܝܟ܂ܐܘܪܥܐܥܢ̈ܐܐܘܚܙܝܪ̈ܐ,ܗܫܐܫܒܘܩܠܝ܂ܘܐܗܘܐܡܫܡܫܪ̈ܟܫܝܟ܂ܐܘܪܥܐܥܢ̈ܐܐܘܚܙܝܪ̈ܐ
ܕܝܠܟ,ܕܝܠܟ܂
ܘܐܬܩܪܐ,ܘܐܬܩܪܐ
,ܓܒܪܐ
,ܛܒܐ܂ܥܢܝܬܐܢܐ
,ܬܬܩܪܐ
ܐܢܐܓܒܪܐܒܝܫܐ܂,ܐܢܐܓܒܪܐܒܝܫܐ܂
ܘܐܢ̄ܬܡܬܩܪܐ,ܘܐܢَܬ
ܛܒܐ܂ܥܢܝܬܐܢܐ,
ܘܐܡܪܬ,ܘܐܡܪܬ
ܠܗ܂,ܠܗ
ܗܘܝܬܠܝܒܪܝܐܝܟ,ܗܘܝܬܠܝܒܪܝܐܝܟ
ܩܩܠܐ,ܕܩܠܐ
ܚܕܕܩܐܡܥܠܝܕ,ܚܕܕܩܐܡܥܠܝܕ
ܐܘܪܚܐܘܐܒܗ,ܐܘܪܚܐ܂ܘܐܫܗ
ܠܐܡܩܒܠܕܢܩܪܐ܂ܘܐܬܐ,ܠܐܡܩܒܠܕܢܩܪܐ܂ܘܐܬܐ
ܡܥܗ,ܡܪܗ
ܘܨܒܐ,ܘܨܒܐ
ܕܢܥܩܕܝܘܗܝ܂,ܕܢܥܩܪܝܘܗܝ܂
ܐܡܪܠܗܕܩܠܐܗܘܫܒܘܩܝܢܝ,ܐܡܪܠܗܕܩܠܐܗܘܫܒܘܩܝܢܝ
ܫܢ̄ܬܐ,ܫܢَܬܐ
ܚܕܐܘܐܬܠ,ܚܕܐܘܐܬܠ
ܟܘܫ̈ܒܐ܂,ܠܟܟܘܫ̈ܒܐ܆
ܐܡܪܠܗܡܪܗܐܘܕܘܝܐܒܐܒܟܕܝܠܟܠܐܐܟܫܪܬ܂ܒܕܠܐܕܝܠܟ,ܐܡܪܠܗܡܪܗܐܘܕܘܝܐܒܐܒܟܕܝܠܟܠܐܐܟܫܪܬ܂ܒܕܠܐܕܝܠܟ
ܬܟܫܪ܂,ܬܟܫܪ܀
ܒܪܝܛܒܐܣܝܒܘܬܗܕܢܫܪܐܡܢܥܠܝܡܘܬܗ,ܒܪܝܛܒܐܣܝܒܘܬܗܕܢܫܪܐܡܢܥܠܝܡܘܬܗ
ܕܟܘܕܪܐ܂,ܕܟܘܕܪܐ܀
ܒܪܝܐܡܪܝܢ,ܒܪܝܐܡܪܝܢ
,ܐܡܪܝܢ
ܠܗ,ܠܗ
ܠܕܐܒܐ܂,ܠܕܐܒܐ
ܐܪܚܩܡܢ,ܐܪܚܩܡܢ
ܥܢ̈ܐ,ܥܢ̈ܐ܂
ܐܡܪܚܠܐܛܒܐܠܥܝܢܝ̈܂ܐܡܪܝܢܠܗܝܠܦܕܬܐܡܪܐܠܦܒܝܬ܂ܐܡܪ,ܐܡܪܚܠܐܛܒܐܠܥܝܢܝ̈܂ܐܡܪܝܢܠܗܝܠܦܕܬܐܡܪܐܠܦܒܝܬ܂ܐܡܪ
ܗ̄ܘܐ,ܗَܘܐ܂
ܐܡܪܐ,ܐܡܪܐ
ܓܕܝܐ܂ܒܪܝܠܪܫܗܕܚܡܪ̈ܐ,ܓܕܝܐ܀ܒܪܝܠܝܫܗܕܚܡܪܐ
ܣܡܘܗܝܥܠܦܬܘܪܐܘܐܬܥܪܓܠ,ܣܡܘܗܝܥܠܦܬܘܪܐܘܐܬܥܪܓܠ
ܘܢܦܠ,ܢܦܠ
ܥܠ,ܥܠ
ܥܦܪܐ܂,ܐܪܥܐ܂
ܐܡܪܝܢܥܠܢܦܫܗܪܓܙ܂ܕܠܐܡܩܒܠܐܝܩܪܐ܂ܐܠܐܐܟܬܐ܂,ܐܡܪܝܢܥܠܢܦܫܗܪܓܙ܂ܕܠܐܡܩܒܠܐܝܩܪܐ܂ܐܠܐܐܟܬܐ܂
ܫܪܝܗܝ,ܕܫܪܝܗܝ
ܠܡܬܠܐܕܐܡܪ܂ܕܝܠܕܬܩܪܝ,ܠܡܬܠܐܕܐܡܪ܂ܕܝܠܕܬܩܪܝ
ܒܪܟ,ܒܪܟ܂
ܘܕܪܒܝܬܩܪܝ,ܘܕܪܒܝܬܩܪܝ
ܥܒܕܟ܂,ܥܒܕܟ܀
ܒܪܝܛܒܡܢ,ܒܪܝܛܒܡܢ
ܟܠܗܝܢܡ̈ܠܐ,ܟܠܗܘܢܡܠ̈ܐ
ܗܕܐ,ܗܕܐ
ܐܫܪ܂,ܐܫܪ
ܘܕܒܪܚܬܟܬܚܝܬܫܚܬܟܠܒܘܟܘܛܪܘܦܠܟܐܦܐ܂ܗܘ,ܘܕܒܪܚܬܟܬܚܝܬܫܚܬܟܠܒܘܟܘܛܪܘܦܠܟܐܦܐ܂ܗܘ
ܕܐܚܝܫ܂,ܕܐܚܝܫܝ
ܒܪܝ,ܒܪܝ
ܘܐܢ̄ܬܐܘܒܪܝ,ܗܘ
ܐܠܗܐ,ܐܠܗܐ
ܗܘܝܕܥܟܣܝ̈ܬܐ܂,ܝܕܥܟܠܡܕܡ܂ܘܝܗܒ
ܘܦܪܥ,ܘܦܪܥ
ܠܟܠܢܫ,ܠܟܠܐَܢܫ
ܐܝܟ,ܐܝܟ
ܥܒܕܘܗ̈ܝ܂ܘܗܘܕܐܢܒܝܢܝܘܠܟ,ܥܒܕܘ̈ܗܝܗܘܝܕܥܘܕܐܢܒܝܤܝ̈ܘܠܟ܀ܘܐܢܐܠܐܐܡܪܢܐܠܟܡܕܡ܂ܐܠܗܐܦܪܥܠܟܐܝܟܥܒܕ̈ܝܟ܀
