162,Add. 2020,Add. 2020,Add. 2020,Add. 2020,Add. 2020,Add. 2020,Add. 7200,Ar 7/229,Manuscrit 4122,Or. 2313,Sachau 162,Sachau 162,Sado no. 9,Syr 80
,omisit,ܫܡܥ,ܫܡܥ,ܫܡܥ,omisit,ܫܡܥ,ܫܡܥ,ܫܡܥ
,,ܝܘܠܦܢܝ,ܡ̈ܠܝ,,,,ܡܪܝ,
,,ܒܪܝ,,,,,ܒܪܝ,
,,ܢܕܢ,ܢܕܢ,,,,ܢܕܢ,
,,܂,ܒܪܝ,ܒܪܝ,,ܒܪܝ,,ܒܪܝ
,,,,ܢܕܢ܆,,,,ܢܕܢ܂
,,ܘܬܐ,ܘܬܐ,ܘܬܐ,,ܘܬܐ,ܘܬܐ,ܘܬܐ
,,ܠܬܪܥܝܬܝ܂,ܠܬܪܥܝܬܝ١܆ܐܢܬܫܡܥ,ܠܬܪܥܝܬܝ܇,,ܠܬܪܥܝܬܝ܂,,ܠܬܪܥܝܬܝ܆
,,ܘܗܘܝܕܟܝܪ,,ܘܗܘܝܬ,,ܘܬܗܘܐ,,ܘܗܘܝܬ
,,,,ܥܗܕ,,ܥܗܕ,,ܥܗܕ
,,ܠܡ̈ܠܝ,,ܠܡܠܝ̈,,ܠܡ̈ܠܝ,ܠܡܠܝ̈,ܠܡܠܝ̈
,,ܐܝܟ,,,,ܐܝܟ,ܐܝܟ,ܐܠܗܝ܂
,,ܡܐܡܪܐܠܗܝܢ܂܂܂ܘܗܝܕܝܢܫܪܝܐܚܝܩܪܠܡܠܦܘܬܗܠܢܕܢܒܪ[܂]ܬܗ܂ܘܥܢܐܘܐܡܪܠܗ܂,,,,ܡܐܡܪ,ܡܠܝ̈,
,,,,ܐܠܗܝ,,ܐ̈ܠܗܝܢ܂,ܐܠܗܝ,
ܒܪܝ,,ܒܪܝ,,ܒܪܝ,,,ܒܪܝ,ܒܪܝ
,,,,ܢܕܢ܆,,,ܢܕܢ,ܢܕܢ܂
ܐܢ,,ܐܢ,,ܐܢ,,,ܐܢ,ܐܢ
ܫܡܥܬ,,ܫܡܥܬ,,ܫܡܥܬ,,,ܫܡܥܬ,ܫܡܥܬ
ܡܠܬܐ,,ܡܠܬܐ,ܡܠܬܐ,ܡܠܬܐ,,,ܡܠܬܐ,ܡܠܬܐ
,,,,,,,,
ܬܡܘܬܝ,,ܬܡܘܬ,ܬܡܘܬ,ܬܡܘܬ,,,ܬܡܘܬ,ܬܡܘܬ
,,,,ܒܠܒܟ,,,ܒܠܒܟ,
ܒܠܒܟ܂,,ܒܠܒܟ܆,ܒܠܒܟ܇,,,,,ܒܠܒܟ܂
ܘܠܐܢܫ,,ܘܠܐܢܫ,ܘܠܐܢܫ,ܘܠܐَܢܫ,,,ܘܠܢܫ,ܘܠܐ̄ܢܫ
ܠܐ,,ܠܐ,ܠܐ,ܠܐ,,,ܠܐ,ܠܐ
ܬܓܠܐ܂,,ܬܓܠܐ,ܬܓܠܝܗ܂,ܬܓܠܐ܆,,,ܬܓܠܐ,ܬܓܠܐ܆
ܕܠܐ,,ܕܠܐ,ܕܠܡܐ,ܕܠܡܐ,,,ܕܠܡܐ,ܕܠܡܐ
ܬܗܘܐ,,ܗܘܐ,ܬܗܘܐ,ܬܗܘܐ,,,ܬܗܘܐ,ܬܗܘܐ
ܓܡܘܪܬܐܒܦܘܡܟ,,ܓܡܘܪܬܐܒܦܘܡܟ,ܓܡܘܪܬܐܒܦܘܡܟ,ܓܡܘܪܬܐܒܦܘܡܟ,,,ܓܡܘܪܬܐܒܦܘܡܟ,ܓܡܘܪܬܐܒܦܘܡܟ
ܘܬܟܘܟ܂,,ܘܬܟܘܝܟ܂,ܘܬܟܘܝܟ܂,ܘܬܟܘܟ,,,ܘܬܟܘܝܟ,ܘܬܟܘܝܟ܂
ܘܡܘܡܐܬܣܝܡ,,ܘܡܘܡܐܬܣܝܡ,ܘܡܘܡܐܬܣܝܡ,ܘܡܘܡܐܬܣܝܡ,,,ܘܡܘܡܐܬܣܝܡ,ܘܡܘܡܐܬܣܝܡ
ܒܢܦܫܟ܂,,ܒܢܦܫܟܘܥܠ,ܒܓܘܫܡܟ܂,ܒܢܦܫܟܘܥܠ,,,ܒܢܦ̮ܫܟ,ܒܢܦܫܟܘܥܠ
,,ܐܪܥܐܬܣܬܢܐ,,,,,,
ܘܥܠ,,ܘܥܠ,ܘܥܠ,,,,ܘܥܠ,
ܐܠܗܐ,,ܐܠܗܐ,ܐܠܗܐ,ܐܠܗܐ,,,ܐܠܗܐ,ܐܠܗܐ
ܬܬܪܥܡ܀,,ܬܬܪܥܡ,ܬܬܪܥܡ܀,ܬܬܪܥܡ܆,,,ܬܬܪܥܡ,ܬܬܪܥܡ܂
,,܂܂,٢܆,,,,,
ܒܪܝܟܠ,,ܒܪܝܟܠ,ܒܪܝܟܠ,ܒܪܝܟܠ,,,ܒܪܝܟܠ,ܒܪܝܟܠ
ܕܬܚܙܐ,,ܕܚܙܐܐܢܬ,ܕܚܙܐܐܢܬ,ܕܫܡܥ,,,ܕܫܡܥ,ܕܫܡܥ
,,,,ܐܢَܬ,,,ܐܢ̄ܬ,ܐܢ̄ܬ
ܠܐ,,ܠܐ,ܠܐ,,,,,
ܬܐܡܪ܂,,ܬܐܡܪ܆,,ܠܐ,,,ܠܐ,ܠܐ
,,,ܬܓܠܐ܂,,,,,
,,,,,,,,ܬܓܠܐ܂
ܘܟܠܕܫܡܥܐܢܬܠܐ,,ܘܟܠܕܫܡܥܐܢܬܠܐ,ܘܟܠܕܫܡܥܐܢܬܠܐ,ܬܐܡܪ,,,ܬܐܡܪ,
ܬܓܠܐ܀,,ܬܓܠܐ܂܂,ܬܐܡܪ܀,ܬܓܠܐ܆,,,ܘܕܚܙܐܐܢ̄ܬ,
,,,,,,,ܠܐ,
,,,٣܆,,,,,
,,,,,,,ܬܓܠܐ܂܂,
ܒܪܝܐܣܪܐܕܚܬܝܡܠܐ,,ܒܪܝܐܣܪܐܕܚܬܝܡܠܐ,ܒܪܝܐܣܪܐܕܚܬܝܡܠܐ,,,,ܒܪܝܐܣܪܐܕܚܬܝܡܠܐ,
ܬܫܪܐ܂ܘܗܘܕܫܪܐ,,ܬܫܪܐ܂ܘܗܘܕܫܪܐ,ܬܫܪܐ܂ܘܗܘܕܫܪܐ,,,,ܬܚܙܐ܂܂ܘܕܫܪܐ,
ܠܐ,,ܠܐ,ܠܐ,,,,ܠܐ,
ܬܚܬܘܡ܀,,ܬܚܬܘܡ܂܂,ܬܚܬܘܡ܀,,,,ܬܚܬܘܡ܂܂,
,,,٤܆,,,,,
ܒܪܝ,,ܒܪܝ,ܒܪܝ,ܒܪܝ,,,ܒܪܝ,ܒܪܝ
ܐܚܠܐ,,ܐܚܠܐ,ܡ̈ܠܐܕܠܐ,,,,,
ܠܫܢܟ܂ܘܐܛܐܒܡܦܬܚܦܘܡܟ܀,,ܠܫܢܟܘܐܛܐܒܒܡܦܬܚܦܘܡܟ܂,ܕܝܠܟ܆ܣܦܘ̈ܬܟ,,,,,
ܡܛܠܕܕܘܢܒܗܕܟܠܒܐ,,ܡܛܠܕܕܘܢܒܗܕܟܠܒܐ,ܠܐ,ܠܐ,,,ܠܐ,ܠܐ
ܝܗܒܐܠܗܠܚܡܐ,,ܝܗܒܠܗܠܚܡܐ܇,ܢܡ̈ܠܠܢ܀٥܆,,,,,
ܘܦܘܡܗ,,ܘܦܘܡܗ,ܒܪܝܠܫܘܦܪܐܠܐܬܬܪܓܪܓ܂ܡܛܠܕܫܘܦܪܐ,,,,,
ܝܗܒܠܗܚܘܛܪܐܘܟܐܦ̈ܐ܀,,ܝܗܒܠܗܡܚ̈ܘܬܐ܂,ܒܠܐܘܥܒܪ܆,,,,,
ܒܪܝܥܝܢܗ,,ܒܪܝܥܝܢܗ,ܘܫܡܐܛܒܐܡܩܘܐܘܡܟܬܪ܀,,,,,
ܕܒܪܐܢܫܐܡܒܘܥܐܗܝ܂,,ܕܒܪܢܫܡܒܘܥܐܗܝ,٦܆,,,,,
ܘܠܐܣܒܥܐ,,ܘܠܐܣܒܥܐ,ܒܪܝܠܐ,,,,,
ܢܟ̈ܣܐ܂,,ܢ̈ܟܣܐ,ܬܫܕܠܟ,,,,,
ܥܕܡܐ,,ܥܕܡܐ,,,,,,
ܕܡܬܡܠܝܐܥܦܪܐ܂ܒܪܝܐܢ,,ܪܝܡܥܝ̈ܢܝܟunclearܘܡܨܒܬܐ܇ܠ[܂]ܬܪܓܝ[܂]unclearܟܠܡܕܡܕ[܂܂]ܬunclear,,,,,,
ܬܪܝܡ,,,,ܬܪܝܡ,,,ܬܪܝܡ,ܬܪܝܡ
ܥܝܢ̈ܝܟ,,,,ܥܝܢܟ,,,ܥܝܢܝܟ̈ܘܬܚܙܗ,ܥܝܢܟ
ܘܬܚܙܐ,,,,ܘܬܚܙܐ,,,,ܘܬܚܙܐ
ܐܢܬܬܐ,,,ܐܢܬܬܐ,ܐܢَܬܬܐ,,,,ـ
ܕܣܩܝܠܐܘܡܨܒܬܐ܂,,,ܙܠܝܠܬܐ,,,,ܐܢ̄ܬܬܐ,ܐܢ̄ܬܬܐ
,,,ܒܡܠ̈ܝܗ܂,ܕܣܪܝܩܐ,,,ܕܣܪܝܩܐ,ܕܣܪܝܩܐ
,,,ܡܛܠܕܡܢܡ̈ܠܝܗ,ܘܟܚܝܠܐ,,,ܘܟܚܠܐ,ܘܒܚܝܠܐ܂
,,,ܢܒ̈ܥܢܡܪܕܐܘܣܡܐܕܡܘܬܐ܂,,,,,
,,,ܘܒܡܨܝܕܬܐ,,,,,
,,,ܬܬܦܪܟܠ,,,,,
,,,ܘܒܦܚܐܬܬܨܝܕ܀,,,,,
,,,٧܆,,,,,
,,,ܒܪܝܐܢܚܙܐ,,,,,
,,,ܐܢܬ,,,,,
,,,ܐܢܬܬܐ,,,,,
,,,ܕܡܨܒܬܐ܆ܘܒܡܫܚܐܡܕܗܢܐ܇ܘܒܗܪ̈ܘܡܐܡܥܛܪܐ܆ܘܡܙܠܠܐܒܢܦܫܗ܆,,,,,
ܠܐ,,,ܠܐ,ܠܐ,,,ܠܐ,ܠܐ
ܬܐܪܓܝܗ,,,ܬܪܓܝܗ,ܬܪܓܝܗ,,,ܬܪܓܝܗ,ܬܪܓܝܗ
ܒܠܒܟ܂,,,ܒܠܒܟ܂,ܒܠܒܟ܆,,,ܒܠܒܟ,ܒܠܒܟ
,,,,,,,,܂
ܡܛܠܕܐܢܬܬܠܠܗ,,,ܡܛܠܕܐܢܬܬܠܠܗ,ܡܛܠܕܐܢܬܬܠܠܗ,,,ܡܛܠܕܐܢܬܬܠܠܗ,ܡܛܠܕܐܢܬܬܠܠܗ
ܟܠ,,,ܢܦܫܟ܆,,,,ܘܟܠ,ܟܠ
ܕܒܐܝܕ̈ܝܟ܂,,,,ܡܕܡܕܐܝܬ,,,ܡܕܡܕܐܝܬ,ܡܕܡܕܐܝܬ
,,,,ܠܟ,,,ܒܐܝܕܝܟ,ܠܟ
,,,,ܒܐܝܕܝ̈ܟ,,,,ܒܐܝܕ̈ܝܟ܂
ܡܕܡ,,,ܡܕܡ,ܡܕܡ,,,ܡܕܡ,ܡܕܡ
ܝܬܝܪܐ,,ܝܬܝܪܐ,ܝܬܝܪܐ,ܝܘܬܪܢܐ,,,ܝܘܬܪܢܐ,ܝܘܬܪܢܐ
ܠܐܬܫܟܚ,,,ܐܘܕܫܦܝܪ,,,,,
ܒܗ,,ܒܗ,ܒܗ,ܒܗ,,,ܒܗ,ܒܗ
ܘܚܛܝܬܐ,,ܠܐ,ܠܐ,ܠܐ,,,ܠܐ,ܠܐ
,,ܬܫܟܚ܂[܂]ܚܛ[܂܂][܂܂܂]ܗܐܬܚܘܒ܂܂,ܡܫܟܚ,ܡܫܟܚ,,,ܡܫܟܚ,ܡܫܟܚ
ܠܐܠܗܐ,,,,,,,,
ܬܚܘܒ܀,,,ܐܢܬ܆,ܐܢَܬ܆,,,ܐܢ̄ܬ,ܐܢ̄ܬ܂
ܒܪܝ,,ܒܪܝ,ܘܚܛܗܐ,ܘܚܛܗܐ,,,ܘܚܛܗܐ,ܘܚܛܗܐ
,,,,ܠܐܠܗܐ,,,ܠܐܠܗܐ,ܠܐܠܗܐ
ܒܝܬܐܐܝܠܝܢ,,ܒܒܝܬܐܕܐܝܠܝܢ,ܡܩܒܠ,,,,,
ܕܢܨܝܢܠܐܬܩܘܡܡܛܠܕܡܢܡܠܬܐܗܘܝܐܡܨܘܬܐ܂,,ܕܢܨܝܢܠܐܬܩܘܡܡܛܠܕܡܢܡܠܬܐܗܘܝܐܡܨܘܬܐ܂,ܐܢܬ,ܠܐܬܚܘܒ܆ܒܪܝܠܐܬܓܘܦܒܐܢَܬܬܐܚܒܪܟ܆,,,ܬܚܘܒ܂܂,ܬܚܘܒ܂
ܡܨܘܬܐܡܓܪܓܐ,,ܘܡܢܡܨܘܬܐܡܬܬܥܝܪ,ܘܠܐܠܗܐܡܪܓܙܐܢܬ܀,,,,ܒܪܝܠܐ,ܒܪܝܠܐ
ܫܚܩܐ܂ܘܡܢܫܚܩܐܗܘܐ,,ܫܚܩܐ܂ܘܡܢܫܚܩܐܗܘܐ,܂܂܂܂,,,,ܬܓܥܘܪܚܒܪܟ܂܂ܕܕܠܡܐ,ܬܓܘܪܒܐܢ̄ܬܬܚܒܪܟ܆
ܡܘܬܐܐܘܟܝܬܩܛܠܐ܀,,ܩܛܠܐ܂܂,,ܕܠܡܐ,,,,ܕܠܡܐ
ܒܪܝܐܠܘ,,ܒܪܝܐܠܘ,,ܢܓܘܪܘܢ,,,ܢܓܘܪܘܢ,ܢܓܘܪܘܢ
,,,,ܐَܚܪ̈ܢܐܒܐܢَܬܬܟ܆,,,ܐܚܪ̈ܢܐ,ܐܚܪ̈ܢܐ
,,,,,,,ܒܐܢ̄ܬܬܟ܂܂,ܒܐܢ̄ܬܬܟ܂
,,,,ܒܪܝ,,,ܒܪܝ,ܒܪܝ
,,,ܠܐ,ܠܐ,,,ܠܐ,ܠܐ
,,,,ܬܗܘܐ,,,ܬܗܘܐ,ܬܗܘܐ
,,,,ܡܣܪܗܒܐ,,,ܡܣܪܗܒܐ,ܡܣܪܗܒܐ
,,,ܐܝܟ,ܐܝܟ,,,unclear,ܐܝܟ
,,,ܠܘܙܐ,ܕܠܘܙܐܠܘܩܕܡ,,,ܠܘܙܐ,ܕܠܘܙܐܠܘܩܕܡ
,,,,ܥܦܐ܆ܘܠܐَܚܪܬܐ,,,ܕܠܘܩܕܡ,ܥܦܐ܂
,,,,,,,ܐܥܦܐ܂܂,
,,,,,,,ܘܠܚܪܬܐ,ܘܠܚܪܬܐ
,,,,ܐܒܗ,,,ܐܒܗ,ܐܒܗ
,,,,ܡܬܐܟܠ,,,ܡܐܬ̱ܟܠ,ܡܬܐܟܠ܂
,,,ܐܠܐ,ܐܠܐ,,,ܐܠܐ,ܐܠܐ
,,,,ܗܘܝ܂,,,ܗܘܝ,ܗܘܝ
,,,,ܫܘܐ,,,ܫܘܐ,ܫܘܐ
,,,,ܘܛܥܡܢ,,,ܘܛܥܡܢ,ܘܛܠܡܟܐܝܟ܂
,,,ܐܝܟ,ܐܝܟ,,,ܐܝܟ,
,,,ܬܘܬܐ܂܂܂٨܆,ܬܘܬܐ,,,ܬܘܬܐ܂܂,ܬܘܬܐ
,,,,ܕܠܚܪܬܐ,,,ܕܠܚܪܬܐ,ܕܠܚܪܬܐ
,,,,ܥܦܐ܆,,,ܐܥܦܐ܂܂,ܥܦܐ܂
,,,,ܘܠܘܩܕܡ,,,ܘܠܘܩܕܡ,ܘܠܘܩܕܡ
,,,,ܐܒܐܡܬܐܟܠ܆,,,ܐܒܗ,ܐܒܗ
,,,,,,,ܡܬܐ̱ܟܠ܂܂,ܡܬܐ̱ܟܠ܂
,,,ܒܪܝ,ܒܪܝ,,,,ܒܪܝ
,,,ܐܪܟܢ,ܐܪܟܢ,,,ܐܪܟܢ,ܐܪܟܢ
,,,ܥܝܢ̈ܝܟܝܠܬܚܬ܂,ܩܠܟ܆ܡܛܠܕܠܐ,,,ܥܝܢܝܟ̈,ܩܠܟ܆ܡܛܠܕܠܐ
,,,ܘܐܡܟܩܠܟܘܗܘܝܡܛܟܣܐܘܠܐܙܠܝܠܐ,,,,,
,,,٩܆,,,,,
,,,ܘܠܐܬܪܝܡܩܠܟܒܫܘܒܗܪܐ܂,,,,,
,,,ܡܛܠ,,,,ܡܛܠ,
,,,ܕܐܠܘ,,,,ܕܠܩܠܐ,
ܒܩܠܐ,,ܒܩܠܐ,ܒܩܠܐ,ܒܩܠܐ,,,,ܒܩܠܐ
ܪܡܐ,,ܪܡܐ,ܪܡܐ,ܪܡܐ,,,ܪܡܐ,ܪܡܐ
,,,,,,,ܡܬܒܥܐ,ܡܬܒ̱ܢܐܒܝܬܐ܂
ܡܬܒܢܐ,,ܡܬܒܢܐ,ܡܬܒܢܐ,ܡܬܒܢܐ,,,ܡܬܒܢܐ,
ܗܘܐ,,ܗܘܐ,ܗܘܐ,,,,,
ܒܝܬܐ܂,,ܒܝܬܐ܂,ܒܝܬܐ܆ܚܡܪ̈ܐ,ܒܝܬܐ,,,ܒܝܬܐ,
ܚܡܪܐ,,ܚܡܪܐ,,ܚܡܪܐ,,,ܚܡܪܐ,ܚܡܪܐ
,,,,ܕܝܢ,,,ܕܝܢ,ܕܝܢ
ܬܪ̈ܝܢ,,ܬܪܝܢ,ܬܪܝܢ,ܬܪ̈ܝܢ,,,ܬܪܬܝܢܒܬ̈ܐ,ܬܪܝܢ
ܒܬܝܢ,,ܒ̈ܝܬܝܢ,ܒܬܝ̈ܢ,ܒ̈ܬܐ,,,,ܒ̈ܬܐ
,,,,,,,ܒܢܐ,
,,ܒܝܘܡܐ,ܒܝܘܡܐ,,,,ܗܘܐ,
,,,,ܒܢܐ,,,,ܒܢܐ
,,ܚܕ,ܒܢܝܢܗܘܘ܂,ܗَܘܐ,,,,ܗ̄ܘܐ
ܒܚܕ,,,,ܒܚܕ,,,ܒܚܕ,ܒܚܕ
ܝܘܡܐ,,,,ܝܘܡܐ܂,,,ܝܘܡܐ܂܂,ܝܘܡܐ܂
ܒܢܐ,,ܒܢܐ,,,,,,
ܗܘܐ܂,,ܗܘܐ܂,,,,,,
ܘܐܠܘܒܚܝܠܐܬܩܝܦܐܡܬܕܒܪܐ,,ܘܐܠܘܒܚܝܠܐܬܩܝܦܐܡܬܕܒܪܐ,ܘܐܠܘܒܚܝܠܐܬܩܝܦܐܡܬܕܒܪܐ,ܘܐܠܘܒܚܝܠܐܬܩܝܦܐܡܬܕܒܪܐ,,,ܘܐܠܘܒܚܝܠܐܬܩܝܦܐܡܬܕܒܪܐ,ܘܐܠܘܒܚܝܠܐܬܩܝܦܐܡܬܕܒܪܐ
ܗܘܐ܂,,ܗܘܐ,ܗܘܬ,ܗَܘܬܦܕܢܐ܆,,,ܗܘܐ,ܗ̄ܘܬ
ܦܕܢܐ܂,,ܦܕܢܐ܂,ܦܕܢܐ܇,,,,ܦܕܢܐ܂܂ܚܪܒܗ,ܦܕܢܐ܂
ܚܪܒܐ,,ܚܪܒܐ,ܚܪܒܐ,ܚܪܒܐ,,,,ܚܪܒܐ
ܕܦܕܢܐ,,ܕܦܕܢܐ,ܕܦܕܢܐ,,,,,
ܡܢ,,ܡܢ,ܡܢ,ܡܢ,,,ܡܢ,ܡܢ
ܬܚܝܬ,,ܬܚܝܬ,ܬܚܝܬ,,,,,
ܫܚ̈ܘܬܗ,,ܫܚܬܗ,ܫܚܬܗ,ܫܚܬܗ,,,ܫܚܬܗ,ܫܚܬܗ
ܕܓܡܠܐܠܐ,,ܕܓܡ[܂]ܐܠܐܡܬܓܪܕܢܐ܂܂ܛܒܘ,ܕܓܡܠܐܠܐ,ܕܓܡܠܐܠܐ,,,ܕܓܡܠܐܠܐ,ܕܓܡܠܐܠܐ
ܡܬܓܪܕܝܐ,,,ܦܪܩܐ,ܡܫܬܪܝܐ,,,ܡܫܬܪܝܐ,ܡܫܬܪܝܐ
ܗܘܬ܀,,,ܗܘܐ܀܂܂܂܂܂܂١٠܆,ܗَܘܬ܆,,,ܗܘܐ܂܂,ܗ̄ܘܬ̱܂
ܒܪܝܛܒ,,,,ܒܪܝܛܒ,,,ܒܪܝܛܒ,ܒܪܝܛܒ
,,,ܒܪܝܐܫܘܕܚܡܪܟܥܠܩܒܪܐ,,,,,
ܠܡܗܦܟܘ,,ܠܡܗܦܟܘ,ܕܙܕܝܩ̈ܐ܇ܘܠܐܬܫܬܝܘܗܝ,ܠܡܗܦܟܘ,,,ܠܡܗܦܟܘ,ܠܡܗܦܟܘ
ܘܠܡܥܓܠܘ,,ܟܐܦܐ,,ܟܐܦ̈ܐ,,,ܟܐܦ̈ܐ,ܟܐܦ̈ܐ
,,,ܥܡ,,,,,
ܟ̈ܐܦܐ,,,ܐܢܫ̈ܐ,,,,ܥܡ܂܂,
ܥܡ,,ܥܡ,,ܥܡ,,,,ܥܡ
ܓܒܪܐ,,ܓ[܂܂]ܐ,,ܓܒܪܐ,,,ܓܒܪܐ,ܓܒܪܐ
ܚܟܝܡܐ܂,,ܚܟܝܡܐ܂,,ܚܟܝܡܐ,,,ܚܟܝܡܐ,ܚܟܝܡܐ܆
ܛܒ,,ܛܒ,,,,,,
ܡܢܕܠܡܫܬܐܚܡܪܐ,,ܡܢܕܠܡܫܬܐܚܡܪܐ,,ܡܢܕܠܡܫܬܐܚܡܪܐ,,,ܡܢܕܠܡܫܬܐܚܡܪܐ,ܡܢܕܠܡܫܬܐܚܡܪܐ
ܥܡ,,ܥܡ,,ܥܡ,,,ܥܡ,ܥܡ
ܓܒܪܐ,,ܓܒܪܐ,,ܓܒܪܐ,,,ܓܒܪܐ,ܓܒܪܐ
ܣܟܠܐ܂ܒܪܝ,,ܣܟܠܐ܂܂,,ܣܟܠܐ܆,,,ܣܟܠܐ܂܂,ܣܟܠܐ܂ܒܪܝ
,,,,ܒܪܝܐܫܘܕܚܡܪܟܥܠܩܒܪܐ,,,,
,,,,,,,,
ܛܒܠܡܛܥܢ,,,,,,,ܒܪܝ,
,,,,,,,ܐܫܘܕܚܡܪܟܥܠܩܒܪܐ,ܐܫܘܕܚܡܪܟܥܠܩܒܪܐ
,,,,ܕܙܕܝ̈ܩܐ܆,,,,
,,,,,,,ܕܙܕܝܩ̈ܐ,ܕܙܕܝܩ̈ܐ܆
,,,,ܘܠܐܬܫܬܝܘܗܝܥܡ,,,ܘܠܐܬܫܬܝܘܗ̱ܝܥܡܐ̄ܢܫ̈ܐܥܘܠ̈ܐ܂܂ܒܪܝܥܡ,ܘܠܐܬܫܬܝܘܗܝܥܡ
,,,ܥܘ̈ܠܐ܀,ܐَܢܫܐܥܠܘ̈ܠܐ܆,,,,ܐܢܫܥܘ̈ܠܐ܂
,,,١١܆ܒܪܝܕܘܫܐܣܟܘܦܬܐܕܚܟܝܡܐ܆ܘܡܢܒܝܬܐܕܥܬܝܪ̈ܐܐܪܚܩ܇١٢܆,,,,,
,,,ܒܪܝܠܐܬܩܛܘܪܪܐܙܐܥܡܐܢ̈ܫܐ,,,,,
,,,ܣܟ̈ܠܐ,,,,,
,,,ܡܛܠܕܠܐܡܫܟܚܝܢ,,,,,
,,,ܠܡܣܟܝܘܬܗ,,,,,
,,,ܠܡܟܣܝܘܬܗ܀,,,,,
,,,١٣܆ܒܪܝܐܬܕܒܩܠܐܢܫ̈ܐ,,,,,
,,,ܚܟܝܡ̈ܐ,,,,ܚܟܝܡ̈ܐ,
,,,ܕܬܗܘܐܚܟܝܡܐܟܘܬܗܘܢ܂ܘܠܐܬܬܢܩܦܠܐܢܫ̈ܐܣܟ̈ܠܐܕܕܠܡܐܬܐܠܦܡܢܐܘܪ̈ܚܬܗܘܢ܀١٤܆,,,,ܠܐ,
,,,ܒܪܝܐܢܩܢܐܐܢܬ,,,,,
,,,ܪܚܡܐ܇ܒܢܣܝܘܢܐܩܢܝܗܝ܂ܘܥܕܠܐܬܒܩܐ܆,,,,,
,,,ܠܐܢܫܠܐܬܫܒܚ܂,,,,,
,,,ܒܩܝ܆,,,,,
,,,ܘܗܝܕܝܢ,,,,,
,,,ܩܢܝ܀١٥܆,,,,,
,,ܒܪܝܥܡܚܟܝܡܐܠܐ,ܒܪܝܥܡܚܟܝܡܐܠܐ,ܒܪܝܥܡܚܟܝܡܐܠܐ,,,,ܒܪܝܥܡܚܟܝܡܐܠܐ
,,ܬܣܪܘܚ܂,ܬܣܪܘܚ,ܬܣܪܘܚ܆,,,ܬܣܪܘܚ,ܬܣܪܘܚ܆
,,,ܡ̈ܠܝܟ܂,,,,,
,,ܘܥܡܣܪܘܚܐ,ܘܥܡܣܪܘܚܐ,ܘܥܡܣܪܘܚܐ,,,ܘܥܡܣܪܘܚܐ,ܘܥܡܣܪܘܚܐ
,,ܠܐܬܬܚܟܡ܂܂,ܘܣܟܠܐܠܐ,ܬܬܚܟܡ܆,,,,ܬܬܚܟܡ܂ܒܪܝ
,,,ܬܬܚܟܡ܀١٦܆,,,,ܬܬܚܟܡ,
,,,,,,,܂܂ܒܪܝܠܐ,
,,ܒܪܝ,ܒܪܝ,ܒܪܝ,,,,
,,ܐܬܠܘܐܠܓܒܪܐܚܟܝܡܐܕܬܬܚܟܡ,ܐܬܠܘܐܠܓܒܪܐܚܟܝܡܐܕܬܬܚܟܡ,ܐܬܠܘܐܠܓܒܪܐܚܟܝܡܐܕܬܬܚܟܡ,,,ܐܬܠܘܐܠܓܒܪܐܚܟܝܡܐܕܬܬܚܟܡ,ܐܬܠܘܐܠܓܒܪܐܚܟܝܡܐܕܬܬܚܟܡ
,,ܐܟܘܬܗ܂,ܐܟܘܬܗ܂,ܐܟܘܬܗ܆,,,ܐܟܘܬܗ܂,ܐܟܘܬܗ܂
,,ܘܠܐ,ܘܠܐ,ܘܠܐ,,,ܘܠܐ,ܘܠܐ
,,ܬܬܠܘܐ,ܬܬܢܩܦ,ܬܬܠܘܐ,,,ܬܬܠܘܐ,ܬܬܠܘܐ
,,ܠܓܒܪܐ,ܠܓܒܪܐ,ܠܓܒܪܐ,,,ܠܓܒܪܐ,ܠܓܒܪܐ
,,ܣܟܠܐ܇,ܣܟܠܐ,ܦܟܢܐ,,,ܦܟܢܐ,ܦܟܢܐ
,,ܕܠܡܐ,ܕܠܡܐ,ܘܠܫܢܢܐ܆,,,ܘܠܫܢܐ,ܘܠܫܢܢܐ܂
,,,,ܕܠܐ,,,ܕܠܐ,ܕܠܐ
,,ܬܬܡܢܐ,ܬܬܡܢܐ,ܬܬܡܢܐ,,,ܬܬܡ̱ܢܐܥܡܗ܂܂,ܬܬܡܢܐ
,,ܐܟܘܬܗ܂܂,ܬܬܕܡܐܒܥܒܝ̈ܕܬܗ܀١٧܆,ܥܡܗ܆,,,,ܥܡܗ܂
,,,ܒܪܝ,ܒܪܝ,,,ܒܪܝ,ܒܪܝ
,,ܥܕܐܝܬ,ܥܕܐܝܬ,ܥܕܐܝܬ,,,ܥܕܐܝܬ,ܥܕܐܝܬ
,,ܡـ,ܡܣܐܢܐ,,,,ܡܣܢ̈ܐܒܪܓܠܝܟ̈܂܂,
,,ܒܪ̈ܓܠܝܟ,ܒܪ̈ܓܠܝܟ,ܒܪ̈ܓܠܝܟ,,,,ܒܪ̈ܓܠܝܟ
,,,,ܡܣܢ̈ܐ܆,,,,ܡܣܢ̈ܐ܆
,,ܕܘܫ,ܕܘܫ,ܕܘܫ,,,ܕܘܫ,ܕܘܫ
,,,ܥܠ,ܕܪ̈ܕܪܐ,,,ܕܪ̈ܕܪܐ,ܕܟܕ̈ܟܐ
,,ܕܪܕܪ̈ܐ,ܕܪܕܪ̈ܐ,,,,,
,,,ܘܟܘ̈ܒܐ܇,,,,,
,,ܘܥܒܕ,ܘܥܒܕ,ܘܥܒܕ,,,ܘܥܒܕ,ܘܥܒܕ
,,,ܠܗܘܢ,,,,,
,,ܐܘܪܚܐ,ܐܘܪܚܐ,ܐܘܪܚܐ,,,ܐܘܪܚܐ,ܐܘܪܚܐ
,,ܠܒܢܝ̈ܟ,ܠܒܢܝ̈ܟ,ܠܒܢܝ̈ܟ,,,ܠܒܢܝ̈ܟ,ܠܒܢ̈ܝܟ
,,ܘܠܒ[܂܂]ܒܢ̈ܝܟ܂܂,ܘܠܒܢ̈ܝ,ܘܠܒܢܝ̈ܒܢܝ̈ܟ܆,,,ܒܢܝܟ̈܂܂,ܘܠܒܢ̈ܝ
,,,ܒܢ̈ܝܟ܆١٨܆,,,,,ܒܢ̈ܝܟ܂
,,ܒܪܝ,,,,,ܒܪܝ,
,,,ܒܪܝ,,,,,
,,ܒܪܥܬܝܪ̈ܐ,,ܒܪܝܒܪ,,,ܒܪܥܬܝܪ̈ܐ,ܒܪܝܒܪ
,,ܐܟܠ,ܥܕܢܫܒܐܐܪܘܫܦܐܝܡܐܡܢܡܚܫܘ̈ܠܐ܇ܬܪܘܨܐܠܦܟܠܠܡܐܢܐܥܕܠܐܡܫܬܓܫܝܡܐܘܡܬܬܪܝܡܝܢܓ̈ܠܠܘܗܝܘܡܬܛܒܥܐܐܠܦܐܡܢܟܐܡܘ̈ܢܐ܀١٩܆ܒܪܝ܂,,,,ܐܟܠ,
,,,ܥܬܝܪܐ,ܥܬܝܪܐ,,,,ܥܬܝܪܐ
,,,ܐَܟܠ,ܐܟܠ,,,,ܐܟܠ
,,ܚܘܝܐ܂,ܚܘܝܐ܂,ܚܘܝܐܘܐܡܪܝܢ,,,ܚܘܝܐ܂,ܚܘܝܐ܇ܘܐܡܪܟ
,,ܘܐܡܕܠܐܣܝܘܬܐ,ܘܐܡܪܝܢܐܢܫ̈ܝܢ,,,,ܘܐܡܪܝܢ,
,,,ܠܐܣܝܘܬܐ,,,,ܠܐܣܝܘܬܐ,
,,ܐܟܠܗ܂,ܐܟܠܗ܂,,,,ܐܟܠܗ܂,
,,ܘܐܟܠܗܒܪ,ܘܐܟܠ,,,,ܘܐܟܠܗܒܪ,
,,ܡܣܟ̈ܢܐ܂ܘܐܡܪ,ܡܣܟܢܐܘܐܡܪܝܢ,,,,ܡܣܟܢ̈ܐܘܐܡܪܝܢ,
,,ܠܟܦܢܗ,ܠܟܦܢܗ,ܕܠܟܦܢܗ,,,ܕܠܟܦܢܗ,ܕܠܟܦܢܗ
,,ܐܟܠܗ܂܂,ܐܟܠܗ܂,ܐܟܠܗ܆,,,ܐܟܠܗ܂,ܐܟܠ܂
,,ܒܪܝܐܟܘܠ,ܡܛܠܕܟܐܢܐܘܙܕܝܩܐܠܡܚܣܢܡܫܬܟܚܘ(ܡܫܬܟܚܝܢ)܇)܂٢٠܆ܒܪܝܒܛܒܬܐܕܣܢܐܟܠܐܬܚܣܡ܆,ܒܪܝܐܟܘܠ,,,ܒܪܝܐܟܘܠ,ܒܪܝܐܟܘܠ
,,ܡܢܬܟ܂,,ܡܢܬܟ,,,ܡܢܬܟ,ܡܢܬܟ
,,ܘܥܠ,,ܘܥܠ,,,ܘܥܠ,ܘܥܠ
,,ܕܚܒܪܠܐܬܘܫܛܐܝܕܟ܂܂,ܘܒܒܝܫ̈ܬܗܠܐܬܚܕܐ܀,ܚܒܪܟ,,,ܚܒܪ̈ܝܟ̈ܬܣܒܪ܂܂,ܚܒܪܟ
,,,٢١܆,ܬܫܦܪ,,,,ܬܫܦܪ܂
,,ܒܪܝܥܡ,ܒܪܝܥܡ,ܒܪܝܒܛܒ̈ܬܗ,,,ܒܪܝܥܡ,ܒܪܝܒܛܒ̈ܬܗ
,,ܕܠܐܡܬܚܡܨܠܚܡܠܐܬܐܟܘܠ܂ܒܪܝܐܢܚܙܐܐܢܬܣܢܐܟܕܢܦܝܠ܂,ܐܢܬܬܐ,,,,ܡܢܕܠܐܡܬܚܡܬܐܦܠܐܠܚܡܐܠܡܑܟܠ܂܂,
,,,ܦܟܝܢܬܐ,,,,,
,,ܠܐ,ܠܐ,,,,,
,,ܬܗܠܒܗ܂ܕܠܡܐܢܩܘܡܘܢܦܪܥܟ܂܂,ܬܡܠܠ܆ܘܠܐܝܢܐ,,,,,
,,ܒܪܝ,,,,,ܒܪܝ,
,,ܒܛܒܬܗ̈,,,,,ܒܡܝܒܘܬܗܕܣܥܐܝܟ̈ܠܐܬܩܨܦ܂܂,
,,ܕܣܢܐܟܠܐ,,ܕܣܢܐܟܠܐ,,,,ܕܣܢܐܟܠܐ
,,ܬܗܘܐܚܣܡ܂ܘܒܒܝ̈ܫܬܗܠܐ,,ܬܩܨܦ܆,,,,ܐܩܨܦ܆
,,,,ܘܐܦܠܐ,,,ܘܐܦܠܐ,ܘܐܦܠܐ
,,,,ܒܒܝ̈ܫܬܗܬܚܕܐ܆,,,ܒܒܝܫܬܗܬܚܕܐ܂܂,ܒܒܝܬ̈ܬܗـ
,,ܬܚܕܐ܂,,,,,,ܬܚܕܐ܂
,,ܒܪܝܠܐܢܬܬܐܠܫܢܝܬܐܘܦܟܚܬܐ,,ܒܪܝܠܐܬܬܩܪܒ,,,ܒܪܝܠܐܬܬܩܪܒ,ܒܪܝܠܐܬܬܩܪܒ
,,,,ܠܐܢَܬܬܐ,,,ܠܐܢ̄ܬܬܐ,ܠܐܢ̄ܬܬܐ
,,,,ܠܚܘܫܬܢܝܬܐ܆,,,ܠܚܘܫܬܢܝܬܐ,ܠܚܘܫܬܢܝܬܐ܆
,,ܘܠܐܝܕܐ,,ܘܠܐܝܕܐ,,,ܘܠܐܝܕܐ,ܘܠܐܝܕܐ
,,ܕܪܡ,ܕܪܡ,ܕܪܡ,,,ܕܪܡ,ܕܪܡ
,,ܩܠܗܠܐ,ܩܠܗܠܐ,ܩܠܗ܆ܒܪܝܫܘܦܪܗܕܐَܢܬܬܐ,,,ܩܠܗ܂܂,ܩܠܗ܂
,,ܬܬܩܪܒ܂,ܬܬܩܪܒ܆܂܂܂܂܂܂٢٢܆,,,,,
,,,,,,,ܒܪܝܒܬܪܫܘܦܪܐ,ܒܪܝܒܬܪܫܘܦܪܐ
,,,,,,,ܕܐܢ̄ܬܬܐ,ܕܐܢ̄ܬܬܐ
,,,,ܠܐ,,,ܠܐ,ܠܐ
,,,,ܬܐܙܠܘܠܐ,,,ܬܐܙܠܘܠܐ,ܬܐܙܠ܂ܠܐ
,,,,ܬܪܓܗܒܠܒܟ܆,,,ܬܪܓܝܗܒܠܒܟ܂ܡܛܠܕܫܘܦܪܐܕܐܢ̄ܬܬܐ,ܬܪܓܝܗܒܠܒܟ܂ܡܛܠܕܫܘܦܪܐܕܐܢ̄ܬܬܐ
,,ܡܛܠܕܫܘܦܪܗ,,ܡܛܠܕܫܘܦܪܗ,,,,
,,ܕܐܢܬܬܐ,,ܕܐܢَܬܬܐܛܥܡܗ܆,,,,
,,ܛܥܡܗ܂,,,,,ܛܥܡܗ܂,ܛܥܡܗ܂
,,ܘܡܠܬܦܘܡܗ,,ܘܡܠܬܦܘܡܗ,,,ܘܡܠܬܦܘܡܗ,ܘܡܠܬܦܘܡܗ
,,ܗܕܪܗ܂܂,,ܗܕܪܗ܆,,,ܗܕܪܗ܂܂,ܗܕܪܗ܂
,,,ܐܝܟܩܕܫܐ,,,,,
,,,ܕܕܗܒܐܒܐܕܢ̈ܝܗܕܚܙܝܪܬܐ܆,,,,,
,,,ܗܟܢܐ,,,,,
,,,ܐܝܬܝܗܐܢܬܬܐܫܦܝܪܬܐunclearܣܪܝܬܛܥܡܐܘܡܠܬܐ܀٢٣܆,,,,,
,,ܒܪܝܐܢ,ܒܪܝܐܢ,ܒܪܝܐܢ,,,ܒܪܝܐܢ,ܒܪܝܐܢ
,,ܐܪܥܟ,ܐܪܥܠܟܣܐܢܟ,ܐܪܥܟ,,,ܐܪܥܟ,ܐܪܥܢ
,,ܣܢܐܟ,ܒܒܝܫ܆ܐܪܢܝܗܝ,ܣܢܐܟ,,,ܣܢܐܟ,ܣܢܐܟ
,,ܒܒܝܫ܂,ܐܢܬ,ܒܒܝܫܬܐ܆,,,ܒܒܝܫܬܐ܂ܐܪܡ̱ܝܗܝ,ܒܒܝܫܬܐ܆
,,ܐܪܘܥ,ܒܛܒ܆ܘܒܚܟܡܬܐ,ܐܪܘܥ,,,,ܐܪܘܥܝܘܗܝ
,,ܐܢܬܒܛܒ܂܂ܒܪܝܐܢܚܙܐܐ[܂܂],ܡܠܠܥܡܗ܀,ܐܢَܬܒܚܟܡܬܐ܆,,,ܐܢ̄ܬ,ܐܢ̄ܬ
,,,܂܂܂܂܂܂٢٤܂ܒܪܝ܂,,,,ܒܚܟܡܬܐ܂܂,ܒܚܟ̱ܡܬܐ܂
,,,,ܒܪܝܐܢ,,,ܒܪܝܐܢ,ܒܪܝܐܢ
,,,ܚܟܝܡܐ,,,,,
,,,ܐܢ,,,,,
,,,,ܢܦܠ,,,ܢܦܠ,ܢܦܠ
,,,,,,,,
,,,ܢܦܠ,,,,,
,,,,ܥܘܠܐܘܠܐ,,,ܥܘܠܐܘܠܐ,ܥܘܠܐܘܠܐ
,,,ܘܡܬܟܪܗ܆ܦܫܝܩܠܗܠܐܣܝܐܕܢܥܨܒܝܘܗܝ܂,ܩܐܡ܆,,,ܩܐܡܡܐܢܐܠܐܡܬܬܙܝܥ܂,ܩܐܡ܂
,,,ܘܣܟܠܐ,ܘܟܐܢܐܠܐܡܬܬܙܝܥ܆,,,,ܘܟܐܢܐܠܐܡܬܬܙܝܥ܆
,,,ܕܢܦܠ܆ܠܝܬܣܡܐܕܢܥܨܘܒܠܚܒܪ̈ܬܗ܀٢٥܆ܒܪܝ܂,ܡܛܠܕܐܠܗܐܥܡܗ,,,ܡܛܠܕܐܠܗܐܥܡܗ,ܡܛܠܕܐܠܗܐܥܡܗ
,,,,ܗَܘ܆,,,ܗܘ܂܂,ܗܘ܂
,,,,ܒܪܝ,,,ܒܪܝ,ܒܪܝ
,,,ܒܪܟܡܢ,ܒܪܟܡܢ,,,ܒܪܟܡܢ,ܒܪܟܡܢ
,,,,ܡܚ̈ܘܢ,,,ܡܚܘܢ,ܡܚܘ̈ܢ
,,,ܡܚܘ̈ܬܐ,,,,,
,,,ܠܐ,ܠܐ,,,ܠܐ,ܠܐ
,,,ܬܟܠܐ܂,ܬܟܠܐ,,,ܬܟܠܐ,ܬܟܠܐ܂
,,,ܡܛܠ,ܡܛܠ,,,ܡܛܠ,ܡܛܠ
,,,,,,,,ܡܚܘ̈ܬܐ
,,,ܕܡܚܘ̈ܬܐܠܛܠܝܐ܆,ܕܡܚ̈ܘܬܐ,,,ܕܡܚ̈ܘ̈ܬ̈ܐ,
,,,,ܠܛܠܝܐ,,,ܠܛܠܝܐ,ܠܛܠܝܐ
,,,ܐܝܟܙܒܠܐ,ܐܝܟܙܒܠܐ,,,ܐܝܟܙܒܠܐ,ܐܝܟܙܒܠܐ
,,,ܠܐܪܥܐ܂,ܠܚܩܠܐ܆,,,ܠܦܪܕܝܣܐ܂,ܠܚܩܠܐ܇
,,,ܘܐܝܟ,ܘܐܝܟ,,,ܘܐܝܟ,ܘܐܝܟ
,,,ܐܣܪܐ,ܐܣܪܐ܆,,,ܐܣܪܐ,ܐܣܪܐ
,,,ܠܚܝܘܬܐܘܐܝܟܙܓܡܐ,,,,ܠܚܡܪ̈ܐܐܘ,
,,,ܠܬܪܥܐ܆٢٦܆,ܠܟܠ,,,ܠܟܠ,ܠܟܠ
,,,ܒܪܝܪܕܝ,ܚܝܘܬܐ,,,ܚܝܘܬܐ,ܚܝܘܬܐ܂
,,,,ܘܐܝܟܚܒܠܐܒܪܓܠܗ,,,ܘܐܝܟܚܒܠܐܒܪܓܠܗ,ܘܐܝܟܚܒܠܐܒܪܓܠܗ
,,,,ܕܚܡܪܐ܆,,,ܕܚܡܪܐ܂,ܕܚܡܪܐ܂
,,,,ܒܪܝܟܒܘܫ,,,ܒܪܝܟܒܘܫ,ܒܪܝܟܒܘܫ
,,,ܒܪܟ,ܒܪܟ,,,ܒܪܟ,ܒܪܟ
,,,ܘܢܢܝܚܟ܂,,,,,
,,,ܘܟܒܫ,,,,,
,,,ܡܬܢܬ̈ܗحٍالبَيهِܙܓܡܐܙܘܓܡܐ)(عارضةالباب,,,,,
,,,ܥܕܗܘ,ܥܕܗܘ,,,ܥܕܗܘ,ܥܕܗܘ
,,,ܛܠܐ܂,ܙܥܘܪ܂,,,ܙܥܘܪ,ܙܥܘܪ܂
,,,ܕܠܡܐ,ܥܕܠܐ,,,ܥܕܠܐ,ܥܕܠܐ
,,,ܢܥܫܢ,ܢܥܫܢ,,,ܢܥܫܢ,ܢܥܫܢ
,,,,ܡܢܟ,,,ܡܢܟ,ܡܢܟ
,,,ܘܢܡܪܕ,ܘܢܡܪܕ,,,ܘܢܡܪܕ,ܘܢܡܪܕ
,,,ܡܢܟ܂ܘܢܫܢܩܟ܂ܘܒܣܘܪ̈ܚܢܘܗܝ,ܥܠܝܟ܆,,,ܥܠܝܟ܂,ܥܠܝܟ܆
,,,,ܘܒܟܠܣܘܪ̈ܚܢܘܗܝ,,,ܘܒܟܠܣܘܪ̈ܚܢܘܗܝ,ܘܒܟܠܣܘܪ̈ܚܢܘܗܝ
,,,ܬܬܢܟܦ܂,ܬܬܢܟܦ,,,ܬܬܢܟܦ܂܂,ܬܬܢܟܦ܂
,,,ܘܒܟܢܘܫ̈ܬܐ,,,,,
,,,ܢܪܟܢܪܝܫܟ܀,,,,,
,,,٢٧܆,ܒܪܝܩܢܝܬܘܪܐ,,,ܒܪܝܩܢܝܬܘܪܐ,ܒܪܝܩܢܝܬܘܪܐ
,,,,ܕܬܪܒܥ,,,ܕܡܪܒܠܘܚܡܖܐܕܦܪܣܬܢ܂,ܕܬܪܒܥ܆
,,,,ܘܚܡܪܐܕܦܪܣܬܢ܆,,,,ܘܚܡܪܐܕܦܪܣܬܢ܆
,,,,ܘܠܐ,,,ܘܠܐ,ܘܠܐ
,,,,ܬܩܢܐ,,,ܬܩܢܐ,ܬܩܢܐ
,,,,ܥܒܕܐ,,,ܥܒܕܐ,ܥܒܕܐ
,,,,ܥܪܘܩܐ܆,,,ܥܖܘܩܐ,ܥܪܘܩܐ
,,,,ܘܐܡܬܐ,,,ܘܐܡܬܐ,ܘܐܡܬܐ
,,,,ܓܢܒܬܐ܆,,,ܓܢܒܬܐ,ܓܢܒܬܐ܂
,,,,ܥܠܕܠܐ,,,ܥܠܕܠܐ,ܥܠܕܠܐ
,,,,ܟܠܡܕܡܕܩܢܝܬ,,,ܘܟܠܡܕܡܕܩܢܬ,ܟܠܡܕܡܕܩܢܝܬ
,,,,ܡܘܒܕܝܢ,,,ܡܘܒܕܝܢ,ܡܘܒܕܝܟ
,,,,ܠܗ,,,ܠܗ,ܠܗ
,,,,ܡܢܟ܆,,,ܡܢ܂܂,ܡܢܟ܂
,,,ܒܪܝ,ܒܪܝܡܠܝ̈,,,ܒܪܝܡܠܝ̈,ܒܪܝܡܠܝ̈
,,,ܡ̈ܠܝܐܢ̈ܫܐ,ܐَܢܫ̈ܐܕܓܠ̈ܐܐܝܟܣܦܪ̈ܐܫܡ̈ܝܢܢ܆,,,ܐ̄ܢܫܐܕܓܠܐ܂,ܐܢܫ̈ܐ
,,,ܕܓ̈ܠܐ,,,,,ܕܓ̈ܠܐ
,,,ܘܣܟ̈ܠܐ܆,,,,,
,,,ܐܝܟܨܦܪ̈ܐ,,,,ܐܝܟܨܦܪ̈ܐ,ܐܝܟܨܦܪ̈ܐ
,,,ܕܦܪ̈ܚܢܒܐܐܪܘܫܡܝ̈ܢܢ܆,,,,ܫܡܝܢܢ̈,ܫܡܝܢ̈ܟ܂
,,,ܘܡܢܕܠܝܬ,ܘܡܢܕܠܝܬ,,,ܘܡܢܕܠܝܬ,ܘܡܢܕܠܝܬ
,,,ܒܗܠܒܐ,ܠܗܠܒܐ,,,ܠܗܠܒܐ,ܠܗܠܒܐ
,,,ܐܟܠ,ܐܟܠ,,,ܐܟܠ,ܐܟܠ
,,,ܠܗܝܢ܂,ܠܗܝܢ܆ܒܪܝܠܘ̈ܛܬܐ,,,ܠܗܝܢ܂܂ܒܪܝܠܘܛܬܐ,ܠܗܝܢ܂
,,,ܘܕܠܐܩܢܐܒܘܝܢܐܡܬܬܦܝܣܠܡ̈ܠܝܗܘܢ܀٢٨܆ܒܪܝܠܘܛ̈ܬܗ,,,,,ܒܪܝܠܘܛ̈ܬܐ
,,,ܕܐܡܟ,ܕܐܒܘܟ,,,ܕܐܒܘܟ,ܕܐܒܘܟ
,,,ܘܐܒܘܟ,ܘܕܐܡܟ,,,ܘܕܑܡܟ,ܘܕܐܡܟ
,,,ܥܠܝܟ,ܥܠܝܟ,,,ܥܠܝܟ,ܥܠܝܟ
,,,ܠܐ,ܠܐ,,,ܠܐ,ܠܐܬܬܐ܂
,,,ܬܝܬܐ܂,ܬܝܬܐ܆,,,ܬܝܬܐ܂,
,,,ܕܠܡܐ,,,,ܒܛܒܬܐ̈ܕܒܢܝܟ̈ܠܐܬܚܕܐ܂܂ܒܪܝܒܪ,
,,,ܒܛܒ̈ܬܐ,,,,,ܒܛܒ̈ܬܐ
,,,ܕܒܢ̈ܝܟܠܐ,,,,,ܕܒܢ̈ܝܟܠܐ
,,,ܬܚܕܐ܂ܡܛܠ,,,,,ܬܟܪܐ܂ܒܪܝ
,,,ܡܢܕܡܨܚܐ,,,,,
,,,,,,,,
,,,ܠܐܒܘܗܝܘܠܐܡܗܡܘܬܐ,,,,,
,,,ܢܡܘܬ܆,,,,,
,,,ܘܠܐܠܗܐܡܪܓܙ܂ܘܡܢܕܡܝܩܪܠܐܒܘܗܝ,,,,,
,,,ܘܠܐܡܗ܆,,,,,
,,,ܢܣܓܘܢ,,,,,
,,,,,,,,
,,,ܚܝ̈ܘܗܝ,,,,,
,,,ܥܠܐܐܪܥܐ܂ܘܫܢܘܗ̈ܝ,,,,,
,,,ܒܛܒ̈ܬܐ,ܒܛܒ̈ܬܐ,,,,
,,,ܒܐܝܩܪܐ,ܕܒܢܝ̈ܟܠܐܬܟܪܐ,,,,
,,,ܢܫܠܡ܀,,,,,
,,,٢٩܆ܒܪܝ܂,ܒܪܝ,,,,
,,,,ܒܐܘܪܚܐ,,,ܒܐܘܪܚܐ,
,,,,ܕܠܐܙܝܢܐܠܐ,,,ܕܠܐܙܝܢܐܠܐ,ܕܠܐܙܝܢܐܠܐ
,,,,ܬܐܙܠ܆,,,ܬܐܙܠ,ܬܐܙܠ܂
,,,,ܡܛܠܕܠܐܝܕܥ,,,ܡܛܠܕܠܐܝܕܥ,ܡܛܠܕܠܐܝܕܥ
,,,,ܐܢَܬ,,,ܐܢ̄ܬ,ܐܢ̄ܬ
,,,,ܐܡܬܝܐܪܥܠܟ,,,ܐܡܬܝܐܪܥܠܟ,ܐܡܬܝܐܪܥܠܟ
,,,,ܒܥܠܕܒܒܟ܂,,,ܒܥܠܕܒܒܝܟ̈܂܂,ܒܥܠܕܒܒܟ
,,,,ܒܪܝܐܝܟܡܐܕܗܕܝܪ,,,ܒܪܝܐܝܟܡܐܕܗܕܝܪ,ܒܪܝܐܝܟܡܐܕܗܕܝܪ
,,,,ܐܝܠܢܐ,,,ܐܝܠܢܐ,ܐܝܠܢܐ
,,,,ܒܣܘܟܘ̈ܗܝܘܒܐܒܗ܆,,,ܒܣܘܟܢܘܗܝ̈ܘܒܐܒܗ,ܒܣܘܟ̈ܘܗܝܘܒܐܒܗ܂ܘܒܢܘܗ̈ܝ܂
,,,,ܘܛܘܪܐ,,,ܘܛܘܪܐ,
,,,,ܕܣܢܝܪܒܐܝܠܢ̈ܐ܆,,,ܕܣܥܝܪܒܐܝܠܢ̈ܐ,
,,,,ܗܟܢ,,,ܗܟܢ,
,,,,ܗܕܝܪܓܒܪܐ,,,ܗܕܝܪܓܒܪܐ,
,,,,ܒܐܢَܬܬܐܘܒܢ̈ܘܗܝ܆,,,ܒܐܢ̄ܬܬܐܘܒܒܢܘܗܝ̈܂,
,,,,ܘܓܒܪܐ,,,ܘܓܒܪܐ,ܘܓܒܪܐ
,,,,ܕܐܢَܬܬܐ,,,ܘܐܚܐܘܐܢ̄ܬܬܐܘܐܒ̈ܢܝܐ,ܕܐܢ̄ܬܬܐ
,,,,ܘܒܢ̈ܝܐ,,,,ܘܒܢ̈ܝܐ
,,,,ܠܝܬ,,,ܠܝܬ,ܠܝܬ
,,,,ܠܗ܆,,,ܠܗ,ܠܗ܂
,,,,ܫܝܛ,,,ܫܝܛ,ܫܝܛ
,,,,ܘܒܣܐ,,,ܘܒܣܝܪ,ܘܒܣܐ
,,,,ܩܕܡ,,,ܩܕܡ,ܩܕܡ
,,,,ܒܥܠܕܒܒ̈ܐ܆,,,ܒܥܠܕܒܒܐ܂,ܒܥܠܕܒܒ̈ܐ܂
,,,,ܘܕܡܐܠܐܝܠܢܐܕܥܠܝܕ,,,ܘܕܡܐܠܐܝܠܢܐܕܥܠܝܕ,ܘܕܡܐܠܐܝܠܢܐܕܥܠܝܕ
,,,,ܐܘܪܚܐ܆,,,ܐܘܪܚܐ,ܐܘܪܚܐ
,,,,ܕܟܠ,,,ܕܟܠ,ܕܟܠ
,,,,ܕܥܒܕ,,,ܕܥܒܪ,ܕܥܪܪ
,,,,ܡܢܗ,,,ܡܢܗ,ܡܢܗ
,,,,ܢܣܒ܆,,,ܢܣܒ܂,ܢܣܒ܂
,,,,ܘܟܠܗܚܝܘܬܐ,,,ܘܟܠܝܗܚܘܝܐ,ܘܟܠܗܚܝܘܬܐ
,,,,ܕܕܒܪܐ,,,ܕܕܒܪܐ,ܕܕܒܪܐ
,,,,,,,unclear,ܛܪ̈ܦܘ܂ܗܝܡܬܪܐ܂
,,,,ܛܪ̈ܦܘܗܝ,,,ܛܪ̈ܦܘܗܝ,
,,,,ܡܬܪܐ܆,,,ܡܬܪܐ܂܂,
,,,,ܒܪܝ,,,ܒܪܝ,ܒܪܝ
,,,ܠܐ,ܠܐ,,,ܠܐ,ܠܐ
,,,,,,,ܬ,
,,,ܬܐܡܪ,ܬܐܡܪ,,,ܬܐܡܪ,ܬܐܡܪ
,,,ܕܡܪܝܣܟܠ,ܕܡܪܝܣܟܠ,,,ܡܪܝܣܒܠܐܫܟܚܘܡ܂,ܕܡܪܝܣܟܠ
,,,بلهحمق܆,,,,,
,,,,ܘܐܢܐ,,,,ܘܐܢܐ
,,,ܘܐܢܐ,,,,,
,,,,ܚܟܝܡ,,,,
,,,ܚܟܝܡ܂,,,,,ܚܟܝܡ܂
,,,,ܐܠܐ,,,ܐܠܐ,ܐܠܐ
,,,,ܠܒܘܟܝܗܝ,,,ܠܒܘܟܝܗܒܡܘܡܘܗܝ̈ܘܬܚܟܡ܂܂,ܠܒܘܟܝܗܝ
,,,,ܒܡܘܡܘ̈ܗܝܘܬܬܚܟܡ܇,,,,ܒܡܘܡ̈ܘܗܝܘܬܬܚܟܡ܂
,,,,ܒܪܝܠܐ,,,ܒܪܝܠܐ,ܒܪܝܠܐ
,,,,ܬܚܫܒܢܦܫܟ,,,ܬܚܫܘܒܢܦ̮ܫܟ,ܬܚܫܒܢܦܫܟ
,,,,ܚܟܝܡܐ܆,,,ܚܟܝܡܐ܂,ܚܟܝܡܐ܂
,,,ܟܕ,,,,ܟܕ,
,,,ܐܚܪ̈ܢܐ,,,,ܐܚܪ̈ܢܐ,
,,,ܠܐ,,,,ܠܐ,
,,,ܢܫܒܚܘܢܟ܀,,,,ܚܫܒܟܠܟܚܟܝܡܐ܂܂,
,,,٣٠܆ܒܪܝ܁ܠܐܬܓܠܐܡ̈ܠܝܟ,ܒܪܝܠܐܬܕܓܠ,,,ܒܪܝܠܐܬܕܓܠ,ܒܪܝܠܐܬܕܓܠ
,,,,ܒܡܠܝ̈ܟ,,,,ܒܡܠܝ̈ܟ
,,,ܩܕܡ,ܩܕܡ,,,ܩܕܡ,ܩܕܡ
,,,ܡܪܟ܂,ܡܪܟ܂,,,ܡܪܟ܂,ܡܪܟ܆
,,,ܕܠܡܐ,ܕܠܡܐ,,,ܕܠܡܐ,ܕܠܡܐ
,,,ܬܬܒܣܐ,ܬܬܒܣܪܘܢܐܡܪܠܟܕܙܠ,,,ܬܬܒܣܪܘܢܐܡܪܠܟܕܙܠ,ܬܬܒܣܪܘܢܐܡܪܠܟܕܙܠ
,,,ܡܢ,ܡܢ,,,ܡܢ,ܡܢ
,,,ܥܒܕ̈ܘܗܝ܀܂܂܂܂܂܂٣١܆ܒܪܝ܂,ܩܕܡ,,,ܩܕܡ,ܩܕܡ
,,,ܒܝܘܡܐ,ܥܝܢܝ̈܆,,,ܥܝܢܝ̈܂܂,ܥܝܢ̈ܝ܂ܒܪܝܢܗܘܝ̈ܢܫܪܝܪ̈ܟܡܠ̈ܝܟ܆
,,,ܕܒܝܫ̈ܬܟ܆,ܒܪܝܢܗܘ̈ܝܢ,,,ܒܪܝܢܗܘ̈ܝܢ,
,,,,ܫܪܝܪ̈ܢܡܠܝ̈ܟ܆,,,ܫܪ̈ܝܪܢܡܠܝܟ̈ܕܢܐܡܪ,
,,,,ܘܢܐܡܪ,,,,ܘܢܐܡܪ
,,,,ܠܟܡܪܟܩܪܘܒܠܘܬܝ,,,ܠܟܡܪܟܩܪܘܒܠܘܬܝ,ܠܟܡܪܟܩܪܘܒܠܘܬܝ
,,,,ܘܬܐ܆,,,ܘܬܐ܂܂,ܘܬܐ܂
,,,,ܒܪܝܒܝܘܡ,,,ܒܪܝܒܝܘܡ,ܒܪܝܒܝܘܡ
,,,,,,,ܒܝܫܬܟ,ܒܝܫܬܟ
,,,,ܠܐܬܨܚܐ,,,ܠܐܬܨܚܐ,ܠܐܬܨܚܐ
,,,ܠܐܠܗܐ,ܠܐܠܗܐ,,,ܠܐܠܗܐ,ܠܐܠܗܐ
,,,ܠܐܬܠܘܛ܂,,,,,܆
,,,ܕܠܡܐ,ܕܠܡܐ,,,ܕܠܡܐ,ܕܠܡܐ
,,,ܢܫܡܥ,ܢܫܡܥ,,,ܟܕܢܫܡ̱ܢܟܢܪܓܙܥܠܝܟ܂܂,ܢܫܡܥ
,,,ܡ̈ܠܝܟ,,,,,
,,,,ܘܢܪܓܙ,,,,ܘܢܪܓܙ
,,,ܘܢܪܓܙ,,,,,
,,,,ܥܠܝܟ܆,,,,ܥܠܝܟ܂
,,,ܥܠܝܟ܀,ܒܪܝܠܥܒܕܟܛܒܡܢܚܒܪܗ,,,ܒܪܝܠܥܒܕܟܛܒܡܢܚܒܪܗ,ܒܪܝܠܥܒܕܟܛܒܡܢܚܒܪܗ
,,,٣٢܆ܒܪܝ܂,,,,,
,,,ܥܒܕܟܩܕܡ,,,,,
,,,ܟܢܬܗ,,,,,
,,,ܠܐ,ܠܐ,,,ܠܐ,ܠܐ
,,,ܬܪܚܡ܂,ܬܛܐܒ,,,ܬܛܐܒ܂,ܬܛܐܒ܂
,,,ܡܛܠܕܠܐܝܕܥ,ܡܛܠܕܠܐܝܕܥ,,,ܡܛܠܕܠܐܝܕܥ,ܡܛܠܕܠܐܝܕܥ
,,,ܐܢܬ,ܐܢَܬ,,,ܐܢ̄ܬ,ܐܢ̄ܬ
,,,ܐܝܢܐ,ܐܝܢܐ,,,ܐܝܢܐ,ܐܝܢܐ
,,,unclear,,,,,
,,,ܡܢܗܘܢ,ܡܢܗܘܢ,,,ܡܢܗܘܢ,ܡܢܗܘܢ
,,,ܡܬܒܥܐܠܟ,ܡܬܪܢܐ,,,ܡܬܒܥܐܠܟ,ܡܬܪܥܐ
,,,ܠܚܪܬܐ܀,ܠܟ,,,ܠܚܪܬܐܒܪܝܟܠܒܐܕܫܒܩܡܪܗܝܘܐܬܐܒܬܪܟܟܠܟܐܦܐܡܚܘܗܝ܂܂ܒܪܝܓܙܖ̈ܐ,ܠܟ
,,,٣٣܆ܒܪܝ܂ܥܒܕܐܕܫܒܩܡܪ̈ܘܗܝܩܕܡܝ̈ܐܘܐܙܠܒܬܪܐܚܪ̈ܢܐܠܐܟܫܪ܀٣٤܆ܒܪܝ܂ܢܩܝܐܕܣܓܢܕܣ̈ܐܓܝܢܗ̈ܠܟܬܗ,ܒܚܪܬܐ܆,,,,ܒܚܪܬܐ܂
,,,,,,,ܕܣܓܝܐ̈ܢ,
,,,,ܒܪܝܟܠܒܐܕܫܒܩܡܪܗܘܐܬܐܒܬܪܟܫܩܘܠ,,,ܐܘܪ̈ܚܬܗ܂ܡܝܬܐ,ܒܪܝܟܠܒܐܕܫܒܩܡܪܗܘܐܬܐܒܬܪܟܫܩܘܠ
,,,,ܟܐ̈ܦܐܡܚܝܘܗܝ܆,,,,ܒܐܦ̈ܐܡܚܘܗܝ܂
,,,,ܒܪܝܓܙܪܐ,,,,ܒܪܝܓܙܪܐ
,,,,,,,,ܕܣܓܝܐ̈ܢ
,,,,ܕܣܓܝ̈ܐܢ,,,,
,,,,ܐܘܪ̈ܚܬܗ,,,,ܐܘܪ̈ܚܬܗ
,,,ܡܢܬܐ,ܡܢܬܐ,,,,ܡܢܬܐ
,,,ܕܕܐܒ̈ܐ,ܕܕܐܒ̈ܐ,,,ܕܕܐܒ̈ܐ,ܕܕܐܒ̈ܐ
,,,ܗܘܝܐ(مثلديبا)٣٥܆,ܐܝܬܘܗܝ܆,,,ܐܝܬܘܗܝ܂܂,ܐܝܬܘܗܝ܂
,,,ܒܪܝܕܘܢܕܝܢܐ,ܒܪܝܕܘܢܕܝܢܐ,,,ܒܪܝܕܘܢܕܝܢܐ,ܒܪܝܕܘܢܕܝܢܐ
,,,ܬܪܝܨܐ܂أحسنܕܣܝܒܘܬܐܕܢܝܚܐܬܕܒܪ܀٣٦܆ܒܪܝ܂ܐܚܠܐܠܫܢܟ܂,ܬܪܝܨܐ,,,ܬܪܝܨܐ܆,ܬܪܝܨܐ
,,,ܘܐܛܐܒ,ܒܛܠܝܘܬܟ,,,ܒܛܠܝܘܬܟ,ܒܛܠܝܘܬܟ܆
,,,,ܕܒܣܝܒܘܬܟ,,,ܘܒܣܝܒܘܬܟ,ܕܒܣܝܒܘܬܟ
,,,,ܐܝܩܪܐܢܗܘܐ,,,ܐܝܩܪܐܢܗܘܐ,ܐܝܩܪܐܢܗܘܐ
,,,,ܠܟ܆,,,ܠܟ܂܂,ܠܟ܂
,,,,ܒܪܝܐܚܠܐܠܫܢܟ,,,ܒܪܝܐܚܠܐܠܫܢܟ,ܒܪܝܐܚܠܐܠܫܢܟ
,,,,ܘܐܛܥܡ,,,ܘܐܛܠܡ,ܘܐܛܥܡ
,,,ܡܦܬܚ,ܡܦܬܚ,,,ܡܦܬܚ,ܡܦܬܚ
,,,ܦܘܡܟ܂,ܦܘܡܟ,,,ܦܘܡܟ,ܦܘܡܟ܂
,,,ܡܛܠܕܕܘܢܒܗ,ܡܛܠܕܕܘܢܒܗ,,,ܡܛܠܕܕܘܢܒܗ,ܡܛܠܕܕܘܢܒܗ
,,,ذث,,,,,
,,,ܕܟܠܒܐ,ܕܟܠܒܐ,,,ܕܟܠܒܐ,ܕܟܠܒܐ
,,,ܝܗܒܐ,,,,,
,,,ܠܗܠܚܡܐ܂,,,,,
,,,ܘܦܘܡܗ,,,,,
,,,ܝܗܒ,ܝܗܒ,,,ܝܗܒ,ܝܗܒ
,,,ܠܗ,ܠܗܠܚܡܐܘܦܘܡܗ,,,ܠܗܠܚܡܐܘܦܘܡܗ,ܠܗܠܚܡܐܘܦܘܡܗ
,,,ܡܚܘ̈ܬܐ܀٣٧܆ܒܪܝ܂,ܡܚ̈ܘܢ,,,ܡܚ̈ܘܢ܂܂ܒܪܝܠܕܬܫܒܘܩܠܚܒܪܟ܇,ܡܚܘ̈ܢ܂ܒܪܝ
,,,,ܒܪܝ,,,,
,,,ܠܐܬܫܒܘܩ,ܠܐܬܫܒܘܩ,,,,ܠܐܬܫܒܘܩ
,,,ܠܚܒܪܟ,ܠܚܒܪܛ,,,,ܠܚܒܪܟ
,,,ܕܕܪܟܥܠ,ܕܕܪܟܥܠ,,,ܕܕܪܟܥܠ,ܕܕܪܟܥܠ
,,,ܪܓܠܟ܂,ܪܓܠܟ܆,,,ܪܓܠܟ܂,ܪܓܠܟ܆
,,,ܕܠܡܐ,ܕܕܠܡܐ,,,ܕܕܠܡܐ,ܕܕܠܡܐ
,,,ܢܕܪܘܟ,ܢܕܪܘܟ,,,ܢܕܪܘܟ,ܢܕܪܘܟ
,,,ܐܦܥܠ,ܥܠ,,,ܥܠ,ܥܠ
,,,ܨܘܪܐ܀٣٨܆ܒܪܝ܂,ܨܘܪܟ܆,,,ܨܘܪܟ܂܂,ܨܘܪܟ܂
,,,,ܒܪܝ,,,ܒܪܝ,ܒܪܝ
,,,ܡܚܝܠܓܒܪܐܚܟܝܡܐ,ܡܚܝܠܓܒܪܐܚܟܝܡܐ,,,ܡܚܝܠܓܒܪܐܚܟܝܡܐ,ܡܚܝܠܓܒܪܐܚܟܝܡܐ
,,,ܒܡ̈ܠܐܕܚܟܡܬܐ܂,ܒܡܠܬܐ,,,ܒܡܠܬܐ,ܒܡܠܬܐ
,,,,ܚܟܝܡܬܐ܆,,,ܚܟܝܡܬܐ,ܚܟܝܡܬܐ܇
,,,ܘܬܗܘܐ,ܘܬܗܘܐ,,,ܘܬܗܘܐ,ܘܬܗܘܐ
,,,ܕܝܢ,,,,,
,,,ܒܠܒܗܐܝܟ,ܒܠܒܗܐܝܟ,,,ܒܠܒܗܐܝܟ,ܒܠܒܗܐܝܟ
,,,ܐܫܬܐ,ܐܫܬܐ,,,ܐܫܥܐܪܒܝܩܬܐ,ܐܫܬܐ
,,,ܕܩܝܩܬܐ܀٣٩܆ܒܪܝ܆,ܪܩܝܩܬܐ܆ܐܢ,,,,ܪܩܝܩܬܐ܂ܐܢ
,,,ܘܐܢ,,,,ܘܐܢ,
,,,ܬܡܚܐܠܓܒܪܐܣܟܠܐ,ܬܡܚܐܠܓܒܪܐܣܟܠܐ,,,ܬܡܚܐܠܓܒܪܐܣܟܠܐ,ܬܡܚܐܠܓܒܪܐܣܟܠܐ
,,,ܚܘܛܪ̈ܐܣܓܝ̈ܐܬܐ܆,ܪ̈ܒܘܚܘܛܪ̈ܝܢܠܐܝܕܥ܆,,,ܪܒܘܚܘܛܪ̈ܝܟ,ܪܒܘܚܘܛܪ̈ܝܟ
,,,ܠܐ,,,,ܠܐ,ܠܐ
,,,ܡܬܚܟܡ܀٤٠܆ܒܪܝܠܐܬܠܦܠܣܟ̈ܠܐܡ̈ܠܐܕܚܟܡܬܐ܂ܡܛܠܕܐܝܟ,,,,ܝܕܥ܂܂,ܝܕܥ܂
,,ܐܢܫ,ܐܢܫ,ܒܪܝ,,,ܒܪܝ,ܒܪܝ
,,,ܕܡܕܒܩܚܨܦ̈ܐܐܝܬܘܗܝܗܘܕܡܠܦܠܣܟܠܐ܂ܘܡ̈ܠܝܟܫܕܐܠܗܝܢܐܝܟܕܒܪܘܚܐ܀٤١܆ܒܪܝ܆,ܫܕܪܠܓܒܪܐܕܠܐ,,,ܫܕܪ̈ܠܓܒܪ̈ܐܚܟܝܡ̈ܐ,ܫܕܪܠܓܒܪܐܕܠܐ
,,,ܐܢܡܫܕܪܐܢܬ,,,,,
,,,ܚܟܝܡܐܒܐܘܪܚܐ܆,,,,,
,,,ܠܐ,,,,,
,,,ܬܣܓܐ,ܬܣܓܐ,,,ܬܣܓܐ,ܬܣܓܐ
,,,ܠܡܦܩܕܘܬܗ܁,ܠܡܦܩܕܘܬܗܘܢ܆,,,ܠܡܦܩܕܘܬܗܘܢ,ܠܡܦܩܕܘܬܗܘܢ܂
,,,ܘܐܢܣܟܠܐܡܫܕܪ,ܘܐܢܣܟܠܐܡܫܕܪ,,,ܘܐܢܣܟܠܐܡܫܕܪ,ܘܐܢܣܟܠܐܡܫܕܪ
,,,ܐܢܬ܆,ܐܢَܬ,,,ܐܢ̄ܬ܂ܐܢ̄ܬܒܢܦ̱ܫܟ,ܐܢ̈ܬ
,,,,ܒܢܦܫܟ,,,,ܒܢܦܫܟ
,,,,,,,,
,,,ܒܩܢܘܡܟ,,,,,
,,,ܙܠ,ܙܠ,,,ܙܠ,ܙܠ
,,,ܐܢܬ,,,,,
,,,,ܘܠܐ,,,ܘܠܐ,ܘܠܐ
,,,ܒܬܪܗ܀٤٢܆ܒܪܝ܂,ܬܫܕܪ܆,,,ܬܫܕܪ܆,ܬܫܕܪ܂
,,,ܐܠܦܒܪܟܝܘܠܦܢܐܘܡܪܕܘܬܐ܂ܘܐܠܦܝܗܝ,ܒܪܝܢܣܐܠܚܒܪܟ,,,ܒܪܝܢܣܐܠܚܒܪܟ,ܒܪܝܢܣܐܠܚܒܪܟ
,,,ܡܛܟܣܘܬܐ܂,ܒܠܚܡܐ,,,ܒܠܚܡ̈ܐܘܡܝ̈ܐ܂,ܒܠܚܡܐ
,,,,ܘܚܡܪܐ,,,,ܘܚܡܪܐ܆
,,,ܘܗܝܕܝܢ,ܘܗܝܕܝܢ,,,ܘܗܝܕܝܢ,ܘܗܝܕܝܢ
,,,ܫܒܘܩ,ܐܫܠܡ,,,ܐܫܠܡ,ܐܫܠܡ
,,,ܒܐܝܕ̈ܘܗܝ,ܒܐܝܕܘ̈ܗܝ,,,ܒܐܝܕܘܗ̈ܝܢܟܣܝܟ̈ܘܩܢܝܢ̈ܝܟ܂܂,ܒܐܝܕ̈ܘܗܝ
,,,ܢܟܣ̈ܝܟ,ܢܟܣ̈ܝܟ,,,,ܢܟܣܝ̈ܟܘܩܢܝܢ̈ܝܟ܂
,,,ܘܩܢܝܢܟ܀٤٣܆ܒܪܝ܂ܡܢܡܫܬܘܬܐ܆ܩܕܡܝܐܦܛܪ܆,ܘܩܢܝܢ̈ܝܟ܀,,,,
,,,,ܒܪܝ,,,ܒܪܝ,ܒܪܝ
,,,,ܡܢܡܫܬܘܬܐ,,,ܡܢܡܫܬܘܬܐ,ܡܢܡܫܬܘܬܐ
,,,,ܩܕܡܝܐ,,,ܩܕܡܝܬܐ,ܩܕܡܝܐ
,,,,ܦܘܩ܆,,,ܦܘܩ܂,ܦܘܩ܂
,,,ܘܠܐܬܩܘܐܠܡܡܫܚ,ܘܠܐܬܩܘܐܠܡܡܫܚ,,,ܘܠܐܬܩܘܐܠܡܡܫܚ,ܘܠܐܬܩܘܐܠܡܡܫܚ
,,,ܡܫܚܢ̈ܝܢܒܣܝܡܝܢ,ܡܫ̈ܚܐܒܣ̈ܝܡܐ܆,,,ܡܫܚܢ̈ܐܒܣܝܡ̈ܐ܂,ܡܫܚܢ̈ܐܒܣܝܡ̈ܐ܂
,,,ܕܠܡܐ,ܕܠܡܐ,,,ܕܥܡܐ,ܕܠܡܐ
,,,ܢܗܘ̈ܝܢ,ܢܗܘܘܢܠܟ,,,ܢܗܘ̈ܝܢ,ܢܗܘܘܢܠܟ
,,,ܠܟ,ܨܘ̈ܠܦܬܐ܆,,,ܨܘ̈ܠܦܬܐ܂,ܨܘܠܦܬ̈ܐ܂
,,,ܨܘܠܦ̈ܬܐ,ܒܪܝܡܢ,,,ܒܪܝܡܢ,ܒܪܝܡܢ
,,,ܒܪܝܫܟ܀,,,,,
,,,٤٤܆ܒܪܝ܆,,,,,
,,,ܠܡܢ,,,,,
,,,ܕܘܘܕܐܘܠܡܢ,,,,,
,,,ܘܝܐ܂,,,,,
,,,ܘܠܡܢܨܘܠܦܬܐܘܡܨܘ̈ܬܐܘܚܪ̈ܝܢܐ܂ܐܠܐ,,,,,
,,,ܠܐܝܠܝܢܕܡܘܚܪܝܢ,,,,,
,,,ܘܠܡܣܓܐܝܘ,,,,,
,,,ܠܡܫܬܐܚܡܪܐ܂ܘܠܐܝܠܝܢ,,,,,
,,,ܕܡܥܩܒܝܢܐܝܟܐ,,,,,
,,,ܕܐܝܬܡܫܬܝܐ܀,,,,,
,,,܂܂܂܂܂܂܂٤٥܆ܒܪܝ܂,,,,,
,,,,ܕܐܝܕܗܡܠܝܐ,,,ܕܐܝܕܗܡܠܝܐ,ܕܐܝܕܗܡܠܝܐ
,,,,ܡܬܩܪܐ,,,ܡܬܩ̱ܪܐ,ܡܬ܂ܩܪܐ
,,,,ܚܟܝܡܐ܆,,,ܚܟܝܡܐ܂,ܚܟܝܡܐ܂
,,,,ܘܡܢܕܐܝܕܗ,,,ܘܡܢܕܐܝܕܗ,ܘܡܢܕܐܝܕܗ
,,,,ܣܦܝܩܐ,,,ܣܦܝܩܐ,ܣܦܝܩܐ
,,,,ܡܬܩܪܐ,,,ܡܬܩܪܐ,ܡܬܩܪܐ
,,,,ܣܟܠܐ,,,ܣܟܠܐ,ܣܟܠܐ܂ܕܐܢܫܐܡܣܟ̈ܢܐܠܐܡܝܩܪܝܟܠܗ܂
,,,,ܕܐَܢܫܐܡܣܟܢܐ,,,ܕܐ̄ܢܫ̈ܐܠܐܡܩܪܝܢܠܗ܂܂,
,,,,ܠܐܡܝܩܪܝܢ,,,,
,,,,ܠܗ܆,,,,
,,,,ܒܪܝܐܟܠܬ,,,ܒܪܝܐܟܠܬ,ܒܪܝܐܟܠܬ
,,,,ܕܡܪܝܪ̈ܢ܆,,,ܕܡܪܝܪܢ,ܕܡܪܝܪ̈ܢ܆
,,,,ܘܒܠܥܬ,,,ܘܒܠܥܬ,ܘܒܠܥܬ
,,,,ܕܥܠܘܒܢ܇,,,ܕܥܠܘܩܝ̈ܢ,ܕܥܠܘܩ̈ܢ܆
,,,,ܘܠܐ,,,ܘܠܐ,ܘܠܐ
,,,,ܐܫܟܚܬ,,,ܐܫܟܚܬ,ܐܫܟܚܬ
,,,,ܕܡܪܝܪܡܢ,,,ܕܡܪܝܪܡܢ,ܕܡܪܝܪܡܢ
,,,,ܡܣܟܢܘܬܐ,,,ܡܣܟܢܘܬܐ܂܂,ܡܣܟܢܘܬܐ܂
,,,,ܒܪܝ,,,ܒܪܝ,ܒܪܝ
,,,ܛܥܢܬ,ܛܥܢܬ,,,ܛܥܢܬ,ܛܥܢܬ
,,,ܦܪܙܠܐ,,,,,
,,,,ܐܒܪܐ,,,ܐܒܪܐ,ܐܒܪܐ
,,,ܘܗܦܟܬ,ܘܐܗَܦܟܬܦܪܙܠܐ܆,,,ܘܐܚܦܟܬ,ܘܬܗܦܟܬܦܪܙܠܐ܂ܠܐ
,,,,,,,ܦܪܙܠܐ,
,,,ܟܐܦ̈ܐ,,,,,
ܐܒܪܐ,,,,,,,,
ܘܦܪܙܠܐܥܡ,,,ܘܠܐ,ܘܠܐ,,,ܘܠܐ,
,,,ܝܩܪ,ܝܩܪ,,,ܝܩܪ,ܝܩܪ
,,,ܥܠܝ,ܥܠܝܟ,,,ܥܠܝ,ܥܠܝ
,,,ܐܝܟ,ܐܝܟ,,,ܐܝܟ,ܐܝܟ
,,,ܓܒܪܐܕܝܬܒ,ܚܘܒܬܐ,,,ܚܘܒܬܐ,ܚܘܒܬܐ܂
,,,,ܕܢܚܘܒ,,,ܕܢܚܘܒ,ܕܢܚܘܒ
,,,,ܐَܢܫ܆,,,ܐ̄ܢܫ,ܐܢܫ
,,,ܒܝܬ,ܕܠܐܐܟܠܘܠܐ,,,ܕܠܐܐܟܠܘܠܐ,ܕܠܐܐܟܠܘܠܐ
,,,ܚܡܗ̈ܘܗܝ܀٤٦܆ܒܪܝ܂,ܐܫܬܝ܆,,,ܐܫܬܝ܂܂,ܐܫܬܝ܂ܒܪܝ
,,,,ܒܪܝ,,,ܒܪܝ,
,,,ܐܠܦܒܪܟܟܦܢܐ,ܐܠܦܒܪܟܟܦܢܐ,,,ܐܠܦܒܪܟܟܦܢܐ,ܐܠܦܒܪܟܟܦܢܐ
,,,ܘܨܗܝܐ܂,ܘܨܗܝܐ,,,ܘܨܗܘܐ܂,ܘܨܗܝܐ܂
,,,ܕܐܝܟ,ܘܐܝܟ,,,ܘܐܝܟ,ܘܐܝܟ
,,,ܕܚܙܝܐ,ܕܚܙܝܐ,,,ܕܚܙܝܐ,ܕܚܙܝܐ
,,,ܥܝܢܗ܆ܗܟܢܐ,ܥܝܢܗܗܟܢ,,,ܥܝܢܗܗܟܢ,ܥܝܢܗܗܟܢ
,,,ܢܕܒܪ,ܢܕܒܪ,,,ܢܕܒܪ,ܢܕܒܪ
,,,ܒܝܬܗ܀,ܒܝܬܗ܆,,,ܒܝܬܗ܂܂,ܒܝܬܗ܂
,,,٤٧܆ܒܪܝ܂ܛܒ,ܒܪܝܛܒ,,,ܒܪܝܛܒ,ܒܪܝܛܒ
,,,ܗܘ,,,,,
,,,ܥܘܝܪ,ܥܘܝܪ,,,ܥܘܝܪ,ܥܘܝܪ
,,,ܥܝܢ̈ܐ,ܥܝܢ̈ܐ,,,,ܥܝܢ̈ܐ
,,,ܡܢܥܘܝܪ,ܡܢܥܘܝܪ,,,,ܡܢܥܘܝܪ
,,,ܠܒܐ܂,ܠܒܐ܆,,,,ܠܒܐ܂
,,,ܡܛܠ,,,,,
,,,ܕܥܘܝܪ,,,,,
,,,ܥܝ̈ܢܐ,,,,ܥܝ̈ܢܐ,
,,,ܠܝܓܠܝܓܢܚܠܦ,,,,,
,,,ܐܘܖܚܐ,,,,,
,,,ܘܐܙܠ܂,,,,,
,,,,ܥܘܝܪ,,,,ܥܘܝܪ
,,,,ܥ̈ܝܢܐ,,,,ܥܝܢ̈ܐ
,,,,ܕܝܢ,,,ܕܝܢ,ܕܝܢ
,,,,ܒܥܓܠ,,,ܒܪܓܠ,ܒܥܓܠ
,,,,ܝܠܦܐܘܪܚܐܘܐܙܠ,,,ܝܠܦܐܘܪܚܐܘܐܙܠ,ܝܠܦܐܘܪܚܐܘܐܙܠ
,,,,ܒܗ,,,ܘܐܬܐܒܗ܂,ܒܗ
,,,,ܘܐܬܐ܆ܘܥܘܪ,,,,ܘܐܬܐ܂
,,,ܘܥܘܝܪ,,,,ܘܥܘܝܪ,ܘܥܘܝܪ
,,,ܠܒܐ܆,ܠܒܐ,,,ܠܒܐ,ܠܒܐ
,,,ܫܒܩ,ܫܒܩ,,,ܫܒܩ,ܫܒܩ
,,,ܐܘܪܚܐ,,,,ܐܘܪܚܐ,
,,,ܬܪܝܨܬܐ,ܬܪܝܨܬܐ,,,ܬܪܝܨܬܐ܂,ܬܪܝܨܬܐ
,,,ܘܐܙܠ,ܘܐܙܠ,,,ܘܐܙܠ,ܘܐܙܠ
,,,ܒܡܥܩܡܬܐ܀٤٨܆ܒܪܝ܂ܛܒ,ܒܡܥܩܡܬܐ܆,,,ܒܡܥܩܡܬܐ,ܒܡܥܩܡܬܐ܂
,,,ܪܚܡܐ,ܒܪܝܛܒܫܒܒܐ,,,ܒܪܝܛܒܫܒܒܐ,ܒܪܝܛܒܫܒܒܐ
,,,ܕܩܪܝܒ܆,ܕܩܪܝܒ,,,ܕܩܪܝܒ,ܕܩܪܝܒ
,,,ܡܢܐܚܐ,ܡܢܐܚܐ,,,ܡܢܐܚܐ,ܡܢܐܚܐ
,,,ܕܪܚܝܩ܀٤٩܆,ܕܪܚܝܩ܆,,,ܕܪܚܩ܂ܛܒ,ܕܪܚܝܩ܂
,,,,ܘܛܒ,,,,ܘܛܒ
,,,,ܫܡܐܛܒܐܡܢ,,,ܫܡܐܛܒܐܡܢ,ܫܡܐܛܒܐܡܢ
,,,,ܫܘܦܪܐ܆,,,ܫܘܦܪܐ܂,ܫܘܦܪܐ܂
,,,,ܡܛܠܕܫܡܐ,,,ܡܛܠܕܫܡܐ,ܡܛܠܕܫܡܐ
,,,ܛܒܐ,ܛܒܐ,,,ܛܒܐ,ܛܒܐ
,,,,ܩܐܡ܆,,,ܩܐܡ,ܩܐܡ܂
,,,,ܘܫܘܦܪܐ,,,ܘܫܘܦܪܐ,ܘܫܘܦܪܐ
,,,,ܡܬܚܒܠ܆ܒܪܝܛܒܗَܘ,,,ܡܬܚܒܠ܂܂ܒܪܝܛܒ,ܡܬܚܒܠ܂ܒܪܝܛܒܘ
,,,,ܡܘܬܐ,,,ܡܘܬܐ,ܡܘܬܐ
,,,,ܡܢ,,,ܡܢ,ܡܢ
,,,,ܚܝ̈ܐܠܓܒܪܐ,,,ܘܡܢܚܝܐ,ܚܝ̈ܐܠܓܒܪܐ
,,,,ܕܢܚܫܐ,,,,ܕܢܝܚܐ
,,,,ܠܝܬ,,,,ܠܝܬ
,,,,ܠܗ܆,,,,ܠܗ܂
,,,,ܘܛܒܩܠܐ,,,,ܘܛܒܩܠܐ
,,,,ܕܐܘ̈ܠܝܬܐ,,,,ܕܐܘܠܝܬ̈ܐܠܓܒܪܐ
,,,,ܠܓܒܪܐ,,,ܠܓܒܪܐ,
,,,,ܕܐܝܬܒܗ,,,ܕܐܝܬܒܗ,
,,,,ܠܒܐ܆,,,ܠܒܐ,
,,,,,,,,
,,,,ܡܢ,,,ܡܢ,
,,,,ܩܠܐ,,,ܩܠܐ,
,,,,,,,,
,,,,,,,,ܕܐܝܬܒܗܠܒܐ܂ܡܢ
,,,,,,,,ܩܠܐ
,,,,ܕܙܡܪܐ,,,ܕܙܡܪܐ,ܕܙܡܪܐ
,,,,ܘܕܚܕܘܬܐ܆,,,ܡܢܚܕܘܬܐ܂܂,ܘܕܚܕܘܬܐ܂
,,,,ܛܒ,,,,
,,,,,,,ܒܪܝܛܒܐ,ܒܪܝܛܒܐ
,,,,ܗَܝܟܪܟܐ,,,ܗܝ,ܗ̄ܝܒܪܟܐ
,,,ܟܪܥܐ,,,,ܟܪܥܐ,
,,,ܒܐܝܕܟ,ܕܐܝܕܟ,,,ܕܐܝܕܟ,ܕܐܝܕܟ
,,,,,,,,ܟܪܥܐ
,,,ܡܢ,,,,,
,,,,ܡܢ,,,ܡܢ,ܡܢ
,,,ܘܙܐ,ܘܙܐ,,,ܘܙܐ,ܘܙܐ
,,,ܕܒܩܕܪܐ,ܒܩܕܪܐ,,,ܒܩܕܪܐ,ܒܩܕܪܐ
,,,ܕܐܚܪܢܐ܂ܘܛܒܐ,ܕܐَܚܪ̈ܢܐ܆,,,ܕܐܚܪܢܐ܂܂,ܕܐܚܪ̈ܢܐ܂
,,,,ܒܪܝܛܒܐ,,,ܒܪܝܛܒܐܗ̄ܝ,ܒܪܝܛܒܐܗ̄ܝ
,,,,ܗَܝ,,,,
,,,ܢܩܝܐ,ܢܩܝܐ,,,ܢܩܝܐ,ܢܩܝܐ
,,,ܕܩܪܝܒܐ,ܕܩܪܝܒܐ,,,ܕܩܪܝܒܐ,ܕܩܪܝܒܐ
,,,ܡܢܬܘܪܐ,ܡܢܬܘܪܐ,,,ܡܢܬܘܪܐ,ܡܢܬܘܪܐ
,,,ܕܪܚܝܩ܂,ܕܪܚܝܩ,,,ܕܪܚܝܩ܂,ܕܪܚܝܩ܂
,,,ܘܛܒܐ,ܘܛܒܐ,,,ܘܛܒܐ,ܛܒܐܗ̄ܝ
,,,ܨܦܪܐ,ܨܦܪܐ,,,ܨܦܪܐ,ܨܦܪܐ
,,,ܒܐܝܕܟ,ܕܒܐܝܕܝ̈ܟ,,,ܕܒܐܝܕܟܡܢܐܠܦܝܢ,ܕܒܐܝܕ̈ܝܟ
,,,ܡܢܐܠܦ,ܡܢܐܠܦ,,,,ܡܢܐܠܦ
,,,ܨܦܪ̈ܝܢ,ܨܦܪ̈ܝܢ,,,ܨܦܪ̈ܝܢ,ܨܦܪ̈ܝܢ
,,,ܕܦܪ̈ܚܢ,ܕܦܪ̈ܚܢ,,,ܕܦܪܚܝܢܒܐܐܪ܂܂,ܕܦܪ̈ܝܟ
,,,ܒܐܐܪ܂,ܒܐܐܪ܆,,,,ܒܐܐܪ܂
,,,ܘܛܒܬܐ,ܒܪܝܛܒܐ,,,ܒܪܝܛܒܐ,ܒܪܝܛܒܐ
,,,,ܗَܝ,,,ܗ̄ܝ,ܗ̄ܝ
,,,ܡܣܟܢܘܬܐ,ܡܣܟܢܘܬܐ,,,ܡܣܟܢܘܬܐ,ܡܣܟܢܘܬܐ
,,,ܕܡܟܢܫܐ܆,ܕܡܟܢܫܐ,,,ܕܡܟܢܫܐ,ܕܡܥܢܫܐ܁
,,,ܡܢܥܘܬܪܐ,ܡܢܥܘܬܪܐ,,,ܡܢܥܘܬܪܐ,ܡܢܥܘܬܪܐ
,,,ܣܓܝܐܐܕܡܒܕܪ܀,ܕܡܒܕܪܘܬܐ܆,,,ܕܡܒܕܪ܇,ܕܡܒܕܪܘܬܐ܂
,,,ܘܛܒ,ܘܛܒ,,,ܘܛܒ,ܘܛܒ
,,,ܬܥܠܐܕܚܝܡܢܐܪܝܐ,ܬܥܠܐܕܚܝܡܢܐܪܝܐ,,,ܬܥܠܐܕܚܝܡܢܐܪܝܐ,ܬܥܠܐܕܚܝܡܢܐܪܝܐ
,,,ܕܡܝܬܕܡܝٌܬ܀٥٠܆ܒܪܝ܂,ܕܡܝܬ܆,,,ܕܡܝܬ܂܂,ܕܡܝܬ܂
,,,,ܒܪܝ,,,ܒܪܝ,ܒܪܝ
,,,ܟܒܘܫ,ܟܒܘܫ,,,ܟܒܘܫ,ܟܒܘܫ
,,,ܡܠܬܐ,ܡܠܬܐ,,,ܡܠܬܐ,ܡܠܬܐ
,,,ܒܠܒܟ܂,ܒܠܒܟ,,,ܒܠܒܟ,ܒܠܒܐ
,,,ܘܢܛܐܒ,ܘܢܛܐܒ,,,ܘܢܛܐܒ,ܘܢܛܐܒ
,,,ܠܟ܂,ܠܟ܆,,,ܠܟܡܛܠܐܝܢ,ܠܟ܂
,,,ܘܠܐܬܓܠܐ,ܡܛܠܕܐܢ,,,,ܡܛܠܕܐܢ
,,,ܐܪܙܐ,ܐܡܪܬ,,,ܐܡܪܬ,ܐܡܪܬ
,,,ܕܚܒܪܟ܂ܡܛܠܕܚܠܦܬ,ܡܠܬܟ܆,,,,ܡܠܬܟ
,,,ܡܠܬܐ܆,,,,,
,,,ܚܠܦܬ,,,,,ܚܠܦܬ
,,,ܚܒܪܟ܂,,,,,ܚܒܪܟ܂
,,,ܘܕܓܠܐܐܪܙܐ,ܒܪܝ,,,,ܒܪܝ
,,,ܣܟܠܐ,,,,,
,,,ܗَܘ܀٥١܆ܚܙܝ,,,,,
,,,ܠܐ,ܠܐ,,,,ܠܐ
,,,ܬܦܘܩ,ܬܦܘܩ,,,,ܐܦܩ܂
,,,ܡܠܬܐ,ܡܠܬܐ,,,ܡܠܬܐ,ܡܠܬܐ
,,,ܡܢ,ܡܢ,,,ܡܢ,ܡܢ
,,,ܦܘܡܟ܆,ܦܘܡܟ܆,,,ܦܘܡܟ,ܦܘܡܟ܂
,,,ܥܕܡܐ,ܥܕܡܐ,,,ܥܕܡܐ,ܥܕܡܐ
,,,ܕܬܬܡܠܟ,ܕܬܗܦܟܝܗ,,,ܕܬܗܦܟܝܗ,ܕܐܗܦܟܝܗ
,,,ܒܠܒܟ܂,ܒܠܒܟ܆,,,ܒܠܒܟ܂,ܒܠܒܟ܂
,,,ܡܛܠ,ܡܛܠ,,,ܡܛܠ,ܡܛܠ
,,,ܕܛܒ,ܕܛܒ,,,ܕܛܒܘ,ܕܛܒܘ
,,,ܠܓܒܪܐ,ܗَܘ,,,ܠܓܒܪܐ,
,,,,ܓܒܪܐ,,,,ܓܒܪܐ
,,,ܕܡܬܬܩܠ,ܕܡܬܬܩܠ,,,ܕܡܬܬܩܠ,ܕܡܬܬܩܠ
,,,ܒܪܓܠܗ܆,ܒܪܓܠܗ,,,ܕܪܓܠܗ,ܒܪܓܠܗ
,,,,,,,,
,,,ܡܢܡܢ,ܡܢܡܢ,,,ܡܢܡܢ,ܡܢܡܢ
,,,ܕܡܬܬܩܠ,ܕܡܬܬܩܠ,,,ܕܡܬܬ̱ܩܠܒܠܫܢܗ܂܂ܒܪܝܐܝܢ,ܕܡܬܬܩܠ
,,,ܒܠܫܢܗ܀,ܒܠܫܢܗ܆,,,,ܒܠܫܢܗ܂
,,,٥٢܆,,,,,
,,,ܒܪܝܐܢ,ܒܪܝܐܢ,,,,ܒܪܝܐܢ
,,,ܬܫܡܥܡܠܬܐܡܢ,ܬܫܡܥܡܠܬܐܡܢ,,,ܬܫܡܥܡܠܬܐܡܢ,ܬܫܡܥܡܠܬܐܡܢ
,,,ܐܢܫ܆ܛܫܝܗ,ܐَܢܫܐܐܥܠ,,,ܐ̄ܢܫ܆ܐܥܠܝܗ,ܐܢܫܐܬܥܠ
,,,,ܠܗ,,,,ܠܗ
,,,ܒܐܪܥܐ,ܒܐܪܢܐ,,,ܒܐܪܥܐ,ܒܐܪܥܐ
,,,ܕܠܐܬܬܓܠܐܡܛܠ,ܐܡܝܢ,,,ܐܡܝܢ,ܬܡ̈ܝܟ
,,,,ܐܪܒܥ,,,ܐܪܒܥ,ܐܪܒܥ
,,,ܕܟܡܐ,ܕܟܡܐ,,,ܘܐܟܡܐ,ܕܟܡܐ
,,,ܕܬܕܪܘܟ,ܕܬܕܪܘܟ,,,ܕܬܕܪܘܟ,ܕܐܕܪܘܟ
,,,ܥܠܝܗ,ܫܠܝܗܬܘܒܕܝܗ܆ܒܪܝ,,,ܥܠܝܗ,ܥܠܝܗ
,,,ܬܩܒܪܝܗ܂٥٣܆ܒܪܝ܂,,,,ܬܘܒܕܝܗ܂܂ܒܪܝ,ܐܘܒܕ܂ܝܗ܂ܒܪܝ
,,,ܒܝܢܬ,ܒܝܢܬ,,,ܒܝܢܬ,ܒܝܢܬ
,,,ܐܝܠܝܢ,ܐܝܠܝܢ,,,ܐܝܠܝܢ,ܐܝܠܝܢܕܢܨܝܢܠܐܬܩܘܡ܂ܡܛܠܕܡܢ
,,,ܕܢܨܝܢ,ܕܢܨܝܢ,,,ܕܥܨܝܢ,
,,,ܠܐ,ܠܐ,,,ܠܐ,
,,,ܬܩܘܡ܂,ܬܩܘܡ܆,,,ܬܩܘܡ܂,
,,,ܡܛܠ,ܡܛܠ,,,ܡܛܠ,
,,,ܕܡܢ,ܕܡܢ,,,ܡܢ,
,,,ܓܘܚܟܐܗܘܝܐ,,,,,
,,,,ܡܨܘܬܐ,,,ܡܨܘܬܐ,ܡܨܘܬܐ
,,,,,,,,
,,,ܡܨܘܬܐ܆,ܗܘܐ,,,ܗܘܐ,ܗܘܬ
,,,,ܕܝܢܐ܆,,,ܕܝܢܐ܂,ܕܝܢܐ܂
,,,ܘܡܢ,ܘܡܢ,,,ܘܕܝܢܐ,ܘܡܢ
,,,ܡܨܘܬܐܗܘܐ,ܕܝܢܐ,,,,ܕܝܢܐ
,,,ܬܟܬܘܫܐ܆,ܗܘܐ,,,ܗܘܐ,ܗܘܐ
,,,ܘܡܢ,ܡܘܬܐ܆,,,ܡܘܬܐ,ܡܘܬܐ܂
,,,unclear,ܒܪܝܐܢܚܙܝܬ,,,ܒܪܝܐܢܚܙܝܬ,ܒܪܝܐܢܚܙܝܬ
,,,ܬܟܬܘܫܐܗܘܐܩܛܠܐ܀,ܐَܢܫܐ,,,ܐ̄ܢܫ,ܐܢܫܐ
,,,٥٤܆ܠܐ,,,,,
,,,ܬܩܘܡܒܚܪܝܢܐܠܘܩܒܠܡܢܕܥܫܝܢܡܢܟ܂,,,,,
,,,ܘܐܥܒܪܡܠܬܐ܂,,,,,
,,,ܘܦܣܘܩ,,,,,
,,,ܒܝܫܬܐ܂,,,,,
,,,ܘܙܟܝܠܒܝܫܬܐ,,,,,
,,,ܒܛܒܬܐ܂ܘܩܢܝ,,,,,
,,,ܠܟܠܒܐ,,,,,
,,,ܡܟܝܟܐ,,,,,
,,,ܘܢܓܝܪܘܬܪܘܚܐ,,,,,
,,,ܘܡܣܝܒܪܢܘܬܐܘܨܒܝܢܐܛܒܐ܆,,,,,
,,,ܘܚܪܬܐܕܗܠܝܢ,,,,,
,,,ܚ̈ܝܐ,,,,,
,,,ܘܢܝܚܐ,,,,,
,,,ܢܗܘܘܢ,,,,,
,,,ܠܟ܀,,,,,
,,,٥٥܆ܒܪܝ܂,,,,,
,,,ܟܠܢܫ,,,,,
,,ܕܩܫܝܫ,ܕܩܫܝܫ,ܕܩܫܝܫ,,,ܕܩܫܝܫ,ܕܩܫܝܫ
,,ܡܢܟ,ܡܢܟ܆,ܡܢܟ,,,ܡܢܟ,ܡܢܟ܇
,,ܩܘܡܡܢ,ܝܩܪܝܘܗܝ܂ܘܩܘܡܡܢ,,,,,
,,ܩܕܡܘܗܝ,ܩܘܕܡܘܗܝ܂,ܩܕܡܘܗܝ,,,ܩܕܡܘܗܝ,ܩܕܡܘܗܝ
,,,,ܬܒ܆,,,ܬܒܘܐܠܗܘ,ܬܒ܂
,,,ܘܐܢܗܘ,ܘܐܢܗܘ,,,,ܘܐܢܗܘ
,,,ܠܐ,ܕܠܐ,,,ܕܠܐ,ܕܠܐ
,,,ܦܪܥ,ܦܪܥ,,,ܦܪܥ,ܦܪܥ
,,,ܠܟ܆,ܠܟ܆,,,ܠܟ܂,ܠܟ܂
,,,ܐܠܗܐܦܪܥ,,,,ܐܠܗܐܦܪܥ,
,,,ܠܟ܀,,,,ܠܟ܂܂,
,,,٥٦܆ܒܪܝ܂,ܒܪܝ,,,ܒܪܝ,ܒܪܝ
,,,ܛܪܠܫܢܟܡܢ,ܛܪܠܫܢܟܡܢ,,,ܛܪܠܫܢܟܡܢ,ܛܪܠܫܢܟܡܢ
,,,ܕܓܠܘܬܐ܆ܘܐܝܕܝ̈ܟܡܢܓܢܒܘܬܐ܆,ܕܓܠܘܬܐ,,,ܕܓܠܘܬܐ,ܕܓܠܘܬܐ
,,,,ܘܐܝܕܝ̈ܟ,,,ܘܐܝܕܝܟ̈,ܘܐܝܕ̈ܝܟ
,,,,ܡܢܓܢܒܘܬܐ,,,ܡܢܓܢܒܘܬܐ,ܡܢܓܢܒܘܬܐ
,,,ܘܬܬܩܪܐ,ܕܬܬܩܪܐ,,,ܕܬܬܩܪܚܟܝܡܐ܂܂,ܕܬܬܩܪܐ
,,,ܚܟܝܡܐ܂,ܚܟܝܡܐ܆,,,,ܚܟܝܡܐ܂
,,,٥٧܆ܒܪܝ܂ܒܡܟܘܪ̈ܝܝ,ܒܪܝܠܐܬܗܘܐܒܡܟܘܪܝܐ,,,ܒܪܝܠܐܬܗܘܐܒܡܟܘܪܝܐ,ܒܪܝܠܐܬܗܘܐܒܡܟܘܪܝܐ
,,,ܐܢܬܬܐܠܐ,ܕܐܢَܬܬܐ܆,,,ܕܐܢ̄ܬܬܐ,ܕܐܢ̄ܬܬܐ܂
,,,ܬܬܡܨܥ܂,ܐܢ,,,ܐܢ,ܐܢ
,,,ܡܛܠܕܐܢ,ܐܬܒܐܫܠܗܬܠܘܛܟ܆,,,ܐܬܐܒܫ,ܬܒܐܫ
,,,,,,,ܠܗܬܠܘܛܟ܂,ܠܗܬܠܘܛܟ܂
,,,,ܘܐܢ,,,ܘܐܢ,ܘܐܢ
,,,ܢܛܐܒ,ܢܛܐܒ,,,ܢܛܟܒܠܗܬܒܪܟܟ܂܂ܒܪܝ,ܢܛܐܒ
,,,ܠܗ܆,ܠܗ,,,,ܠܗ
,,,ܠܐ,ܠܐ,,,,ܠܐ
,,,ܬܬܕܟܪܟ܂,ܬܒܪܟܟ܆,,,,ܬܒܪܟܟ܂
,,,ܘܐܢ,,,,,
,,,,ܒܪܝܟܠ,,,,ܒܪܝܟܠ
,,,unclearܢܒܐܫ,ܕܗܕܝܪ,,,ܕܗܕܝܪ,ܕܗܕܝܪ
,,,ܠܗܬܠܘܛܟ܀,,,,,ܒܠܒܘܫܗ
,,,,,,,,
,,,܂܂܂܂܂٥٨܆ܒܪܝ܂ܕܫܒܩܒܝܬܡܪ̈ܘܗܝܩܕܡ̈ܝܐ,,,,,
,,,,,,,,
,,,,ܒܠܒܘܫܗ,,,ܒܠܒܘܫܗ,
,,,,ܗܕܝܪ,,,ܗܕܝܪ,ܗܕܝܪ
,,,,ܒܡܠܬܗ܆,,,,
,,,,,,,ܒܡܠܬܗ܂,ܒܡܠܬܗ܂
,,,,ܘܕܫܝܛܒܠܒܘܫܗ,,,ܘܕܫܝܛܒܠܒܘܫܗ,
,,,,,,,,
,,,,ܫܝܛ,,,ܫܝܛ,
,,,,ܐܦ,,,ܐܦ,
,,,,ܒܡܠܬܗ܆,,,ܒܡܠܬܗ܂܂ܒܪܝ,
,,,,ܒܪܝܐܢܬܫܟܚ,,,,ܒܪܝܐܢܬܫܟܚ
,,,,ܐَܢܫ,,,,ܐ̄ܢܫ
,,,,ܡܕܡܩܕܡܨܠܡܐܕܨܝܪܡܢܬܗ,,,,ܡܕܡܩܕܡܨܠܡܐܕܨܝܪܡܢܬܗ
,,,,ܗܒܠܗ܆,,,,ܗܒܠܗ܂
,,,,ܒܪܝ,,,,ܒܪܝ
,,,,ܬܬܠܠܟܐܝܕܐ,,,,ܬܬܠܠܟܐܝܕܐ
,,,,ܕܣܒܥܬ܆,,,,ܕܣܒܥܬ܂
,,,,ܘܠܐ,,,,ܘܠܐ
,,,,ܬܬܠܠܟܐܝܕܐ,,,ܬܬܠܠܟܐܝܕܐ,ܬܬܠܠܟܐܝܕܐ
,,,,ܕܣܒܥܬ,,,ܕܣܒܥܬ,ܕܟܦܢܬ܂
,,,,,,,ܗܘܬܘܟܦܢܬ܂,
,,,,ܘܠܐ,,,ܘܠܐ,
,,,,ܬܬܠܠܟ,,,ܬܬܠܗ,
,,,,ܐܝܕܐ,,,ܐܝܕܐ,
,,,,ܕܟܦܢܬ܆,,,ܕܟܦܢܬܗܘܬܘܗܫܐܣܒܥܬ܂܂ܒܪܝܟܠܒܐܕܫܒܩܡܪܘܗܝ,
,,,ܘܐܬܐ,ܒܪܝܟܠܒܐܕܫܒܩܡܪܗܘܐܬܐܒܬܪܟܒܟܐܦ̈ܐܪܓܘܡܝܗܝ܆,,,ܘܐܬܐ,ܒܪܝܟܠܒܐܕܫܒܩܡܪܗܘܐܬܐܒܬܪܟܒܟܐܦ̈ܐܪܓܘܡܝܗܝ܆
,,,ܒܬܪܟ܂,,,,ܒܬܪܟ,
,,,,,,,ܒܟܐܦܐܡܚܘܗܝ,
,,,ܒܟܠܟܐܦ̈ܐ,,,,,
,,,ܡܚܝܗܝ܆,,,,,
,,,ܡܛܠ,ܡܛܠ,,,ܡܛܠ,ܡܛܠ
,,,ܕܠܘܬܟܠܐ,ܕܠܘܬܟܠܐ,,,ܕܠܘܬܟܠܐ,ܕܠܘܬܟܠܐ
,,,ܥܡܪ܀,ܥܡܪ܆ܒܪܝ,,,ܥܡܪ܂܂,ܥܡܪ܂
,,,٥٩܆ܒܪܝ܂,,,,ܒܪܝܢܡܚܟܓܒܪܐ,ܒܪܝܢܡܚܟܓܒܪܐ
,,,ܢܡܚܝܟ,ܢܡܚܝܟ,,,ܚܟܝܡܐ,ܚܟܝܡܐ
ܓܒܪܐܚܟܝܡܐ,,,ܓܒܪܐܚܟܝܡܐ,ܓܒܪܐܚܟܝܡܐ,,,ܚܘܛܪܐܣܓܝܐܬܐ̈܂,
ܐܘܠܡܐܟܠܘܠܡܫܬܐܥܡܓܒܪܐܣܟܠܐ,,,ܚܘܛܪ̈ܐ,ܚܘܛܪ̈ܐ,,,,ܚܘܛܪ̈ܐ
,,,ܣܓܝ̈ܐܐ܆,ܣܓܝ̈ܐܬܐ܆,,,,ܣܓܝܐܬ̈ܐ܆
,,,ܘܠܐܢܡܫܚܟܣܟܠܐ,ܘܠܐܢܡܫܚܟܣܟܠܐ,,,ܘܠܐܢܡܫܚܟܣܟܠܐ,ܘܠܐܢܡܫܚܟܣܟܠܐ
,,,ܡܫܚܐ,ܡܫ̈ܚܢܐܒܣܝ̈ܡܐ܆,,,ܡܫܚܢ̈ܐܒܣܝܡܐ܂܂,ܡܫܚ̈ܢܐܒܣܝܡ̈ܐ܂ܒܪܝܥܡܚܟܝܡ̈ܐܠܐܬܣܪܘܚ܂ܘܥܡܣܪܘܚܐܠܐܬܬܚܟܡ܂
,,,ܒܣܝܡܐ܀,ܒܪܝܥܡ,,,ܒܪܝܥܡ,
,,,ܡ̈ܠܝܟܘܘܪܐܕܐܡܪܚܝܩܪܚܟܝܡܐܠܢܕܢ,ܚܟ̈ܝܡܐܠܐܬܣܪܘܚ܆ܘܥܡ,,,ܚܟܝܡܐܠܐܬܣܪܘܚ܂ܥܡ,
,,,,ܣܪ̈ܘܚܐܠܐ,,,ܣܪ̈ܘܚܐܠܐ,
,,,,ܬܬܚܟܡ܆,,,ܬܬܚܟܡ܂܂ܒܪܝܐܝܬܡܣܢ̈ܐ܂܂܂ܒܪ̈ܓܠܝܟܕܪܕܪܐܕܘܫ܂ܘܠܒܒܠܟܐܘܪܚܐܠܒܢܝܟ̈܂܂ܒܪܝ,
,,,ܒܪ,ܒܪܝܥܡܕܠܐ,,,ܒܪ,ܒܪܝܥܡܕܠܐ
,,,ܚܬܗ,,,,ܥܬܝܪ̈ܐܐܟܠܚܘܝܐܘܐܡܪܝܢܠܐܣܝܘܬܐܐܟܠܘܒܪܡܣܟܝܢ̈ܐܬܘܒܐܟܠܠܗܘܐܡܪܝܢܠܟܦܢܗܐܟܠܠܗ܂܂ܒܪܝܐܟܘܠܡܢܬܟܘܥܡܚܒܪܟܠܐܬܣܒܪ܂܂ܒܪܝܥܡ,
,,,,ܒܗܬ,,,ܒܗܬ,ܒܗܬ
,,,,,,,,ܡܢ
,,,,ܠܚܡܐܠܐ,,,ܠܚܡܐܠܐ,ܠܚܡܐܠܐ
,,,,ܬܐܟܘܠ܆,,,ܬܐܟܘܠ܂܂܂܂ܒܪܝܒܛܒܬܗܕܚܒܪܟܠܐܬܩܦܨ܂ܘܒܒܝܫܬܗܠܐܬܚܕܗ܂܂,ܬܐܟܘܠ܂
,,,,ܒܪܝܠܐܬܪܚܩܡܢܪܚܡܟ,,,ܒܪܝܠܐܬܪܚܩܡܢܪܚܡܟ,ܒܪܝܠܐܬܪܚܩܡܢܪܚܡܟ
,,,,ܩܕܡܝܐ܆,,,ܩܕܡܝܐ,ܩܕܡܝܐ܂
,,,,ܕܠܡܐ,,,ܕܠܡܐ,ܕܠܡܐ
,,,,ܐَܚܪܢܐ,,,ܐܚܪܢܐ,ܐܚܪܢܐ
,,,,ܠܐ,,,ܠܐ,ܠܐ
,,,,ܢܩܘܡ,,,ܐ̄ܢܩܘܡܒܕܘܟܬܗ܂܂ܒܪܝܠܓܢܬܗܕܕܝܢܢ̈ܠܐܬܚܘܬܘܠܒܪܬܐܕܕܝܢ݁ܐ,ܢܩܘܡ
,,,,ܒܕܘܟܬܗ܆,,,,ܒܕܘܟܬܗ܂
,,,,,,,ܠܐܬܡܟܘܪ܂,
,,,,ܒܪܝܠܓܢܬܐܕܕܝܢܐܠܐܬܚܘܬ܆ܘܠܒܪܬ,,,,ܒܪܝܠܓܢܬܐܕܕܝܢܐܠܐܬܚܘܬ܆ܘܠܒܪܬ
,,,,ܪܝܫ̈ܐܠܐܬܡܟܘܪ܆,,,,ܕܝܢܐ
,,,,,,,,ܠܐܬܡܟܘܪ܂
,,,,ܒܪܝܣܥܘܪܪܚܡܟ,,,ܒܪܝܣܥܘܪܪܚܡܟ,ܒܪܝܣܥܘܪܪܚܡܟ
,,,,ܒܡܠ̈ܐ,,,ܒܡ̈ܠܐ,ܒܡ̈ܠܐ
,,,,ܛܒ̈ܬܐ,,,ܛܒܬ̈ܐ,ܛܒ̈ܬܐ
,,,,ܩܕܡܫܠܝܛܐ,,,ܩܕܡܫܠܝܛܐ,ܩܕܡܫܠܝܛܐ
,,,,ܘܐܡܪܠܡܥܕܝܘܬܗܡܢܦܘܡܗ,,,ܘܐܡܪܠܡܥܕܝܘܬܗܡܢܦܘܡܗ,ܘܐܡܪܠܡܥܕܝܘܬܗܡܢܦܘܡܗ
,,,,ܕܐܪܝܐ܆,,,ܕܐܪܝܐ܂܂,ܕܐܪܝܐ܂
,,,,ܒܪܝܠܐܬܚܕܐܠܗ,,,ܒܪܝܠܐܬܚܕܐܠܗ,ܒܪܝܠܐܬܚܕܐܠܗ
,,,,ܠܒܥܠܕܒܒܟ܆,,,ܠܒܥܠܕܒܒܟ,ܠܒܥܠܕܒܒܟ
,,,ܟܕ,ܟܕ,,,ܟܕ,ܟܕ
,,,ܡܢܒܬܪܛܠܘܡܝܗ,ܢܡܘܬ܆,,,ܢܡܘܬ܂܂,
,,,ܟܕ,ܒܪܝ,,,ܒܪܝ,ܟܕ
,,,ܐܫܬܠܡܒܐܝܕ̈ܘܗܝ٦ܟܕܗܦܟܚܝܩܪܠܘܬܦܪܥܘܢܢܦܩܣܢܚܪܝܒܠܐܘܪܥܗ܂܂܂ܘܫܐܠܗܡܕܡܕܨܒܐ܂܂܂ܐܡܪܦܩܘܕܕܝܗܒܝܢܠܝܠܢܕܢܒܪܝ܂܂,,,,,ܢܡܘܬ܂ܒܪܝ
,,,,ܐܢܢܩܘܡ,,,ܐܢܢܩܘܡ,ܐܢܢܩܘܡ
,,,,ܐَܢܫ,,,ܐܢܫ,ܐܢܫ
,,,,ܕܠܐܕܘܟܬܐܘܢܦܪܚ,,,ܕܠܐܕܘܟܬܐ܂ܢܦܪܚܕܠܐ,ܕܠܐܕܘܟܬܐܘܢܦܪܚ
,,,,ܨܦܪܐܕܠܐ,,,ܨܦܪܐܕܠܐ,ܨܦܪܐܕܠܐ
,,,,ܓܦ̈ܐ,,,ܓܦܐܘܥܕܚܘܪ,ܓܦ̈ܐ܂
,,,,ܘܢܚܘܪ,,,,ܘܢܚܘܪ
,,,,ܘܢܥܒܐ,,,ܢܥܒܐ,ܢܥܒܐ
,,,,ܐܝܟ,,,,ܐܝܟ
,,,,ܬܠܓܐ܆,,,ܬܠܓܐ܂,ܬܠܓܐ܂
,,,,ܘܢܚܠܐ,,,ܘܢܚܠܐ,ܘܢܚܠܐ
,,,,ܡܪܝܪܐ,,,ܡܪܝܪܐ,ܡܪܝܪܐ
,,,,ܐܝܟ,,,ܐܝܟ,ܐܝܟ
,,,,ܕܒܫܐ܆,,,ܕܒܫܐ,ܕܒܫܐ
,,,ܗܝܕܝܢ,ܗܝܕܝܢ,,,ܗܝܕܝܢ,ܗܝܕܝܢ
,,,ܕܒܪܗܠܒܝܬܗܘܐܣܪܗܒܟܠܒܬܐܕܦܪܙܠܐ܂ܘܐܥܠܐܝܕ̈ܘܗܝܒܙܩܙܩ̈ܬܐ܂ܘܩܘܠܪܐܐܪܝܡܒܨܘܪܗܘܥܠܟܬܦܬܗܡܚܝܗܝ܂܂ܘܣܡܗܒܦܪܘܣܬܕܐܕܬܪܥܐܕܕܪܬܐ܂܂܂܂ܘܦܩܕܠܛܠܝܗܕܢܟܬܘܒܒܦܢܩܝܬܐܟܠܡܕܡܕܐܡܪܠܗܠܢܕܢ܂,ܢܬܚܟܡ,,,ܢܬܚܟܡ,ܢܬܚܟܡ
,,,,ܣܟܠܐ܆,,,ܣܟܠܐ܂܂,ܣܟܠܐ܂
,,,,ܒܪܝܐܢܟܘܡܪܐ,,,ܒܪܝܐܢܟܘܡܪܐ,ܒܪܝܐܢܟܘܡܪܐ
,,,,ܐܢَܬܕܐܠܗܐ܆,,,ܐܢܬܕܐܠܗܐ,ܐܢ̄ܬܕܐܠܗܐ܂
,,,,ܗܘܝܬܙܗܝܪ,,,ܗܘܝܬܙܗܝܪ,ܗܘܝܬܙܗܝܪ
,,,,ܡܢܗ܆,,,ܡܢܗܛܒ܂,ܡܢܗ܂
,,,,ܘܒܕܟܝܘܬܐ,,,ܘܒܕܟܝܘܬܐ,ܘܒܕܟܝܘܬܐ
,,,,ܗܘܝܬ,,,ܗܘܝܬ,ܗܘܝܬ
,,,,ܥܐܠ,,,ܥܐܠ,ܥܐܠ
,,,,ܩܕܡܘܗܝ܆,,,ܩܕܡܗܝ܂܂,ܩܕܡܘܗܝ܂
,,,,ܒܪܝܓܒܪܐܕܐܠܗܐܐܛܐܒ,,,ܒܪܝܓܒܪܐܕܐܠܗܐܐܛܐܒ,ܒܪܝܓܒܪܐܕܐܠܗܐܐܛܐܒ
,,,,ܠܗ܆,,,ܠܗ,ܠܗ܂ܐܦ
,,,,ܕܐܦ,,,ܕܐܦ,
,,,,ܐܢَܬ,,,ܐܢ̄ܬ,ܐܢ̄ܬ
,,,,ܝܩܝܪܐ,,,ܝܩܝܪ܂܂܂ܬܗܘܐ܂܂,ܝܩܝܪܐ
,,,,ܬܗܘܐ܆,,,,ܬܗܘܐ܂
,,,,ܒܪܝ,,,ܒܪܝ,ܒܪܝ
,,,,ܠܐ,,,ܠܐ,ܠܐ
,,,,ܬܟܘܢܥܡܐَܢܫܒܝܘܡܗ܆,,,ܬܕܘܢܥܡ,ܬܕܘܢܥܡ
,,,,,,,ܐ̄ܢܫ,ܐܢܫ
,,,,,,,ܒܝܘܡܗ,ܒܝܘܡܗ
,,,,ܘܠܐܬܩܘܡ,,,ܘܠܐܬܩܘܡ,ܘܠܐܬܩܘܡ
,,,,ܩܕܡ,,,ܠܘܩܒܠ,ܠܘܩܒܠ
,,,,ܢܗܪܐ,,,ܥܗܪ̈ܐܒܡܐܬܝܬܗ܂܂ܒܪܝܥܝܢܗ,ܢܗܪܐ
,,,,ܒܡܐܬܝܬܗ܆ܒܪܝܥܝ̈ܢܐ,,,,ܒܡܐܬܝܬܗ܂ܒܪܝܥܝܢ̈ܐ
,,,,ܕܒܪܢܫܐܐܝܟܡܒܘܥܐ,,,ܕܒܪܢܫܐܐܝܟܡܒܘܥܐ,ܕܒܪܢܫܐܐܝܟܡܒܘܥܐ
,,,,ܐܢܝܢܘܠܐܣܒ̈ܥܢ,,,ܗ̄ܝܕܠܐ,ܐܢ̈ܝܢܘܠܐܣܒܥܟ
,,,,,,,ܣܒܥܐ,
,,,,,,,,
,,,,ܥܕܡܐ,,,ܥܕܡܐ,ܥܕܡܐ
,,,,ܕܡܬܡܠܝܢ,,,ܕܡܬܡܠܝܐ,ܕܡܬܡܠܝܢ
,,,,ܥܦܪܐ܆,,,ܥܦܪܐ܂܂,ܥܦܪܐ܂
,,,,ܒܪܝܨܝܕ,,,ܒܪܝܨܝܕ,ܒܪܝܨܝܕ
,,,,ܐܝܠܝܢܕܢܨܝܢܠܐܬܩܘܡܡܛܠܕܡܢܓܘܚܟܐ,,,ܐܝܠܝܢܕܢܨܬܢܠܐܬܩܘܡ܂܂ܒܪܝܡܛܠܕܡܢܓܘܢܚܐ,ܐܝܠܝܢܕܢܨܝܢܠܐܬܩܘܡ܂ܡܛܠܕܡܢܓܘܚܟܐܗܘܝܐ
,,,,ܗܘܝܐ,,,ܗܘܝܐ,
,,,,ܡܠܬܐ,,,ܡܠܬܐ,ܡܠܬܐ
,,,,ܕܡܨܘܬܐ܆,,,ܕܡܨܘܬܐ,ܕܡܨܘܬܐ܂
,,,,ܘܡܢܡܨܘܬܐܗܘܐܬܟܬܘܫܐܘܡܢܬܟܬܘܫܐܗܘܐ,,,ܘܡܢܡܨܘܬܐܗܘܐܬܟܬܘܫܐܘܡܢܬܟܬܘܫܐܗܘܐ,ܘܡܢܡܨܘܬܐܗܘܐܬܟܬܘܫܐܘܡܢܬܟܬܘܫܐܗܘܐ
,,,,ܩܛܠܐ܆,,,ܩܛܠܐ܂܂,ܩܛܠܐ܀
